race_id,venue,distance,track_type,condition,straight_length,day_bias,horse_num,horse_name,waku,sex,age,jockey,trainer,running_style,weight_carry,horse_weight,weight_diff,prev_rank,rest_weeks,popularity,odds,finish_rank,time_sec,agari_3f,corner_pos,race_date,race_class,class_level
1025,福島,1200,芝,良,短い,フラット,3,アンムート,3,牝,2,坂井,栗東 奥村豊,逃げ,55.0,426,0,0,0,1,1.9,1,69.3,34.7,1.0,0,0,0.0
1025,福島,1200,芝,良,短い,フラット,6,エーアイクワイ,6,牡,2,石川,美浦 相沢,先行,55.0,478,0,0,0,2,4.0,2,70.1,35.3,4.0,0,0,0.0
1025,福島,1200,芝,良,短い,フラット,9,ショウナンハーヴェ,7,牡,2,ゴンサ,美浦 中舘,逃げ,55.0,434,0,0,0,3,4.8,3,70.1,35.2,2.0,0,0,0.0
1025,福島,1200,芝,良,短い,フラット,7,シャインフォード,6,牡,2,武藤,美浦 武藤,差し,55.0,442,0,0,0,5,19.3,4,70.4,35.4,6.0,0,0,0.0
1025,福島,1200,芝,良,短い,フラット,5,スウィット,5,牡,2,木幡巧,美浦 牧,先行,55.0,458,0,0,0,6,20.1,5,70.4,35.7,2.0,0,0,0.0
1025,福島,1200,芝,良,短い,フラット,11,セイウントレジャ,8,牡,2,野中,美浦 杉浦,差し,55.0,452,0,0,0,10,130.3,6,70.5,35.0,6.0,0,0,0.0
1025,福島,1200,芝,良,短い,フラット,4,アイデアルカット,4,牡,2,嶋田,美浦 手塚徳,先行,55.0,432,0,0,0,7,37.6,7,70.7,35.8,4.0,0,0,0.0
1025,福島,1200,芝,良,短い,フラット,10,モーモーゼロ,8,牡,2,石田,美浦 石栗,追い込み,52.0,458,0,0,0,9,102.5,8,70.8,34.7,10.0,0,0,0.0
1025,福島,1200,芝,良,短い,フラット,8,ブラックナザレ,7,牡,2,小崎,美浦 佐藤吉,追い込み,55.0,470,0,0,0,8,73.6,9,70.9,34.9,9.0,0,0,0.0
1025,福島,1200,芝,良,短い,フラット,1,エバーメテオ,1,牡,2,津村,美浦 和田郎,差し,55.0,440,0,0,0,4,7.9,10,72.2,37.3,6.0,0,0,0.0
1025,福島,1200,芝,良,短い,フラット,2,エニシングゴース,2,牡,2,石橋脩,美浦 和田雄,追い込み,55.0,476,0,0,0,11,179.2,11,82.2,45.1,11.0,0,0,0.0
1026,福島,1150,ダート,稍重,短い,フラット,2,エランヴィータ,2,牡,2,三浦,美浦 柄崎,逃げ,55.0,502,0,0,0,2,4.6,1,69.0,36.5,2.0,0,0,0.0
1026,福島,1150,ダート,稍重,短い,フラット,9,ムーンベリル,8,牝,2,坂井,栗東 西村,逃げ,55.0,466,0,0,0,1,1.5,2,69.3,37.1,1.0,0,0,0.0
1026,福島,1150,ダート,稍重,短い,フラット,5,エコロメジャー,5,牡,2,戸崎圭,栗東 牧浦,差し,55.0,460,0,0,0,3,6.6,3,70.4,37.8,6.0,0,0,0.0
1026,福島,1150,ダート,稍重,短い,フラット,10,マリノエスプレッソ,8,牝,2,横山典,美浦 村田,先行,55.0,426,0,0,0,8,62.0,4,70.8,38.5,5.0,0,0,0.0
1026,福島,1150,ダート,稍重,短い,フラット,7,セイウンガジュマル,7,牡,2,木幡巧,美浦 牧,先行,55.0,540,0,0,0,4,11.3,5,71.3,39.0,2.0,0,0,0.0
1026,福島,1150,ダート,稍重,短い,フラット,8,ソラティオ,7,牝,2,柴田大,美浦 粕谷,先行,55.0,414,0,0,0,9,84.9,6,71.3,39.0,2.0,0,0,0.0
1026,福島,1150,ダート,稍重,短い,フラット,4,パレスラン,4,牡,2,石川,美浦 手塚久,差し,55.0,452,0,0,0,5,21.4,7,71.7,39.0,6.0,0,0,0.0
1026,福島,1150,ダート,稍重,短い,フラット,3,ラヴァブルロマン,3,牝,2,菊沢,美浦 伊藤圭,追い込み,55.0,444,0,0,0,6,30.7,8,71.8,38.8,9.0,0,0,0.0
1026,福島,1150,ダート,稍重,短い,フラット,1,レオライジング,1,牝,2,原,美浦 杉浦,追い込み,55.0,468,0,0,0,7,50.7,9,72.0,39.2,8.0,0,0,0.0
1026,福島,1150,ダート,稍重,短い,フラット,6,オルッス,6,牡,2,嶋田,美浦 伊坂,追い込み,55.0,432,0,0,0,10,147.5,10,73.9,39.9,10.0,0,0,0.0
1029,福島,1200,芝,良,短い,フラット,8,ジーティーマイカ,5,牝,2,松山,栗東 前川,逃げ,55.0,446,0,0,0,1,2.3,1,68.4,33.6,3.0,0,0,0.0
1029,福島,1200,芝,良,短い,フラット,9,サリードゥ,6,牝,2,津村,美浦 鈴木伸,逃げ,55.0,446,0,0,0,2,3.3,2,69.5,34.9,2.0,0,0,0.0
1029,福島,1200,芝,良,短い,フラット,7,スペシャルサンクス,5,牝,2,嶋田,美浦 矢嶋,逃げ,55.0,404,0,0,0,9,44.6,3,70.3,35.8,1.0,0,0,0.0
1029,福島,1200,芝,良,短い,フラット,4,ドナビッグベン,3,牝,2,荻野極,美浦 秋本,先行,55.0,456,0,0,0,6,16.9,4,70.4,35.2,6.0,0,0,0.0
1029,福島,1200,芝,良,短い,フラット,14,ヤマニンアルセド,8,牝,2,横山武,栗東 長谷川,差し,55.0,414,0,0,0,8,30.3,5,70.4,34.8,8.0,0,0,0.0
1029,福島,1200,芝,良,短い,フラット,6,プリンセスロッティ,4,牝,2,戸崎圭,美浦 伊藤圭,先行,55.0,438,0,0,0,3,5.8,6,70.5,35.6,4.0,0,0,0.0
1029,福島,1200,芝,良,短い,フラット,13,ウインリスノアール,8,牝,2,石神道,美浦 和田郎,差し,52.0,450,0,0,0,7,26.4,7,70.6,35.0,8.0,0,0,0.0
1029,福島,1200,芝,良,短い,フラット,1,マーズワース,1,牝,2,佐藤,美浦 小手川,追い込み,52.0,426,0,0,0,5,13.9,8,70.6,33.8,13.0,0,0,0.0
1029,福島,1200,芝,良,短い,フラット,3,ノヴェルアレイア,3,牝,2,石橋脩,美浦 矢野,先行,55.0,430,0,0,0,14,120.7,9,70.7,35.5,7.0,0,0,0.0
1029,福島,1200,芝,良,短い,フラット,11,マリノシークレット,7,牝,2,上里,美浦 武市,差し,52.0,406,0,0,0,13,114.3,10,70.8,34.8,10.0,0,0,0.0
1029,福島,1200,芝,良,短い,フラット,5,ピリナカピリナ,4,牝,2,武藤,美浦 水野,追い込み,55.0,442,0,0,0,4,12.4,11,71.2,34.9,11.0,0,0,0.0
1029,福島,1200,芝,良,短い,フラット,10,リケアチャチャチャ,6,牝,2,石田,美浦 上原博,先行,52.0,422,0,0,0,11,79.2,12,71.3,36.5,4.0,0,0,0.0
1029,福島,1200,芝,良,短い,フラット,2,ティアラスピリット,2,牝,2,菊沢,美浦 上原博,追い込み,55.0,466,0,0,0,10,52.6,13,71.4,35.1,13.0,0,0,0.0
1029,福島,1200,芝,良,短い,フラット,12,ミッドナイトドア,7,牝,2,柴田大,美浦 伊藤大,追い込み,55.0,438,0,0,0,12,111.8,14,71.5,35.4,12.0,0,0,0.0
1030,福島,1800,芝,良,短い,フラット,13,ウインワーグナー,8,牡,2,菊沢,美浦 武市,逃げ,55.0,458,0,0,0,4,8.0,1,108.8,35.8,3.0,0,0,0.0
1030,福島,1800,芝,良,短い,フラット,4,ビップヴィーナス,3,牝,2,丸山,美浦 田島,先行,55.0,450,0,0,0,5,16.7,2,108.8,35.6,5.0,0,0,0.0
1030,福島,1800,芝,良,短い,フラット,3,ラッキースパークル,3,牡,2,戸崎圭,栗東 松永幹,先行,55.0,484,0,0,0,2,3.2,3,109.1,35.9,5.0,0,0,0.0
1030,福島,1800,芝,良,短い,フラット,8,レッジェランツァ,5,牡,2,津村,美浦 田中博,先行,55.0,504,0,0,0,1,2.4,4,109.1,36.1,3.0,0,0,0.0
1030,福島,1800,芝,良,短い,フラット,1,ウィナーズチェック,1,牝,2,ゴンサ,美浦 和田勇,差し,55.0,384,0,0,0,9,58.7,5,109.2,35.1,9.0,0,0,0.0
1030,福島,1800,芝,良,短い,フラット,14,カペラテソーロ,8,牡,2,木幡巧,美浦 牧,逃げ,55.0,482,0,0,0,8,56.9,6,109.6,36.9,2.0,0,0,0.0
1030,福島,1800,芝,良,短い,フラット,7,センターアイランド,5,牡,2,横山武,美浦 嘉藤,先行,55.0,496,0,0,0,3,5.0,7,109.8,36.1,7.0,0,0,0.0
1030,福島,1800,芝,良,短い,フラット,6,プリメラエストレラ,4,牡,2,三浦,栗東 橋田,追い込み,55.0,512,0,0,0,11,95.7,8,110.1,35.9,13.0,0,0,0.0
1030,福島,1800,芝,良,短い,フラット,11,トリプティーク,7,牝,2,柴田大,美浦 和田雄,差し,55.0,438,0,0,0,14,241.4,9,110.2,36.3,9.0,0,0,0.0
1030,福島,1800,芝,良,短い,フラット,9,マーゴットパラディ,6,牡,2,荻野極,美浦 伊坂,逃げ,55.0,516,0,0,0,6,21.6,10,110.3,37.7,1.0,0,0,0.0
1030,福島,1800,芝,良,短い,フラット,2,マルガリート,2,牝,2,江田照,美浦 佐藤吉,差し,55.0,456,0,0,0,13,131.4,11,110.4,36.5,8.0,0,0,0.0
1030,福島,1800,芝,良,短い,フラット,5,アルアンダルス,4,牝,2,Ｍデム,美浦 小野,追い込み,55.0,466,0,0,0,10,70.4,12,110.5,36.1,13.0,0,0,0.0
1030,福島,1800,芝,良,短い,フラット,12,アルデアーク,7,牡,2,横山典,美浦 村田,追い込み,55.0,502,0,0,0,7,53.6,13,110.8,36.9,9.0,0,0,0.0
1030,福島,1800,芝,良,短い,フラット,10,モンドドゥアムール,6,牝,2,松山,栗東 高橋康,追い込み,55.0,414,0,0,0,12,97.1,14,113.7,40.6,9.0,0,0,0.0
1031,小倉,1200,芝,良,短い,フラット,1,ワールドエンジェル,1,牝,2,川田,栗東 橋田,逃げ,55.0,432,0,0,0,2,3.6,1,69.5,35.4,1.0,0,0,0.0
1031,小倉,1200,芝,良,短い,フラット,7,エルダークローネ,7,牡,2,田山,栗東 西村,先行,53.0,460,0,0,0,3,4.8,2,69.9,35.3,3.0,0,0,0.0
1031,小倉,1200,芝,良,短い,フラット,9,キムケンシーサー,8,牡,2,今村,栗東 前川,先行,53.0,396,0,0,0,4,22.8,3,70.1,35.1,4.0,0,0,0.0
1031,小倉,1200,芝,良,短い,フラット,10,インディジャズ,8,牝,2,西村淳,栗東 高野,逃げ,55.0,450,0,0,0,1,1.6,4,71.2,37.0,2.0,0,0,0.0
1031,小倉,1200,芝,良,短い,フラット,6,スマートポーション,6,牝,2,吉村,栗東 加藤公,差し,55.0,468,0,0,0,9,97.0,5,71.3,36.3,7.0,0,0,0.0
1031,小倉,1200,芝,良,短い,フラット,8,クイーンズアイ,7,牝,2,太宰,栗東 昆,先行,55.0,448,0,0,0,8,67.7,6,71.4,36.7,5.0,0,0,0.0
1031,小倉,1200,芝,良,短い,フラット,5,ヒルノアラゴン,5,牡,2,秋山稔,栗東 北出,差し,55.0,414,0,0,0,7,40.2,7,71.4,36.7,5.0,0,0,0.0
1031,小倉,1200,芝,良,短い,フラット,4,シャインロード,4,牡,2,松若,栗東 井上,追い込み,55.0,478,0,0,0,5,30.4,8,72.4,37.2,8.0,0,0,0.0
1031,小倉,1200,芝,良,短い,フラット,2,メイショウペルル,2,牡,2,角田和,栗東 千田,追い込み,55.0,446,0,0,0,10,128.5,9,72.6,37.6,9.0,0,0,0.0
1031,小倉,1200,芝,良,短い,フラット,3,スマートエスコート,3,牝,2,西塚,栗東 笹田,追い込み,55.0,436,0,0,0,6,34.2,10,72.6,37.5,9.0,0,0,0.0
1032,小倉,1200,芝,良,短い,フラット,1,トシミチ,1,牡,2,幸,栗東 谷,逃げ,55.0,470,0,0,0,1,2.3,1,71.5,35.9,1.0,0,0,0.0
1032,小倉,1200,芝,良,短い,フラット,4,ユイノジカンカセギ,4,牡,2,長岡,美浦 竹内,先行,55.0,424,0,0,0,4,11.4,2,71.7,35.5,3.0,0,0,0.0
1032,小倉,1200,芝,良,短い,フラット,2,グレートキリシマ,2,牡,2,松若,栗東 牧田,先行,55.0,480,0,0,0,6,19.5,3,72.1,36.1,3.0,0,0,0.0
1032,小倉,1200,芝,良,短い,フラット,6,カシノヴィタ,6,牝,2,森田,美浦 和田雄,差し,52.0,386,0,0,0,10,167.9,4,72.4,35.8,6.0,0,0,0.0
1032,小倉,1200,芝,良,短い,フラット,10,ニシノマティーニ,8,牡,2,今村,美浦 小手川,差し,53.0,414,0,0,0,3,7.2,5,72.5,35.7,6.0,0,0,0.0
1032,小倉,1200,芝,良,短い,フラット,3,スイトーヨ,3,牝,2,川田,栗東 角田,逃げ,55.0,440,0,0,0,2,2.5,6,72.6,36.9,2.0,0,0,0.0
1032,小倉,1200,芝,良,短い,フラット,11,カシノカゲマル,8,セ,2,秋山稔,美浦 蛯名利,追い込み,55.0,450,0,0,0,11,191.0,7,72.7,35.6,8.0,0,0,0.0
1032,小倉,1200,芝,良,短い,フラット,8,ユイパルティ,7,牝,2,永島,栗東 平田,先行,53.0,490,0,0,0,5,14.4,8,73.6,37.6,5.0,0,0,0.0
1032,小倉,1200,芝,良,短い,フラット,9,プッシュザリミット,7,牡,2,吉村,栗東 柴田,追い込み,55.0,456,0,0,0,7,39.5,9,73.8,36.1,9.0,0,0,0.0
1032,小倉,1200,芝,良,短い,フラット,7,カゴシマ,6,セ,2,酒井,美浦 松山,追い込み,55.0,436,0,0,0,8,45.1,11,76.6,38.7,11.0,0,0,0.0
1033,函館,1200,芝,良,短い,フラット,2,シグレ,2,牝,2,武豊,栗東 武英,逃げ,55.0,440,0,0,0,1,1.3,1,69.3,34.6,1.0,0,0,0.0
1033,函館,1200,芝,良,短い,フラット,1,ショパンコンクール,1,牡,2,丹内,美浦 岩戸,先行,55.0,430,0,0,0,2,4.0,2,70.3,34.6,3.0,0,0,0.0
1033,函館,1200,芝,良,短い,フラット,3,ウメヒナタ,3,牝,2,佐々木,栗東 橋田,先行,55.0,470,0,0,0,4,12.0,3,70.7,35.6,2.0,0,0,0.0
1033,函館,1200,芝,良,短い,フラット,5,アズライトティアラ,5,牝,2,小沢,栗東 浜田,差し,55.0,404,0,0,0,6,50.7,4,70.9,34.6,4.0,0,0,0.0
1033,函館,1200,芝,良,短い,フラット,6,ルミナスジェム,6,牝,2,小林美,栗東 中村,追い込み,52.0,428,0,0,0,5,28.3,5,72.2,35.0,5.0,0,0,0.0
1033,函館,1200,芝,良,短い,フラット,4,ソウカイファミリア,4,牡,2,横山和,美浦 鈴木慎,追い込み,55.0,498,0,0,0,3,9.7,6,72.4,35.8,5.0,0,0,0.0
1034,福島,1800,芝,良,短い,フラット,1,スタースポット,1,牡,2,坂井,美浦 林,逃げ,55.0,500,0,0,0,2,4.1,1,109.0,35.5,2.0,0,0,0.0
1034,福島,1800,芝,良,短い,フラット,10,グルドロッティン,6,牡,2,津村,美浦 矢嶋,逃げ,55.0,470,0,0,0,3,6.7,2,109.2,35.7,2.0,0,0,0.0
1034,福島,1800,芝,良,短い,フラット,7,フェリスセンダ,5,牝,2,北村宏,美浦 本間,差し,55.0,416,0,0,0,10,89.5,3,109.4,35.2,8.0,0,0,0.0
1034,福島,1800,芝,良,短い,フラット,9,ブックオブケルズ,6,牡,2,北村友,栗東 高野,先行,55.0,512,0,0,0,1,2.5,4,109.6,35.9,5.0,0,0,0.0
1034,福島,1800,芝,良,短い,フラット,5,コルサロ,4,牡,2,杉原,栗東 中竹,差し,55.0,438,0,0,0,8,55.3,5,109.8,35.8,8.0,0,0,0.0
1034,福島,1800,芝,良,短い,フラット,6,ハンデンブレイズ,4,牡,2,小崎,美浦 伊藤大,差し,55.0,470,0,0,0,11,103.5,6,109.9,35.9,8.0,0,0,0.0
1034,福島,1800,芝,良,短い,フラット,2,コスモバルムンク,2,牡,2,三浦,美浦 小手川,先行,55.0,436,0,0,0,6,12.7,7,109.9,36.1,5.0,0,0,0.0
1034,福島,1800,芝,良,短い,フラット,14,ロードムーブオン,8,牡,2,戸崎圭,栗東 佐藤悠,先行,55.0,506,0,0,0,4,7.4,8,110.7,37.3,2.0,0,0,0.0
1034,福島,1800,芝,良,短い,フラット,13,ノーブルグランツ,8,牡,2,荻野極,美浦 久保田,逃げ,55.0,482,0,0,0,7,13.6,9,110.8,37.6,1.0,0,0,0.0
1034,福島,1800,芝,良,短い,フラット,12,レディレックス,7,牝,2,菊沢,美浦 秋本,追い込み,55.0,496,0,0,0,12,146.5,10,110.9,36.7,12.0,0,0,0.0
1034,福島,1800,芝,良,短い,フラット,8,リベラリズモ,5,牝,2,石神道,美浦 室井,追い込み,52.0,408,0,0,0,9,57.3,11,111.0,36.4,11.0,0,0,0.0
1034,福島,1800,芝,良,短い,フラット,3,サノノファイター,3,牡,2,丸山,美浦 栗田,先行,55.0,478,0,0,0,5,8.8,12,111.1,37.3,5.0,0,0,0.0
1034,福島,1800,芝,良,短い,フラット,11,グラスクラージュ,7,牡,2,木幡巧,美浦 牧,追い込み,55.0,482,0,0,0,13,160.2,13,112.8,38.4,12.0,0,0,0.0
1034,福島,1800,芝,良,短い,フラット,4,マジックファイト,3,牡,2,柴田大,美浦 和田雄,追い込み,55.0,486,0,0,0,14,228.6,14,118.8,42.8,14.0,0,0,0.0
1035,福島,1700,ダート,重,短い,フラット,4,コンテミュール,3,牝,2,横山典,美浦 村田,逃げ,55.0,458,0,0,0,4,7.6,1,106.5,39.1,1.0,0,0,0.0
1035,福島,1700,ダート,重,短い,フラット,10,クロダテ,6,牡,2,津村,美浦 田中博,逃げ,55.0,498,0,0,0,1,2.0,2,106.6,39.1,2.0,0,0,0.0
1035,福島,1700,ダート,重,短い,フラット,11,ユイノリュウギ,6,牡,2,木幡初,美浦 竹内,差し,55.0,450,0,0,0,7,28.4,3,106.9,37.7,9.0,0,0,0.0
1035,福島,1700,ダート,重,短い,フラット,15,オーケーエース,8,牡,2,木幡巧,美浦 相沢,逃げ,55.0,456,0,0,0,3,6.6,4,107.3,39.7,3.0,0,0,0.0
1035,福島,1700,ダート,重,短い,フラット,6,メジャーシンガー,4,牡,2,菊沢,美浦 伊藤大,先行,55.0,492,0,0,0,2,5.1,5,107.7,39.7,4.0,0,0,0.0
1035,福島,1700,ダート,重,短い,フラット,8,ポッドレーヴ,5,牡,2,石田,美浦 平岩,先行,52.0,442,0,0,0,10,62.0,6,107.8,39.1,6.0,0,0,0.0
1035,福島,1700,ダート,重,短い,フラット,7,ベルグラース,4,牝,2,杉原,美浦 浅利,先行,55.0,478,0,0,0,6,20.0,7,108.0,39.8,5.0,0,0,0.0
1035,福島,1700,ダート,重,短い,フラット,13,ファルコシニョーラ,7,牝,2,武藤,美浦 高橋文,差し,55.0,472,0,0,0,5,10.3,8,108.0,39.3,8.0,0,0,0.0
1035,福島,1700,ダート,重,短い,フラット,12,ダブルブロッサム,7,牝,2,柴田大,美浦 菊川,差し,55.0,484,0,0,0,12,103.2,9,108.8,39.6,10.0,0,0,0.0
1035,福島,1700,ダート,重,短い,フラット,1,キタノバトゥーキ,1,牝,2,江田照,美浦 萱野,差し,55.0,438,0,0,0,13,110.6,10,109.8,40.2,11.0,0,0,0.0
1035,福島,1700,ダート,重,短い,フラット,9,モーモーワン,5,牡,2,小崎,美浦 萱野,先行,55.0,444,0,0,0,14,120.3,11,110.6,42.5,6.0,0,0,0.0
1035,福島,1700,ダート,重,短い,フラット,3,メイクアマーク,2,牡,2,三浦,美浦 武井,追い込み,55.0,488,0,0,0,8,34.2,12,111.4,40.0,15.0,0,0,0.0
1035,福島,1700,ダート,重,短い,フラット,14,スードランダム,8,牝,2,荻野極,美浦 伊坂,追い込み,55.0,458,0,0,0,9,39.1,13,112.0,42.0,13.0,0,0,0.0
1035,福島,1700,ダート,重,短い,フラット,5,ヤマタケゲンジ,3,牡,2,小林脩,美浦 萱野,追い込み,55.0,486,0,0,0,15,261.2,14,112.3,42.2,12.0,0,0,0.0
1035,福島,1700,ダート,重,短い,フラット,2,ミュークゼウス,2,牡,2,野中,美浦 稲垣,追い込み,55.0,504,0,0,0,11,78.2,15,112.9,43.2,13.0,0,0,0.0
1036,小倉,1200,芝,重,短い,フラット,3,ブルーチップ,3,牡,2,高杉,栗東 岡田,逃げ,55.0,512,0,0,0,5,13.3,1,69.8,35.7,2.0,0,0,0.0
1036,小倉,1200,芝,重,短い,フラット,2,プリンキピッサ,2,牝,2,西村淳,栗東 高野,逃げ,55.0,448,0,0,0,4,8.8,2,70.1,36.0,1.0,0,0,0.0
1036,小倉,1200,芝,重,短い,フラット,6,シャローフォレスト,5,牝,2,コレッ,栗東 安田,差し,55.0,500,0,0,0,6,20.2,3,70.1,35.0,8.0,0,0,0.0
1036,小倉,1200,芝,重,短い,フラット,1,ココモフィーバー,1,牝,2,田山,栗東 池添,先行,53.0,414,0,0,0,3,8.5,4,70.4,35.9,4.0,0,0,0.0
1036,小倉,1200,芝,重,短い,フラット,11,マルモリマイベスト,7,牡,2,泉谷,栗東 緒方,先行,55.0,418,0,0,0,11,137.1,5,70.6,36.1,4.0,0,0,0.0
1036,小倉,1200,芝,重,短い,フラット,7,ナミオトノヒビキ,5,牝,2,団野,栗東 渡辺,差し,55.0,406,0,0,0,9,50.9,6,70.6,35.7,8.0,0,0,0.0
1036,小倉,1200,芝,重,短い,フラット,4,ワイドアイリー,4,牝,2,幸,栗東 藤野,先行,55.0,434,0,0,0,10,57.6,7,70.8,36.4,4.0,0,0,0.0
1036,小倉,1200,芝,重,短い,フラット,12,ルマンサルト,8,牡,2,田口,栗東 吉田,追い込み,55.0,434,0,0,0,2,8.2,8,71.0,36.3,8.0,0,0,0.0
1036,小倉,1200,芝,重,短い,フラット,10,ディーエスシン,7,牡,2,松山,栗東 橋口,差し,55.0,450,0,0,0,1,1.4,9,71.4,37.0,4.0,0,0,0.0
1036,小倉,1200,芝,重,短い,フラット,9,テーオージャスミン,6,牝,2,吉村,栗東 藤野,逃げ,55.0,430,0,0,0,8,47.0,10,71.7,37.4,3.0,0,0,0.0
1036,小倉,1200,芝,重,短い,フラット,13,ゴールドショーマン,8,牡,2,松若,栗東 高橋一,追い込み,55.0,404,0,0,0,7,33.1,11,73.4,38.8,11.0,0,0,0.0
1036,小倉,1200,芝,重,短い,フラット,5,チョウチャンピオン,4,牡,2,長岡,栗東 羽月,追い込み,55.0,380,0,0,0,13,281.3,12,74.1,37.4,13.0,0,0,0.0
1036,小倉,1200,芝,重,短い,フラット,8,カシノスワッグ,6,牡,2,永島,美浦 天間,追い込み,53.0,462,0,0,0,12,180.2,13,74.8,39.6,12.0,0,0,0.0
1037,函館,1000,ダート,良,短い,フラット,3,ダマスク,3,牡,2,丹内,美浦 伊藤圭,先行,55.0,438,0,0,0,1,1.5,1,61.4,36.5,2.0,0,0,0.0
1037,函館,1000,ダート,良,短い,フラット,2,リアルクウカイ,2,牡,2,原田和,美浦 萱野,逃げ,55.0,438,0,0,0,5,33.7,2,61.8,37.1,1.0,0,0,0.0
1037,函館,1000,ダート,良,短い,フラット,5,ヴァイタリズム,5,牝,2,横山武,栗東 緒方,差し,55.0,434,0,0,0,2,3.8,3,62.5,37.2,3.0,0,0,0.0
1037,函館,1000,ダート,良,短い,フラット,1,リキサンステラ,1,牝,2,小沢,栗東 緒方,追い込み,55.0,436,0,0,0,3,4.6,4,62.5,37.4,4.0,0,0,0.0
1037,函館,1000,ダート,良,短い,フラット,4,ロゼハイスクール,4,牝,2,古川奈,栗東 小崎,追い込み,53.0,408,0,0,0,4,10.2,5,63.4,37.8,4.0,0,0,0.0
1038,福島,2000,芝,良,短い,フラット,5,エスクアドラ,3,牡,2,坂井,美浦 鹿戸,先行,55.0,516,0,0,0,2,3.3,1,123.2,35.9,8.0,0,0,0.0
1038,福島,2000,芝,良,短い,フラット,12,プリンキパトゥス,6,牡,2,丸山,美浦 中舘,逃げ,55.0,464,0,0,0,10,49.6,2,123.3,36.2,2.0,0,0,0.0
1038,福島,2000,芝,良,短い,フラット,14,ビートル,7,牡,2,荻野極,栗東 小栗,逃げ,55.0,518,0,0,0,6,24.4,3,123.4,36.5,2.0,0,0,0.0
1038,福島,2000,芝,良,短い,フラット,1,ノシェリー,1,牡,2,原,美浦 鈴木慎,差し,55.0,470,0,0,0,7,24.8,4,123.6,36.3,8.0,0,0,0.0
1038,福島,2000,芝,良,短い,フラット,10,タイセイソアリング,5,牡,2,菊沢,美浦 池上,先行,55.0,494,0,0,0,12,68.6,5,123.6,36.3,5.0,0,0,0.0
1038,福島,2000,芝,良,短い,フラット,6,ミッドナイトフレア,3,牡,2,北村友,栗東 池添,先行,55.0,502,0,0,0,3,6.0,6,123.6,36.5,5.0,0,0,0.0
1038,福島,2000,芝,良,短い,フラット,8,フレンデル,4,牡,2,杉原,美浦 金成,追い込み,55.0,446,0,0,0,5,18.9,7,123.8,35.9,13.0,0,0,0.0
1038,福島,2000,芝,良,短い,フラット,2,ランドジャイアンツ,1,牡,2,大野,美浦 本間,先行,55.0,498,0,0,0,11,56.5,8,123.8,36.7,5.0,0,0,0.0
1038,福島,2000,芝,良,短い,フラット,16,ドナズエクリプス,8,牡,2,小崎,栗東 清水久,差し,55.0,454,0,0,0,8,33.1,9,123.8,36.3,10.0,0,0,0.0
1038,福島,2000,芝,良,短い,フラット,13,ファウナード,7,牡,2,石橋脩,美浦 上原佑,追い込み,55.0,448,0,0,0,9,37.1,10,124.0,36.2,13.0,0,0,0.0
1038,福島,2000,芝,良,短い,フラット,7,ゴールドテソーロ,4,牡,2,戸崎圭,美浦 高木,逃げ,55.0,480,0,0,0,1,2.6,11,124.1,37.1,2.0,0,0,0.0
1038,福島,2000,芝,良,短い,フラット,3,ブライトシーン,2,牡,2,木幡巧,美浦 松尾,差し,55.0,408,0,0,0,14,125.2,12,124.1,36.5,10.0,0,0,0.0
1038,福島,2000,芝,良,短い,フラット,11,リアライズグロリア,6,牡,2,津村,美浦 斎藤誠,差し,55.0,468,0,0,0,4,7.5,13,124.3,36.7,10.0,0,0,0.0
1038,福島,2000,芝,良,短い,フラット,4,ミリオ,2,牡,2,三浦,美浦 田中勝,追い込み,55.0,468,0,0,0,13,86.6,14,124.5,36.4,15.0,0,0,0.0
1038,福島,2000,芝,良,短い,フラット,15,ブロンクス,8,牡,2,石神道,美浦 武井,逃げ,52.0,476,0,0,0,16,251.9,15,125.1,38.3,1.0,0,0,0.0
1038,福島,2000,芝,良,短い,フラット,9,ラプユフラット,5,牡,2,嶋田,美浦 室井,追い込み,55.0,492,0,0,0,15,226.9,99,,,16.0,0,0,0.0
1039,福島,1200,芝,良,短い,フラット,10,ピクニックマーチ,7,牝,2,木幡初,美浦 竹内,逃げ,55.0,440,0,0,0,6,8.9,1,70.2,35.9,3.0,0,0,0.0
1039,福島,1200,芝,良,短い,フラット,8,シュネーバレン,6,牝,2,木幡巧,美浦 牧,先行,55.0,424,0,0,0,2,4.3,2,70.2,36.2,3.0,0,0,0.0
1039,福島,1200,芝,良,短い,フラット,9,エストレアボニータ,6,牝,2,石神道,美浦 武井,逃げ,52.0,432,0,0,0,7,9.5,3,70.4,36.8,2.0,0,0,0.0
1039,福島,1200,芝,良,短い,フラット,13,タガノカハンカ,8,牝,2,三浦,栗東 西園翔,先行,55.0,446,0,0,0,5,7.9,4,70.5,36.6,3.0,0,0,0.0
1039,福島,1200,芝,良,短い,フラット,1,スターバーナー,1,牝,2,津村,栗東 武幸,差し,55.0,458,0,0,0,1,3.9,5,70.5,34.1,9.0,0,0,0.0
1039,福島,1200,芝,良,短い,フラット,4,ダンシングアワー,4,牝,2,小林脩,美浦 室井,差し,55.0,418,0,0,0,13,190.4,6,70.6,35.0,8.0,0,0,0.0
1039,福島,1200,芝,良,短い,フラット,12,イヴナンバーフォー,8,牝,2,菊沢,美浦 武市,先行,55.0,428,0,0,0,3,5.2,7,70.7,36.4,6.0,0,0,0.0
1039,福島,1200,芝,良,短い,フラット,7,ジンクピリチオン,5,牡,2,原,美浦 奥平,逃げ,55.0,480,0,0,0,8,32.3,8,71.3,37.9,1.0,0,0,0.0
1039,福島,1200,芝,良,短い,フラット,5,エーオープリマ,4,牝,2,戸崎圭,美浦 久保田,差し,55.0,436,0,0,0,4,6.3,9,71.3,36.2,7.0,0,0,0.0
1039,福島,1200,芝,良,短い,フラット,3,エレスレイプニル,3,牡,2,木幡育,美浦 杉浦,追い込み,55.0,430,0,0,0,11,117.0,10,71.9,35.9,9.0,0,0,0.0
1039,福島,1200,芝,良,短い,フラット,6,エレガントステップ,5,牝,2,柴田大,美浦 粕谷,追い込み,55.0,434,0,0,0,9,63.5,11,72.1,35.8,11.0,0,0,0.0
1039,福島,1200,芝,良,短い,フラット,2,ヴェットビルズ,2,牝,2,野中,美浦 的場,追い込み,55.0,458,0,0,0,12,167.6,12,73.7,36.5,12.0,0,0,0.0
1039,福島,1200,芝,良,短い,フラット,11,ゴーゼンチュー,7,牝,2,丸山,美浦 和田雄,追い込み,55.0,412,0,0,0,10,116.3,13,74.5,37.1,13.0,0,0,0.0
1040,小倉,1800,芝,重,短い,フラット,1,ポルトブルー,1,牡,2,西村淳,栗東 浜田,逃げ,55.0,482,0,0,0,6,14.1,1,112.0,36.4,1.0,0,0,0.0
1040,小倉,1800,芝,重,短い,フラット,11,アーデルボーデン,8,牡,2,高杉,栗東 中竹,差し,55.0,472,0,0,0,7,18.4,2,112.6,36.3,7.0,0,0,0.0
1040,小倉,1800,芝,重,短い,フラット,8,シャローチャンプ,6,牡,2,団野,栗東 安田,逃げ,55.0,518,0,0,0,4,8.8,3,112.6,36.5,2.0,0,0,0.0
1040,小倉,1800,芝,重,短い,フラット,2,ヤマニンイハナ,2,牝,2,菱田,栗東 中村,先行,55.0,448,0,0,0,12,150.9,4,112.6,36.7,6.0,0,0,0.0
1040,小倉,1800,芝,重,短い,フラット,3,アシャカブラーヴ,3,牡,2,幸,栗東 大根田,逃げ,55.0,490,0,0,0,11,134.5,5,112.7,36.4,2.0,0,0,0.0
1040,小倉,1800,芝,重,短い,フラット,7,オーラムミーティア,6,牡,2,Ｍデム,栗東 吉村,追い込み,55.0,404,0,0,0,9,41.5,6,113.0,36.5,10.0,0,0,0.0
1040,小倉,1800,芝,重,短い,フラット,12,ウィモウェ,8,牡,2,西塚,栗東 吉田,追い込み,55.0,444,0,0,0,10,43.3,7,113.0,36.5,10.0,0,0,0.0
1040,小倉,1800,芝,重,短い,フラット,9,ジャンゴッド,7,牡,2,川田,栗東 杉山晴,先行,55.0,476,0,0,0,1,1.7,8,113.0,37.1,2.0,0,0,0.0
1040,小倉,1800,芝,重,短い,フラット,10,ヴェールダムール,7,牝,2,松山,栗東 矢作,先行,55.0,494,0,0,0,3,7.9,9,113.1,37.3,2.0,0,0,0.0
1040,小倉,1800,芝,重,短い,フラット,5,ゴルディアス,5,牡,2,松若,栗東 小崎,差し,55.0,442,0,0,0,5,12.2,10,113.7,37.5,7.0,0,0,0.0
1040,小倉,1800,芝,重,短い,フラット,4,ロードフェルム,4,牡,2,田山,栗東 長谷川,追い込み,53.0,462,0,0,0,8,25.2,11,114.0,37.4,12.0,0,0,0.0
1040,小倉,1800,芝,重,短い,フラット,6,タイセイルミナス,5,牝,2,吉村,栗東 小栗,差し,55.0,480,0,0,0,2,7.5,12,115.0,38.9,7.0,0,0,0.0
1041,小倉,1700,ダート,不良,短い,フラット,1,タケルレジェンド,1,牡,2,川田,栗東 高柳大,逃げ,55.0,474,0,0,0,1,2.7,1,105.1,37.2,1.0,0,0,0.0
1041,小倉,1700,ダート,不良,短い,フラット,7,ファラオクィーン,6,牝,2,高杉,栗東 牧浦,先行,55.0,460,0,0,0,3,4.8,2,105.4,37.1,3.0,0,0,0.0
1041,小倉,1700,ダート,不良,短い,フラット,9,ジョウショーツヨシ,7,牡,2,田山,栗東 新谷,先行,53.0,456,0,0,0,2,2.9,3,105.5,37.1,4.0,0,0,0.0
1041,小倉,1700,ダート,不良,短い,フラット,2,ヴェルヴィエ,2,牡,2,松若,栗東 小椋,逃げ,55.0,450,0,0,0,6,19.2,4,105.6,37.6,2.0,0,0,0.0
1041,小倉,1700,ダート,不良,短い,フラット,6,ボビーザグレート,6,牡,2,松山,栗東 柴田,差し,55.0,474,0,0,0,5,17.6,5,106.9,38.5,7.0,0,0,0.0
1041,小倉,1700,ダート,不良,短い,フラット,3,エボニーウイング,3,牡,2,西村淳,栗東 井上,差し,55.0,506,0,0,0,4,8.2,6,108.3,39.9,6.0,0,0,0.0
1041,小倉,1700,ダート,不良,短い,フラット,11,シュライアハフト,8,牡,2,吉村,栗東 小栗,先行,55.0,482,0,0,0,9,63.8,7,108.5,40.3,4.0,0,0,0.0
1041,小倉,1700,ダート,不良,短い,フラット,5,ファータカエリ,5,牝,2,柴田裕,栗東 秋山,差し,53.0,456,0,0,0,8,40.3,8,109.4,40.6,8.0,0,0,0.0
1041,小倉,1700,ダート,不良,短い,フラット,10,トリオノチカラ,8,牡,2,亀田,栗東 北出,追い込み,55.0,482,0,0,0,7,22.4,9,110.0,40.8,11.0,0,0,0.0
1041,小倉,1700,ダート,不良,短い,フラット,4,アテンド,4,牝,2,長岡,栗東 中村,追い込み,55.0,476,0,0,0,11,81.5,10,110.1,41.2,9.0,0,0,0.0
1041,小倉,1700,ダート,不良,短い,フラット,8,アイルエクラ,7,牡,2,コレッ,栗東 新谷,追い込み,55.0,448,0,0,0,10,65.8,11,110.4,41.4,9.0,0,0,0.0
1042,函館,1800,芝,良,短い,フラット,1,ショウナンガレオン,1,牡,2,鮫島駿,美浦 加藤士,先行,55.0,486,0,0,0,1,1.3,1,107.6,34.5,2.0,0,0,0.0
1042,函館,1800,芝,良,短い,フラット,2,ダノンキューブ,2,牝,2,武豊,栗東 橋口,逃げ,55.0,438,0,0,0,2,6.0,2,108.0,35.3,1.0,0,0,0.0
1042,函館,1800,芝,良,短い,フラット,3,スーパーユタカ,3,牡,2,横山武,美浦 武井,差し,55.0,488,0,0,0,3,6.1,3,108.7,35.5,3.0,0,0,0.0
1042,函館,1800,芝,良,短い,フラット,5,アートオブブライト,5,牡,2,丹内,美浦 水野,追い込み,55.0,458,0,0,0,4,9.7,4,109.2,35.7,5.0,0,0,0.0
1042,函館,1800,芝,良,短い,フラット,4,サトノパラディ,4,牝,2,小林美,栗東 平田,追い込み,52.0,438,0,0,0,5,13.0,5,109.6,36.3,3.0,0,0,0.0
1043,福島,1200,芝,良,短い,フラット,1,ニシノイサリビ,1,牡,2,戸崎圭,美浦 斎藤誠,逃げ,55.0,484,0,0,0,1,1.5,1,70.8,35.5,1.0,0,0,0.0
1043,福島,1200,芝,良,短い,フラット,10,セイリュウ,8,牡,2,木幡巧,美浦 高木,逃げ,55.0,458,0,0,0,2,5.2,2,70.9,35.5,2.0,0,0,0.0
1043,福島,1200,芝,良,短い,フラット,4,リーディンアクター,4,牡,2,西村太,美浦 堀内,先行,55.0,402,0,0,0,5,14.3,3,71.0,35.1,3.0,0,0,0.0
1043,福島,1200,芝,良,短い,フラット,5,ディスペアーホープ,5,牡,2,菊沢,美浦 小手川,先行,55.0,414,0,0,0,3,12.1,4,71.1,35.5,3.0,0,0,0.0
1043,福島,1200,芝,良,短い,フラット,6,トムキャット,6,牝,2,松岡,美浦 伊藤伸,差し,55.0,436,0,0,0,10,72.1,5,71.4,35.6,7.0,0,0,0.0
1043,福島,1200,芝,良,短い,フラット,9,ソースウィート,7,牝,2,小林脩,美浦 久保田,追い込み,55.0,394,0,0,0,7,18.3,6,71.6,35.3,9.0,0,0,0.0
1043,福島,1200,芝,良,短い,フラット,8,センカンナガト,7,牡,2,石神道,美浦 和田雄,追い込み,52.0,398,0,0,0,11,125.4,7,71.6,35.2,11.0,0,0,0.0
1043,福島,1200,芝,良,短い,フラット,11,アドバンスアゲイン,8,牝,2,武藤,美浦 武藤,先行,55.0,428,0,0,0,6,16.2,8,71.6,36.0,3.0,0,0,0.0
1043,福島,1200,芝,良,短い,フラット,7,パルセノスミハ,6,牝,2,石橋脩,美浦 菊川,差し,55.0,424,0,0,0,9,63.4,9,71.8,36.1,6.0,0,0,0.0
1043,福島,1200,芝,良,短い,フラット,2,スリーフラワー,2,牝,2,佐藤,美浦 伊藤圭,追い込み,52.0,426,0,0,0,4,12.1,10,71.9,35.4,10.0,0,0,0.0
1043,福島,1200,芝,良,短い,フラット,3,アップルザビート,3,牡,2,石川,美浦 本間,差し,55.0,432,0,0,0,8,53.4,11,72.0,35.8,7.0,0,0,0.0
1044,小倉,1800,芝,良,短い,フラット,1,フランソワーズ,1,牝,2,松山,栗東 前川,逃げ,55.0,446,0,0,0,1,2.0,1,109.5,36.4,1.0,0,0,0.0
1044,小倉,1800,芝,良,短い,フラット,5,イテルム,5,牝,2,コレッ,栗東 田中克,先行,55.0,448,0,0,0,9,38.3,2,109.8,36.4,4.0,0,0,0.0
1044,小倉,1800,芝,良,短い,フラット,9,アイオリスパルス,7,牝,2,吉村,栗東 長谷川,逃げ,55.0,452,0,0,0,11,61.2,3,109.9,36.5,2.0,0,0,0.0
1044,小倉,1800,芝,良,短い,フラット,10,クラリスバローズ,7,牝,2,団野,栗東 渡辺,先行,55.0,454,0,0,0,3,6.8,4,110.1,36.8,4.0,0,0,0.0
1044,小倉,1800,芝,良,短い,フラット,12,フラッシングルビー,8,牝,2,高杉,栗東 辻野,先行,55.0,468,0,0,0,5,15.9,5,110.2,36.7,4.0,0,0,0.0
1044,小倉,1800,芝,良,短い,フラット,2,ジーティーマローネ,2,牝,2,松若,栗東 井上,逃げ,55.0,458,0,0,0,12,84.2,6,110.4,37.3,2.0,0,0,0.0
1044,小倉,1800,芝,良,短い,フラット,6,ハルカカナタ,5,牝,2,幸,栗東 秋山,差し,55.0,500,0,0,0,10,44.0,7,110.5,36.5,9.0,0,0,0.0
1044,小倉,1800,芝,良,短い,フラット,11,ココフルール,8,牝,2,角田和,栗東 東田,差し,55.0,452,0,0,0,4,11.8,8,110.6,37.0,7.0,0,0,0.0
1044,小倉,1800,芝,良,短い,フラット,3,ヴォルテックス,3,牝,2,西村淳,栗東 奥村豊,追い込み,55.0,460,0,0,0,2,4.2,9,110.6,37.0,9.0,0,0,0.0
1044,小倉,1800,芝,良,短い,フラット,8,ダヌラーサナ,6,牝,2,田山,栗東 新谷,追い込み,53.0,470,0,0,0,7,19.7,10,110.7,37.0,9.0,0,0,0.0
1044,小倉,1800,芝,良,短い,フラット,7,ルクスグレイス,6,牝,2,Ｍデム,栗東 平田,追い込み,55.0,470,0,0,0,6,16.8,11,111.4,37.7,12.0,0,0,0.0
1044,小倉,1800,芝,良,短い,フラット,4,ティエルニート,4,牝,2,酒井,栗東 高橋康,差し,55.0,432,0,0,0,8,25.5,12,111.5,37.9,7.0,0,0,0.0
1045,函館,1200,芝,稍重,短い,フラット,8,フレイコン,7,牡,2,横山武,美浦 伊藤圭,逃げ,55.0,490,0,0,0,1,1.3,1,69.3,34.6,1.0,0,0,0.0
1045,函館,1200,芝,稍重,短い,フラット,11,ライフイズアート,8,牝,2,岩田康,美浦 青木,逃げ,55.0,418,0,0,0,2,5.2,2,70.6,35.6,2.0,0,0,0.0
1045,函館,1200,芝,稍重,短い,フラット,6,サノノベリー,6,牝,2,舟山,美浦 天間,先行,54.0,428,0,0,0,9,40.7,3,70.7,35.4,3.0,0,0,0.0
1045,函館,1200,芝,稍重,短い,フラット,3,リーゼントエース,3,牡,2,池添,栗東 矢作,先行,55.0,448,0,0,0,3,10.8,4,71.1,35.5,5.0,0,0,0.0
1045,函館,1200,芝,稍重,短い,フラット,2,ジーティーマドンナ,2,牝,2,北村友,美浦 千葉,差し,55.0,418,0,0,0,6,24.4,5,71.2,34.9,7.0,0,0,0.0
1045,函館,1200,芝,稍重,短い,フラット,4,シガレス,4,牝,2,和田陽,栗東 武幸,差し,52.0,448,0,0,0,10,170.0,6,71.3,35.4,7.0,0,0,0.0
1045,函館,1200,芝,稍重,短い,フラット,9,シンゼンノト,7,牡,2,吉田隼,栗東 荒川,差し,55.0,480,0,0,0,7,24.9,7,71.3,35.8,5.0,0,0,0.0
1045,函館,1200,芝,稍重,短い,フラット,5,イリスロッソ,5,牝,2,古川奈,美浦 伊坂,先行,53.0,434,0,0,0,5,24.1,8,71.4,36.1,3.0,0,0,0.0
1045,函館,1200,芝,稍重,短い,フラット,1,レゾルートハート,1,牡,2,佐々木,栗東 畑端,追い込み,55.0,478,0,0,0,8,37.1,9,71.9,36.0,9.0,0,0,0.0
1045,函館,1200,芝,稍重,短い,フラット,7,アークレイリ,6,牡,2,丹内,美浦 尾形,追い込み,55.0,462,0,0,0,4,19.4,10,72.1,35.4,10.0,0,0,0.0
1045,函館,1200,芝,稍重,短い,フラット,10,レジェンドヴァーサ,8,牡,2,横山琉,美浦 相沢,追い込み,55.0,460,0,0,0,11,187.2,11,72.3,35.6,10.0,0,0,0.0
1046,福島,1200,芝,稍重,短い,フラット,6,ラヴィサンエール,6,牝,2,石神道,美浦 小手川,逃げ,52.0,432,0,0,0,3,4.6,1,72.0,35.2,2.0,0,0,0.0
1046,福島,1200,芝,稍重,短い,フラット,8,サンヴァンガード,7,牡,2,石田,美浦 新開,差し,52.0,438,0,0,0,4,4.7,2,72.3,34.9,6.0,0,0,0.0
1046,福島,1200,芝,稍重,短い,フラット,5,ワレモコウ,5,牝,2,三浦,美浦 小笠,先行,55.0,446,0,0,0,1,3.3,3,72.4,35.1,5.0,0,0,0.0
1046,福島,1200,芝,稍重,短い,フラット,2,エコロテラ,2,牡,2,菊沢,美浦 菊沢,追い込み,55.0,446,0,0,0,2,3.7,4,72.7,35.0,8.0,0,0,0.0
1046,福島,1200,芝,稍重,短い,フラット,4,ヴェールネージュ,4,牝,2,上里,美浦 伊坂,追い込み,52.0,412,0,0,0,9,25.6,5,72.8,35.2,8.0,0,0,0.0
1046,福島,1200,芝,稍重,短い,フラット,9,ハルガスミ,8,牝,2,松岡,美浦 堀内,先行,55.0,416,0,0,0,6,17.5,6,73.1,36.2,4.0,0,0,0.0
1046,福島,1200,芝,稍重,短い,フラット,1,ジェントルアイズ,1,牝,2,佐藤,美浦 矢野,差し,52.0,422,0,0,0,7,18.3,7,73.2,35.6,6.0,0,0,0.0
1046,福島,1200,芝,稍重,短い,フラット,10,トム,8,牡,2,杉原,美浦 石栗,逃げ,55.0,484,0,0,0,5,17.0,8,73.4,36.8,1.0,0,0,0.0
1046,福島,1200,芝,稍重,短い,フラット,7,サクセスボーイ,7,牡,2,石川,美浦 相沢,先行,55.0,446,0,0,0,8,24.9,9,74.5,37.8,3.0,0,0,0.0
1046,福島,1200,芝,稍重,短い,フラット,3,ウカテンセイ,3,牝,2,小崎,美浦 佐藤吉,追い込み,55.0,458,0,0,0,10,120.4,10,74.8,36.9,10.0,0,0,0.0
1047,福島,1800,芝,稍重,短い,フラット,12,リサナウト,6,牝,2,坂井,美浦 黒岩,逃げ,55.0,426,0,0,0,1,2.1,1,109.9,35.0,1.0,0,0,0.0
1047,福島,1800,芝,稍重,短い,フラット,4,ウィクフォード,2,牡,2,西村淳,栗東 高野,逃げ,55.0,458,0,0,0,2,5.2,2,110.4,35.4,3.0,0,0,0.0
1047,福島,1800,芝,稍重,短い,フラット,14,エクスマキナ,7,牝,2,石川,美浦 手塚徳,逃げ,55.0,410,0,0,0,8,39.8,3,111.1,35.9,4.0,0,0,0.0
1047,福島,1800,芝,稍重,短い,フラット,8,ソラニワラエバ,4,牡,2,今村,美浦 武井,先行,53.0,458,0,0,0,4,7.4,4,111.5,36.0,8.0,0,0,0.0
1047,福島,1800,芝,稍重,短い,フラット,16,エイシンウルクンデ,8,牡,2,三浦,美浦 勢司,逃げ,55.0,532,0,0,0,11,100.4,5,111.9,37.0,2.0,0,0,0.0
1047,福島,1800,芝,稍重,短い,フラット,11,シーズアウルフ,6,牝,2,戸崎圭,美浦 栗田,先行,55.0,452,0,0,0,3,5.3,6,111.9,36.7,5.0,0,0,0.0
1047,福島,1800,芝,稍重,短い,フラット,2,イキフン,1,牡,2,菊沢,美浦 平岩,差し,55.0,474,0,0,0,13,131.1,7,111.9,36.2,10.0,0,0,0.0
1047,福島,1800,芝,稍重,短い,フラット,7,セレスタイト,4,牡,2,嶋田,美浦 岩戸,先行,55.0,448,0,0,0,5,11.7,8,112.1,36.8,5.0,0,0,0.0
1047,福島,1800,芝,稍重,短い,フラット,1,ブルーリボン,1,牝,2,武藤,美浦 尾形,差し,55.0,440,0,0,0,12,108.2,9,112.3,36.9,10.0,0,0,0.0
1047,福島,1800,芝,稍重,短い,フラット,6,ワンコール,3,牝,2,石橋脩,美浦 牧,先行,55.0,452,0,0,0,7,28.0,10,112.3,37.0,5.0,0,0,0.0
1047,福島,1800,芝,稍重,短い,フラット,9,ドーンレーサー,5,牡,2,Ｍデム,栗東 中村,差し,55.0,452,0,0,0,9,43.0,11,112.3,36.7,8.0,0,0,0.0
1047,福島,1800,芝,稍重,短い,フラット,5,ローグアン,3,牡,2,荻野極,美浦 浅利,追い込み,55.0,470,0,0,0,10,46.1,12,113.9,38.0,13.0,0,0,0.0
1047,福島,1800,芝,稍重,短い,フラット,15,インザダーク,8,牝,2,松岡,美浦 伊藤伸,追い込み,55.0,444,0,0,0,16,237.7,13,113.9,37.8,13.0,0,0,0.0
1047,福島,1800,芝,稍重,短い,フラット,3,タクミオジュウ,2,牡,2,池添,美浦 小島,追い込み,55.0,440,0,0,0,6,24.7,14,114.6,38.3,16.0,0,0,0.0
1047,福島,1800,芝,稍重,短い,フラット,10,クラウントリオンフ,5,牡,2,上里,美浦 本間,追い込み,52.0,426,0,0,0,15,236.2,15,116.3,40.0,15.0,0,0,0.0
1047,福島,1800,芝,稍重,短い,フラット,13,ハクタカ,7,牡,2,柴田大,美浦 和田雄,差し,55.0,450,0,0,0,14,188.5,16,116.4,40.8,12.0,0,0,0.0
1048,小倉,2000,芝,良,短い,フラット,7,エルドボルグ,7,牡,2,団野,栗東 斉藤崇,先行,55.0,486,0,0,0,1,1.5,1,122.7,35.2,4.0,0,0,0.0
1048,小倉,2000,芝,良,短い,フラット,6,シックパラソル,6,牝,2,松山,栗東 松永幹,逃げ,55.0,454,0,0,0,2,4.3,2,122.7,35.4,2.0,0,0,0.0
1048,小倉,2000,芝,良,短い,フラット,1,サイモンレガシー,1,牡,2,松若,栗東 石坂,追い込み,55.0,496,0,0,0,4,8.5,3,122.8,35.4,7.0,0,0,0.0
1048,小倉,2000,芝,良,短い,フラット,3,シュプレヒコール,3,牡,2,吉村,栗東 清水久,逃げ,55.0,458,0,0,0,3,6.0,4,122.8,35.7,1.0,0,0,0.0
1048,小倉,2000,芝,良,短い,フラット,4,ロクメイカン,4,牡,2,菱田,栗東 小崎,追い込み,55.0,442,0,0,0,7,85.3,5,123.0,35.4,7.0,0,0,0.0
1048,小倉,2000,芝,良,短い,フラット,5,フェーエンハフト,5,牝,2,田口,栗東 緒方,差し,55.0,426,0,0,0,6,37.2,5,123.0,35.6,4.0,0,0,0.0
1048,小倉,2000,芝,良,短い,フラット,8,パーセンタイル,8,牡,2,森田,栗東 前川,先行,52.0,408,0,0,0,8,159.4,7,123.3,36.1,2.0,0,0,0.0
1048,小倉,2000,芝,良,短い,フラット,2,シュガーハウス,2,牡,2,幸,栗東 野中,差し,55.0,496,0,0,0,5,24.9,8,123.8,36.7,6.0,0,0,0.0
1049,小倉,1200,芝,良,短い,フラット,4,マルモリムソウ,4,牡,2,泉谷,栗東 大橋,逃げ,55.0,458,0,0,0,3,5.4,1,69.4,36.0,1.0,0,0,0.0
1049,小倉,1200,芝,良,短い,フラット,6,アームズラムレイ,6,牝,2,団野,栗東 上村,逃げ,55.0,462,0,0,0,1,1.9,2,69.7,36.1,2.0,0,0,0.0
1049,小倉,1200,芝,良,短い,フラット,5,ビバームス,5,牝,2,長岡,栗東 高橋亮,差し,55.0,452,0,0,0,5,26.1,3,69.9,35.8,5.0,0,0,0.0
1049,小倉,1200,芝,良,短い,フラット,9,コパノキャンペーン,8,牡,2,柴田裕,栗東 渡辺,差し,53.0,524,0,0,0,9,87.3,4,70.4,36.1,6.0,0,0,0.0
1049,小倉,1200,芝,良,短い,フラット,1,アンドヴェローナ,1,牝,2,国分恭,栗東 高橋忠,先行,55.0,410,0,0,0,7,41.9,5,70.7,37.2,2.0,0,0,0.0
1049,小倉,1200,芝,良,短い,フラット,2,アトランタ,2,牡,2,松山,栗東 高柳大,先行,55.0,426,0,0,0,2,2.6,6,70.7,36.9,4.0,0,0,0.0
1049,小倉,1200,芝,良,短い,フラット,3,ジョン,3,牡,2,松若,栗東 小崎,追い込み,55.0,460,0,0,0,4,17.3,7,71.0,36.6,7.0,0,0,0.0
1049,小倉,1200,芝,良,短い,フラット,7,ララララブソング,7,牝,2,加藤,栗東 小椋,追い込み,55.0,406,0,0,0,8,56.3,8,71.9,37.2,8.0,0,0,0.0
1049,小倉,1200,芝,良,短い,フラット,8,ブラックブレット,8,牡,2,田山,栗東 羽月,追い込み,53.0,450,0,0,0,6,26.5,9,72.3,37.4,9.0,0,0,0.0
1050,函館,1800,芝,重,短い,フラット,4,デアグランツ,4,牡,2,浜中,美浦 鹿戸,差し,55.0,478,0,0,0,4,7.2,1,110.4,35.0,6.0,0,0,0.0
1050,函館,1800,芝,重,短い,フラット,5,イッペイ,5,牡,2,武豊,栗東 松永幹,差し,55.0,482,0,0,0,1,3.2,2,110.5,35.2,7.0,0,0,0.0
1050,函館,1800,芝,重,短い,フラット,6,アオイノリプー,6,牡,2,舟山,美浦 尾形,追い込み,54.0,482,0,0,0,9,80.8,3,111.1,35.6,8.0,0,0,0.0
1050,函館,1800,芝,重,短い,フラット,8,ニーナラルゴ,7,牝,2,原田和,美浦 上原博,先行,55.0,442,0,0,0,7,17.7,4,111.2,36.6,3.0,0,0,0.0
1050,函館,1800,芝,重,短い,フラット,2,トルネードサンダー,2,牝,2,吉田隼,栗東 安達,先行,55.0,402,0,0,0,8,26.8,5,111.2,36.4,4.0,0,0,0.0
1050,函館,1800,芝,重,短い,フラット,10,ブラッグス,8,牡,2,北村友,栗東 平田,先行,55.0,514,0,0,0,3,4.5,6,111.5,36.6,4.0,0,0,0.0
1050,函館,1800,芝,重,短い,フラット,1,ジオ,1,牡,2,丹内,美浦 宮田,追い込み,55.0,482,0,0,0,6,13.2,7,112.0,36.6,8.0,0,0,0.0
1050,函館,1800,芝,重,短い,フラット,9,トムクリオーザ,8,牡,2,横山武,栗東 藤原,逃げ,55.0,468,0,0,0,5,8.2,8,112.3,38.1,2.0,0,0,0.0
1050,函館,1800,芝,重,短い,フラット,7,アルデシンザン,7,牡,2,佐々木,美浦 矢野,逃げ,55.0,500,0,0,0,2,3.6,9,112.5,38.3,1.0,0,0,0.0
1050,函館,1800,芝,重,短い,フラット,3,リラカリス,3,牝,2,和田陽,栗東 新谷,追い込み,52.0,388,0,0,0,10,152.0,10,114.1,39.0,10.0,0,0,0.0
1051,福島,1800,芝,良,短い,フラット,2,シルクドマルス,2,牝,2,坂井,美浦 松尾,逃げ,55.0,470,0,0,0,1,2.7,1,109.4,35.4,2.0,0,0,0.0
1051,福島,1800,芝,良,短い,フラット,13,ドナリー,7,牝,2,石神道,美浦 林,逃げ,53.0,400,0,0,0,6,13.7,2,109.5,35.6,1.0,0,0,0.0
1051,福島,1800,芝,良,短い,フラット,1,サウンズオーサム,1,牝,2,荻野極,美浦 千葉,逃げ,55.0,484,0,0,0,2,5.4,3,109.5,35.2,3.0,0,0,0.0
1051,福島,1800,芝,良,短い,フラット,6,ラッパースヴィル,4,牝,2,津村,美浦 手塚徳,先行,55.0,418,0,0,0,3,5.5,4,110.0,35.4,6.0,0,0,0.0
1051,福島,1800,芝,良,短い,フラット,9,マリナーヴァレイ,5,牝,2,戸崎圭,栗東 石坂,先行,55.0,464,0,0,0,4,6.8,5,110.1,36.0,3.0,0,0,0.0
1051,福島,1800,芝,良,短い,フラット,3,フェリシタル,2,牝,2,三浦,栗東 辻野,先行,55.0,476,0,0,0,8,23.2,6,110.1,36.0,3.0,0,0,0.0
1051,福島,1800,芝,良,短い,フラット,11,クレイターレイク,6,牝,2,石橋脩,美浦 奥村武,先行,55.0,440,0,0,0,5,9.1,7,110.4,36.0,6.0,0,0,0.0
1051,福島,1800,芝,良,短い,フラット,14,ウイニングレイ,8,牝,2,松岡,美浦 戸田,差し,55.0,490,0,0,0,7,15.2,8,110.6,35.6,10.0,0,0,0.0
1051,福島,1800,芝,良,短い,フラット,7,モンサンアミュザン,4,牝,2,木幡巧,美浦 牧,差し,55.0,412,0,0,0,11,75.0,9,110.8,36.2,8.0,0,0,0.0
1051,福島,1800,芝,良,短い,フラット,8,マスターボリューム,5,牝,2,柴田大,美浦 畠山,差し,55.0,452,0,0,0,10,51.6,10,110.8,36.2,9.0,0,0,0.0
1051,福島,1800,芝,良,短い,フラット,10,サンプラザマツモト,6,牝,2,吉田豊,美浦 深山,追い込み,55.0,428,0,0,0,13,192.2,11,112.0,36.6,12.0,0,0,0.0
1051,福島,1800,芝,良,短い,フラット,5,デルマキタカミ,3,牝,2,木幡初,美浦 室井,追い込み,55.0,450,0,0,0,15,207.9,12,112.6,36.7,14.0,0,0,0.0
1051,福島,1800,芝,良,短い,フラット,4,コスモモノポリー,3,牝,2,石川,美浦 相沢,追い込み,55.0,440,0,0,0,9,35.2,13,112.9,37.9,12.0,0,0,0.0
1051,福島,1800,芝,良,短い,フラット,12,フランベリー,7,牝,2,大野,美浦 杉浦,差し,55.0,480,0,0,0,12,165.8,14,113.3,38.8,11.0,0,0,0.0
1051,福島,1800,芝,良,短い,フラット,15,ニシノキフジン,8,牝,2,野中,美浦 萱野,追い込み,55.0,442,0,0,0,14,194.9,15,115.8,38.7,15.0,0,0,0.0
1052,小倉,1200,芝,良,短い,フラット,1,ウインガラハッド,1,牡,2,松山,栗東 宮,逃げ,55.0,472,0,0,0,1,1.2,1,69.3,35.4,1.0,0,0,0.0
1052,小倉,1200,芝,良,短い,フラット,3,ハマナスノサクコロ,3,牝,2,松若,栗東 武英,先行,55.0,452,0,0,0,2,5.1,2,69.5,35.3,3.0,0,0,0.0
1052,小倉,1200,芝,良,短い,フラット,5,ナムラメアリー,5,牝,2,田口,栗東 鈴木孝,先行,55.0,410,0,0,0,3,7.7,3,69.7,35.7,2.0,0,0,0.0
1052,小倉,1200,芝,良,短い,フラット,4,キシュウマミー,4,牝,2,国分恭,栗東 安達,差し,55.0,434,0,0,0,6,37.4,4,70.6,36.2,4.0,0,0,0.0
1052,小倉,1200,芝,良,短い,フラット,2,タナコクシテンホウ,2,牡,2,幸,栗東 大根田,差し,55.0,464,0,0,0,4,13.9,5,71.3,37.1,4.0,0,0,0.0
1052,小倉,1200,芝,良,短い,フラット,7,リヴィエラヴィル,7,牝,2,田山,栗東 坂口,追い込み,54.0,374,0,0,0,5,28.4,6,71.5,37.0,6.0,0,0,0.0
1052,小倉,1200,芝,良,短い,フラット,6,マルモタワー,6,牡,2,富田,栗東 中尾,追い込み,55.0,446,0,0,0,7,91.0,7,72.7,38.5,7.0,0,0,0.0
1053,福島,2000,芝,良,短い,フラット,4,グランオギュール,4,牡,2,荻野極,美浦 林,逃げ,55.0,454,0,0,0,1,1.7,1,124.6,34.8,1.0,0,0,0.0
1053,福島,2000,芝,良,短い,フラット,11,エンルートフライト,7,牡,2,津村,栗東 池添,逃げ,55.0,486,0,0,0,4,12.3,2,124.9,34.9,2.0,0,0,0.0
1053,福島,2000,芝,良,短い,フラット,9,ヴェルバーニア,6,牡,2,戸崎圭,美浦 手塚久,逃げ,55.0,528,0,0,0,2,3.5,3,125.3,35.1,3.0,0,0,0.0
1053,福島,2000,芝,良,短い,フラット,5,ロワデュモンド,4,牡,2,三浦,美浦 西田,差し,55.0,486,0,0,0,6,18.8,4,125.7,35.3,8.0,0,0,0.0
1053,福島,2000,芝,良,短い,フラット,2,サンタンヌ,2,牝,2,坂井,美浦 稲垣,先行,55.0,446,0,0,0,5,17.8,5,125.7,35.5,5.0,0,0,0.0
1053,福島,2000,芝,良,短い,フラット,1,マイホームパパ,1,牡,2,江田照,美浦 深山,先行,55.0,410,0,0,0,9,73.9,6,126.0,35.7,5.0,0,0,0.0
1053,福島,2000,芝,良,短い,フラット,6,マハロハ,5,牝,2,団野,栗東 清水久,先行,55.0,458,0,0,0,3,9.5,7,126.1,36.2,3.0,0,0,0.0
1053,福島,2000,芝,良,短い,フラット,7,コスモフラムオット,5,牡,2,武藤,美浦 武藤,差し,55.0,466,0,0,0,7,24.9,8,126.2,35.6,9.0,0,0,0.0
1053,福島,2000,芝,良,短い,フラット,10,アズールドーン,7,牡,2,菊沢,美浦 菊沢,追い込み,55.0,436,0,0,0,8,60.0,9,126.4,35.8,9.0,0,0,0.0
1053,福島,2000,芝,良,短い,フラット,3,ムーチョピカンテ,3,牡,2,嶋田,美浦 奥平,差し,55.0,430,0,0,0,12,198.6,10,126.5,36.3,5.0,0,0,0.0
1053,福島,2000,芝,良,短い,フラット,12,ナムラダックス,8,牡,2,杉原,美浦 石栗,追い込み,55.0,472,0,0,0,13,279.0,11,126.8,36.4,9.0,0,0,0.0
1053,福島,2000,芝,良,短い,フラット,13,ラヴァレード,8,牡,2,吉田豊,美浦 高木,追い込み,55.0,454,0,0,0,11,180.2,12,126.9,36.5,9.0,0,0,0.0
1053,福島,2000,芝,良,短い,フラット,8,カウェーカネム,6,牡,2,原,美浦 池上,追い込み,55.0,474,0,0,0,10,113.2,13,128.0,36.9,13.0,0,0,0.0
1054,福島,1200,芝,良,短い,フラット,14,チャランダマルツ,7,牝,2,坂井,美浦 上原佑,逃げ,55.0,472,0,0,0,1,2.7,1,70.5,35.0,2.0,0,0,0.0
1054,福島,1200,芝,良,短い,フラット,6,グルーヴェンス,3,牡,2,三浦,美浦 高柳瑞,逃げ,55.0,420,0,0,0,3,5.9,2,70.8,35.1,4.0,0,0,0.0
1054,福島,1200,芝,良,短い,フラット,10,セイウンイーリス,5,牝,2,野中,美浦 深山,逃げ,55.0,430,0,0,0,6,25.6,3,71.1,35.8,1.0,0,0,0.0
1054,福島,1200,芝,良,短い,フラット,8,ヴィンチェローズ,4,牡,2,原,美浦 青木,先行,55.0,474,0,0,0,13,67.9,4,71.6,35.5,7.0,0,0,0.0
1054,福島,1200,芝,良,短い,フラット,12,ドナチャージ,6,牝,2,杉原,美浦 栗田,差し,55.0,406,0,0,0,5,20.6,5,71.6,35.5,9.0,0,0,0.0
1054,福島,1200,芝,良,短い,フラット,15,コスモルトチェコ,8,牡,2,丸田,美浦 石栗,先行,55.0,438,0,0,0,15,117.2,6,71.6,35.7,7.0,0,0,0.0
1054,福島,1200,芝,良,短い,フラット,3,セイウンリリーナ,2,牝,2,武藤,美浦 水野,差し,55.0,418,0,0,0,7,35.3,7,71.9,35.6,11.0,0,0,0.0
1054,福島,1200,芝,良,短い,フラット,5,クールボビー,3,牡,2,石田,美浦 矢野,先行,52.0,472,0,0,0,8,35.7,8,72.0,36.3,4.0,0,0,0.0
1054,福島,1200,芝,良,短い,フラット,2,トランサルピナ,1,牡,2,荻野極,美浦 中舘,先行,55.0,524,0,0,0,2,2.8,9,72.3,36.6,4.0,0,0,0.0
1054,福島,1200,芝,良,短い,フラット,9,キミヘノメロディー,5,牡,2,菊沢,美浦 石栗,差し,55.0,476,0,0,0,9,51.0,10,72.4,35.9,11.0,0,0,0.0
1054,福島,1200,芝,良,短い,フラット,4,ドリームユー,2,牝,2,嶋田,美浦 西田,逃げ,55.0,434,0,0,0,11,51.5,11,72.5,36.9,3.0,0,0,0.0
1054,福島,1200,芝,良,短い,フラット,16,アルニタク,8,牡,2,佐藤,美浦 伊藤圭,追い込み,52.0,468,0,0,0,4,9.9,12,72.6,35.1,14.0,0,0,0.0
1054,福島,1200,芝,良,短い,フラット,13,アイアムキレマスネ,7,牡,2,津村,美浦 奥平,差し,55.0,484,0,0,0,10,51.2,13,72.6,36.3,10.0,0,0,0.0
1054,福島,1200,芝,良,短い,フラット,1,エリンヘラクレス,1,牡,2,石神道,美浦 清水英,追い込み,53.0,476,0,0,0,16,146.8,14,72.7,36.4,13.0,0,0,0.0
1054,福島,1200,芝,良,短い,フラット,7,ミラクルオーラ,4,牡,2,石川,美浦 松永康,追い込み,55.0,454,0,0,0,12,56.1,15,72.8,35.7,15.0,0,0,0.0
1054,福島,1200,芝,良,短い,フラット,11,ヴァンデエス,6,牝,2,大野,美浦 中舘,追い込み,55.0,428,0,0,0,14,71.3,16,73.1,35.4,16.0,0,0,0.0
1055,小倉,1800,芝,良,短い,フラット,7,ユーダブルワン,7,牝,2,松山,栗東 杉山佳,逃げ,55.0,432,0,0,0,3,3.6,1,110.7,35.3,1.0,0,0,0.0
1055,小倉,1800,芝,良,短い,フラット,3,メイショウジェード,3,牡,2,太宰,栗東 本田,先行,55.0,458,0,0,0,5,24.7,2,111.1,35.4,3.0,0,0,0.0
1055,小倉,1800,芝,良,短い,フラット,6,レイクイーン,6,牝,2,渡辺竜,栗東 中村,先行,55.0,428,0,0,0,4,9.5,3,111.7,35.8,4.0,0,0,0.0
1055,小倉,1800,芝,良,短い,フラット,8,ビエントゾンダ,8,牝,2,西村淳,栗東 武英,逃げ,55.0,472,0,0,0,2,3.2,4,111.7,36.2,2.0,0,0,0.0
1055,小倉,1800,芝,良,短い,フラット,5,ホットロッドハート,5,牡,2,吉村,栗東 前川,差し,55.0,450,0,0,0,8,59.2,5,111.8,35.9,6.0,0,0,0.0
1055,小倉,1800,芝,良,短い,フラット,1,カローナ,1,牡,2,Ｍデム,栗東 高橋忠,差し,55.0,504,0,0,0,7,48.9,6,111.8,35.9,4.0,0,0,0.0
1055,小倉,1800,芝,良,短い,フラット,2,ツーハーツ,2,牡,2,今村,栗東 寺島,追い込み,53.0,480,0,0,0,1,2.1,7,112.1,35.9,7.0,0,0,0.0
1055,小倉,1800,芝,良,短い,フラット,4,レアアース,4,牡,2,角田和,栗東 高橋亮,追い込み,55.0,496,0,0,0,6,29.8,8,112.2,36.0,8.0,0,0,0.0
1056,函館,1800,芝,重,短い,フラット,4,テンカタイヘイ,3,牡,2,丹内祐,美浦 小野,差し,55.0,432,0,0,0,8,19.4,1,111.1,36.6,8.0,0,0,0.0
1056,函館,1800,芝,重,短い,フラット,1,ランフォーザエイジ,1,牝,2,浜中,美浦 小島,先行,55.0,456,0,0,0,5,9.3,2,111.3,37.3,6.0,0,0,0.0
1056,函館,1800,芝,重,短い,フラット,5,ルージュロマーナ,4,牝,2,横山和,美浦 手塚徳,逃げ,55.0,460,0,0,0,10,32.2,3,111.5,37.6,3.0,0,0,0.0
1056,函館,1800,芝,重,短い,フラット,11,ラヴァンドローリエ,7,牝,2,古川吉,栗東 宮,差し,55.0,466,0,0,0,14,156.5,4,111.7,36.8,10.0,0,0,0.0
1056,函館,1800,芝,重,短い,フラット,13,サルトヴェローチェ,8,牡,2,北村友,栗東 上村,逃げ,55.0,488,0,0,0,1,3.4,5,111.8,38.1,2.0,0,0,0.0
1056,函館,1800,芝,重,短い,フラット,12,プリームスリール,7,牝,2,斎藤,栗東 東田,先行,55.0,454,0,0,0,6,11.9,6,111.8,37.6,7.0,0,0,0.0
1056,函館,1800,芝,重,短い,フラット,6,ロジアコース,4,牡,2,岩田康,美浦 加藤征,先行,55.0,490,0,0,0,4,6.9,7,112.0,38.3,3.0,0,0,0.0
1056,函館,1800,芝,重,短い,フラット,9,ステラルミノーザ,6,牡,2,長浜,美浦 千葉,追い込み,54.0,456,0,0,0,11,44.4,8,112.1,37.4,12.0,0,0,0.0
1056,函館,1800,芝,重,短い,フラット,2,シャムスクッカ,2,牡,2,小沢,栗東 高柳大,先行,55.0,478,0,0,0,12,51.5,9,112.2,38.4,3.0,0,0,0.0
1056,函館,1800,芝,重,短い,フラット,3,フィオリアーモ,3,牝,2,横山武,美浦 池上,逃げ,55.0,458,0,0,0,3,6.0,10,112.3,38.8,1.0,0,0,0.0
1056,函館,1800,芝,重,短い,フラット,7,カリスマン,5,牡,2,吉田隼,美浦 武井,差し,55.0,426,0,0,0,13,75.8,11,112.4,38.1,8.0,0,0,0.0
1056,函館,1800,芝,重,短い,フラット,14,ヒアカムズザサン,8,牡,2,武豊,栗東 中竹,追い込み,55.0,450,0,0,0,7,16.9,12,112.6,37.9,10.0,0,0,0.0
1056,函館,1800,芝,重,短い,フラット,10,エコロヴァルド,6,牡,2,鮫島駿,栗東 牧浦,追い込み,55.0,522,0,0,0,9,19.5,13,114.9,40.2,14.0,0,0,0.0
1056,函館,1800,芝,重,短い,フラット,8,エコロルーク,5,牡,2,佐々木,栗東 藤原,追い込み,55.0,466,0,0,0,2,4.9,14,115.0,40.9,12.0,0,0,0.0
9002,東京,1400,芝,良,長い,フラット,2,ラードンチェイス,2,牡,2,ルメー,美浦 古賀慎,追い込み,55.0,482,0,0,0,3,3.9,1,82.2,34.1,6.0,0,0,0.0
9002,東京,1400,芝,良,長い,フラット,4,リリカルフレア,4,牝,2,津村,美浦 畠山,先行,55.0,432,0,0,0,1,2.7,2,82.2,34.4,3.0,0,0,0.0
9002,東京,1400,芝,良,長い,フラット,5,オオセイケイ,5,牝,2,横山武,美浦 竹内,逃げ,55.0,444,0,0,0,2,3.9,3,82.3,34.8,1.0,0,0,0.0
9002,東京,1400,芝,良,長い,フラット,6,ニューロファイター,6,牡,2,レーン,美浦 和田勇,追い込み,55.0,486,0,0,0,4,5.6,4,83.3,35.0,7.0,0,0,0.0
9002,東京,1400,芝,良,長い,フラット,7,ベアアミーチ,7,牝,2,丹内,美浦 杉浦,先行,55.0,434,0,0,0,6,55.9,5,83.4,35.7,2.0,0,0,0.0
9002,東京,1400,芝,良,長い,フラット,3,ドルチェテソーロ,3,牝,2,木幡巧,美浦 牧,差し,55.0,414,0,0,0,5,5.9,6,83.5,35.7,3.0,0,0,0.0
9003,東京,1600,芝,良,長い,フラット,2,フィリオソラーレ,2,牡,2,ルメー,美浦 木村,先行,55.0,484,0,0,0,1,1.3,1,94.3,33.3,3.0,0,0,0.0
9003,東京,1600,芝,良,長い,フラット,1,ウィンターブリーズ,1,牡,2,レーン,美浦 田中博,逃げ,55.0,472,0,0,0,3,6.5,2,94.4,33.7,1.0,0,0,0.0
9003,東京,1600,芝,良,長い,フラット,6,クシェドゥソレイユ,6,牝,2,横山武,美浦 田村,逃げ,55.0,476,0,0,0,2,4.9,3,95.0,34.2,2.0,0,0,0.0
9003,東京,1600,芝,良,長い,フラット,4,アテナブレイブ,4,牝,2,横山和,美浦 手塚徳,差し,55.0,420,0,0,0,5,25.8,4,95.1,33.8,6.0,0,0,0.0
9003,東京,1600,芝,良,長い,フラット,5,スクリプトール,5,牡,2,石川,美浦 手塚久,追い込み,55.0,464,0,0,0,6,26.2,5,95.6,34.0,8.0,0,0,0.0
9003,東京,1600,芝,良,長い,フラット,7,コウソクレムリア,7,牝,2,武藤,美浦 武藤,追い込み,55.0,446,0,0,0,8,114.6,6,96.0,34.8,6.0,0,0,0.0
9003,東京,1600,芝,良,長い,フラット,9,エリステソーロ,8,牡,2,菅原明,美浦 田中剛,先行,55.0,426,0,0,0,4,22.7,7,96.0,35.0,3.0,0,0,0.0
9003,東京,1600,芝,良,長い,フラット,3,レオリアライズ,3,牝,2,佐々木,美浦 牧,差し,55.0,446,0,0,0,7,70.9,8,96.4,35.3,3.0,0,0,0.0
9003,東京,1600,芝,良,長い,フラット,8,アミノショコラ,8,牡,2,原田和,美浦 杉浦,追い込み,55.0,472,0,0,0,9,190.9,9,99.7,37.5,9.0,0,0,0.0
9004,阪神,1600,芝,良,長い,フラット,5,ジーティーサクラ,5,牝,2,北村友,栗東 吉岡,先行,55.0,464,0,0,0,2,2.7,1,96.3,32.4,3.0,0,0,0.0
9004,阪神,1600,芝,良,長い,フラット,3,ロジクラウン,3,牡,2,川田,栗東 須貝,先行,55.0,466,0,0,0,1,2.2,2,96.6,33.0,2.0,0,0,0.0
9004,阪神,1600,芝,良,長い,フラット,6,エコロラーダ,6,牡,2,坂井,栗東 大久保,追い込み,55.0,494,0,0,0,5,18.4,3,97.5,33.3,5.0,0,0,0.0
9004,阪神,1600,芝,良,長い,フラット,4,シャインラブ,4,牝,2,西村淳,栗東 井上,差し,55.0,438,0,0,0,4,11.7,4,97.6,33.7,3.0,0,0,0.0
9004,阪神,1600,芝,良,長い,フラット,2,シャプシュ,2,牝,2,田山,栗東 新谷,追い込み,53.0,430,0,0,0,6,20.7,5,97.7,33.5,5.0,0,0,0.0
9004,阪神,1600,芝,良,長い,フラット,1,タイドビート,1,牡,2,松山,栗東 藤野,逃げ,55.0,482,0,0,0,3,4.0,6,97.7,34.1,1.0,0,0,0.0
9005,東京,1800,芝,良,長い,フラット,2,ジョドレルバンク,2,牡,2,レーン,美浦 武井,先行,55.0,520,0,0,0,1,1.3,1,108.1,33.7,3.0,0,0,0.0
9005,東京,1800,芝,良,長い,フラット,4,レオンティウス,4,牡,2,丸山,美浦 田中勝,差し,55.0,484,0,0,0,10,139.4,2,108.5,33.6,6.0,0,0,0.0
9005,東京,1800,芝,良,長い,フラット,3,サノノキセキ,3,牡,2,丹内,美浦 尾形,差し,55.0,462,0,0,0,7,35.1,3,108.8,34.1,5.0,0,0,0.0
9005,東京,1800,芝,良,長い,フラット,9,ヴェントリナ,8,牝,2,津村,美浦 相沢,逃げ,55.0,436,0,0,0,8,51.3,4,108.9,34.7,2.0,0,0,0.0
9005,東京,1800,芝,良,長い,フラット,6,ジュンヴォルティス,6,牡,2,横山武,美浦 高柳瑞,追い込み,55.0,472,0,0,0,6,16.4,5,108.9,33.9,8.0,0,0,0.0
9005,東京,1800,芝,良,長い,フラット,8,ヴィラーニ,7,牡,2,松山,栗東 藤岡健,逃げ,55.0,446,0,0,0,4,15.6,6,109.1,35.1,1.0,0,0,0.0
9005,東京,1800,芝,良,長い,フラット,1,セイルトゥグローリ,1,牡,2,岩田望,美浦 中舘,先行,55.0,512,0,0,0,5,15.7,7,109.5,35.0,3.0,0,0,0.0
9005,東京,1800,芝,良,長い,フラット,5,セイウンオオゾラ,5,牡,2,幸,美浦 小手川,追い込み,55.0,468,0,0,0,9,85.2,8,109.7,34.4,10.0,0,0,0.0
9005,東京,1800,芝,良,長い,フラット,7,シアルナーレ,7,牡,2,戸崎圭,美浦 田中博,追い込み,55.0,442,0,0,0,2,7.0,9,110.0,35.0,8.0,0,0,0.0
9006,阪神,1400,芝,稍重,長い,フラット,5,ビスケットサンド,5,牝,2,北村友,栗東 佐藤悠,差し,55.0,454,0,0,0,4,7.0,1,81.9,34.4,6.0,0,0,0.0
9006,阪神,1400,芝,稍重,長い,フラット,10,シスキンブルーム,8,牝,2,団野,栗東 斉藤崇,先行,55.0,460,0,0,0,3,4.4,2,82.1,35.0,3.0,0,0,0.0
9006,阪神,1400,芝,稍重,長い,フラット,4,ニシノフランケン,4,牡,2,亀田,栗東 北出,差し,55.0,428,0,0,0,10,57.5,3,82.3,34.5,8.0,0,0,0.0
9006,阪神,1400,芝,稍重,長い,フラット,9,レゾルーティオ,7,牡,2,西村淳,栗東 坂口,先行,55.0,450,0,0,0,1,3.0,4,82.5,35.2,4.0,0,0,0.0
9006,阪神,1400,芝,稍重,長い,フラット,11,スピーディスピン,8,牝,2,田山,栗東 加藤公,差し,53.0,454,0,0,0,8,35.3,5,82.7,35.1,6.0,0,0,0.0
9006,阪神,1400,芝,稍重,長い,フラット,2,レッドネビュラ,2,牡,2,吉村,栗東 四位,逃げ,55.0,468,0,0,0,2,3.6,6,82.8,36.0,2.0,0,0,0.0
9006,阪神,1400,芝,稍重,長い,フラット,8,スピークロウ,7,牡,2,斎藤,栗東 浜田,追い込み,55.0,458,0,0,0,5,10.7,7,83.2,34.7,11.0,0,0,0.0
9006,阪神,1400,芝,稍重,長い,フラット,7,サンシルヴァリー,6,牝,2,柴田裕,栗東 西村,追い込み,53.0,394,0,0,0,11,158.2,8,83.3,35.2,9.0,0,0,0.0
9006,阪神,1400,芝,稍重,長い,フラット,6,ランダムナンバー,6,牡,2,永島,栗東 橋田,追い込み,53.0,446,0,0,0,6,16.1,9,83.4,35.1,10.0,0,0,0.0
9006,阪神,1400,芝,稍重,長い,フラット,1,クリコキアナ,1,牝,2,国分恭,栗東 谷,逃げ,55.0,458,0,0,0,9,53.7,10,83.4,36.7,1.0,0,0,0.0
9006,阪神,1400,芝,稍重,長い,フラット,3,イザベル,3,牝,2,松若,栗東 藤野,先行,55.0,430,0,0,0,7,18.8,11,83.8,36.5,5.0,0,0,0.0
9007,東京,1600,芝,良,長い,フラット,2,シャンデヴァーグ,2,牝,2,津村,美浦 森一,差し,55.0,428,0,0,0,1,1.3,1,98.5,33.4,4.0,0,0,0.0
9007,東京,1600,芝,良,長い,フラット,5,ジーティーキャリー,5,牝,2,戸崎圭,栗東 松下,逃げ,55.0,466,0,0,0,3,6.0,2,98.5,33.7,1.0,0,0,0.0
9007,東京,1600,芝,良,長い,フラット,1,コスモハナミズキ,1,牝,2,木幡巧,美浦 菊川,追い込み,55.0,420,0,0,0,5,60.2,3,99.1,33.8,6.0,0,0,0.0
9007,東京,1600,芝,良,長い,フラット,4,ブルーグラビティ,4,牝,2,ゴンサ,美浦 大和田,先行,55.0,438,0,0,0,4,21.2,4,99.3,34.3,3.0,0,0,0.0
9007,東京,1600,芝,良,長い,フラット,3,ハイビスカス,3,牝,2,原,美浦 杉浦,差し,55.0,486,0,0,0,6,65.5,5,100.3,35.2,4.0,0,0,0.0
9007,東京,1600,芝,良,長い,フラット,6,ユタライト,6,牝,2,ルメー,美浦 宮田,先行,55.0,456,0,0,0,2,3.6,6,100.3,35.4,2.0,0,0,0.0
9007,東京,1600,芝,良,長い,フラット,7,ウスズミザクラ,7,牝,2,北村宏,美浦 粕谷,追い込み,55.0,420,0,0,0,7,74.9,7,100.4,34.8,7.0,0,0,0.0
9008,東京,1400,芝,良,長い,フラット,6,デミアン,6,牡,2,レーン,美浦 斎藤誠,先行,55.0,480,0,0,0,2,2.9,1,82.8,33.6,4.0,0,0,0.0
9008,東京,1400,芝,良,長い,フラット,2,デザートスピリット,2,牡,2,吉田豊,美浦 平岩,逃げ,55.0,426,0,0,0,5,24.4,2,83.0,34.1,1.0,0,0,0.0
9008,東京,1400,芝,良,長い,フラット,8,サンレガート,8,牡,2,大野,美浦 堀内,先行,55.0,426,0,0,0,4,23.3,3,83.2,34.2,3.0,0,0,0.0
9008,東京,1400,芝,良,長い,フラット,7,ノルトハウゼン,7,牡,2,菊沢,美浦 菊沢,追い込み,55.0,450,0,0,0,3,5.8,4,83.2,33.8,7.0,0,0,0.0
9008,東京,1400,芝,良,長い,フラット,5,エコロナイン,5,牡,2,ルメー,美浦 加藤征,逃げ,55.0,448,0,0,0,1,1.6,5,83.5,34.6,2.0,0,0,0.0
9008,東京,1400,芝,良,長い,フラット,1,ココニイルヨ,1,牝,2,石神深,美浦 粕谷,差し,52.0,386,0,0,0,7,76.5,6,84.2,35.0,4.0,0,0,0.0
9008,東京,1400,芝,良,長い,フラット,3,フォーエバーブルー,3,牝,2,上里,美浦 杉浦,差し,52.0,432,0,0,0,8,89.3,7,84.3,35.1,4.0,0,0,0.0
9008,東京,1400,芝,良,長い,フラット,4,ブラボーワン,4,牡,2,木幡巧,美浦 相沢,追い込み,55.0,432,0,0,0,6,45.6,8,85.3,36.0,7.0,0,0,0.0
9008,東京,1400,芝,良,長い,フラット,9,スノーキャップ,8,牡,2,柴田大,美浦 嘉藤,追い込み,55.0,450,0,0,0,9,135.0,9,86.8,36.0,9.0,0,0,0.0
9009,阪神,1200,芝,良,長い,フラット,6,ロンドンガーズ,6,牡,2,松山,栗東 前川,逃げ,55.0,442,0,0,0,2,2.6,1,68.2,33.8,1.0,0,0,0.0
9009,阪神,1200,芝,良,長い,フラット,2,メアグローリア,2,牝,2,川田,栗東 斉藤崇,逃げ,55.0,482,0,0,0,1,2.6,2,68.7,34.0,2.0,0,0,0.0
9009,阪神,1200,芝,良,長い,フラット,5,カレンハウ,5,牡,2,高杉,栗東 柴田,先行,55.0,458,0,0,0,7,22.2,3,68.8,33.5,5.0,0,0,0.0
9009,阪神,1200,芝,良,長い,フラット,8,ラホーヤアイズ,7,牝,2,松若,栗東 藤野,差し,55.0,420,0,0,0,5,20.5,4,69.6,34.0,7.0,0,0,0.0
9009,阪神,1200,芝,良,長い,フラット,4,アセンシオン,4,牡,2,坂井,栗東 角田,差し,55.0,472,0,0,0,3,4.7,5,70.0,34.6,6.0,0,0,0.0
9009,阪神,1200,芝,良,長い,フラット,3,スマートメモリー,3,牝,2,吉村,栗東 石坂,追い込み,55.0,428,0,0,0,9,77.1,6,70.2,34.3,8.0,0,0,0.0
9009,阪神,1200,芝,良,長い,フラット,7,ユイリノベーション,6,牡,2,藤懸,栗東 平田,追い込み,55.0,464,0,0,0,11,156.3,7,70.6,34.2,10.0,0,0,0.0
9009,阪神,1200,芝,良,長い,フラット,1,ルフトブリュッケ,1,牡,2,幸,栗東 大根田,先行,55.0,468,0,0,0,8,61.6,8,70.7,35.7,3.0,0,0,0.0
9009,阪神,1200,芝,良,長い,フラット,11,アイファーラピッド,8,牝,2,武豊,栗東 森秀,先行,55.0,486,0,0,0,4,10.5,9,70.8,35.8,3.0,0,0,0.0
9009,阪神,1200,芝,良,長い,フラット,9,ニドヅケキンシ,7,牡,2,岩田望,栗東 佐藤悠,追い込み,55.0,486,0,0,0,6,21.3,10,71.3,35.1,9.0,0,0,0.0
9009,阪神,1200,芝,良,長い,フラット,10,ナポリ,8,牝,2,Ｍデム,栗東 井上,追い込み,55.0,432,0,0,0,10,90.0,11,72.0,35.4,11.0,0,0,0.0
9010,阪神,1400,ダート,良,長い,フラット,1,クロリス,1,牝,2,西村淳,栗東 高橋一,逃げ,55.0,462,0,0,0,4,7.9,1,86.9,38.6,1.0,0,0,0.0
9010,阪神,1400,ダート,良,長い,フラット,12,アイゼンフォルク,8,牡,2,高杉,栗東 池添,逃げ,55.0,470,0,0,0,6,14.6,2,87.1,38.3,2.0,0,0,0.0
9010,阪神,1400,ダート,良,長い,フラット,5,ウンディーネ,4,牝,2,松若,栗東 井上,先行,55.0,462,0,0,0,2,4.1,3,87.8,39.2,4.0,0,0,0.0
9010,阪神,1400,ダート,良,長い,フラット,10,ヘスティア,7,牝,2,角田和,栗東 高橋亮,逃げ,55.0,468,0,0,0,12,56.9,4,87.9,39.4,2.0,0,0,0.0
9010,阪神,1400,ダート,良,長い,フラット,9,ナオミガサイキョウ,6,牝,2,岩田望,栗東 佐藤悠,先行,55.0,498,0,0,0,8,17.1,5,88.8,39.6,6.0,0,0,0.0
9010,阪神,1400,ダート,良,長い,フラット,11,ディーヴァレギオン,7,牡,2,松山,美浦 斎藤誠,差し,55.0,514,0,0,0,3,5.5,6,89.0,39.2,8.0,0,0,0.0
9010,阪神,1400,ダート,良,長い,フラット,3,バミューダブーケ,3,牝,2,吉村,栗東 杉山佳,追い込み,55.0,446,0,0,0,11,47.2,7,89.0,38.9,10.0,0,0,0.0
9010,阪神,1400,ダート,良,長い,フラット,2,ペプチドニンバス,2,牡,2,高倉,栗東 武英,差し,55.0,460,0,0,0,10,37.1,8,89.1,40.0,6.0,0,0,0.0
9010,阪神,1400,ダート,良,長い,フラット,6,ルガルデ,5,牡,2,武豊,栗東 中竹,追い込み,55.0,492,0,0,0,5,9.9,9,89.9,39.3,11.0,0,0,0.0
9010,阪神,1400,ダート,良,長い,フラット,13,ラブシンフォニー,8,牝,2,幸,栗東 藤野,差し,55.0,458,0,0,0,7,16.0,10,90.0,40.5,8.0,0,0,0.0
9010,阪神,1400,ダート,良,長い,フラット,4,タマコイファルコン,4,牡,2,田山,栗東 小栗,先行,53.0,464,0,0,0,13,61.9,11,90.9,42.3,5.0,0,0,0.0
9010,阪神,1400,ダート,良,長い,フラット,8,ヴィルダースヴィル,6,牡,2,坂井,栗東 新谷,追い込み,55.0,502,0,0,0,1,3.4,12,94.8,43.9,12.0,0,0,0.0
9010,阪神,1400,ダート,良,長い,フラット,7,ヨッシーフレアー,5,牡,2,秋山稔,栗東 北出,追い込み,55.0,482,0,0,0,9,23.4,13,97.8,45.7,13.0,0,0,0.0
9011,函館,1200,芝,稍重,短い,フラット,1,ダイメイビッグボス,1,牡,2,横山武,美浦 武井,先行,55.0,460,0,0,0,2,3.9,1,69.4,34.9,5.0,0,0,0.0
9011,函館,1200,芝,稍重,短い,フラット,2,アルテクィーン,2,牝,2,鮫島駿,栗東 杉山晴,逃げ,55.0,454,0,0,0,4,6.1,2,69.7,35.6,2.0,0,0,0.0
9011,函館,1200,芝,稍重,短い,フラット,5,キセキノユニコーン,5,牡,2,古川奈,美浦 伊坂,差し,53.0,482,0,0,0,8,48.1,3,69.7,34.9,7.0,0,0,0.0
9011,函館,1200,芝,稍重,短い,フラット,7,ヴィヴィアンリーチ,6,牝,2,小林美,栗東 東田,差し,52.0,430,0,0,0,5,7.8,4,69.8,35.2,7.0,0,0,0.0
9011,函館,1200,芝,稍重,短い,フラット,4,ダイシンドラゴン,4,牡,2,佐々木,栗東 高橋一,逃げ,55.0,444,0,0,0,1,3.0,5,69.8,35.5,2.0,0,0,0.0
9011,函館,1200,芝,稍重,短い,フラット,12,ショウナンカノア,8,牝,2,池添,栗東 清水久,差し,55.0,458,0,0,0,3,4.9,6,70.1,35.7,7.0,0,0,0.0
9011,函館,1200,芝,稍重,短い,フラット,3,ロードレスポンス,3,牡,2,横山和,美浦 和田勇,追い込み,55.0,426,0,0,0,9,51.5,7,70.2,34.7,11.0,0,0,0.0
9011,函館,1200,芝,稍重,短い,フラット,10,アイルドフルール,7,牝,2,北村友,栗東 田中克,追い込み,55.0,396,0,0,0,6,19.2,8,70.5,35.3,10.0,0,0,0.0
9011,函館,1200,芝,稍重,短い,フラット,6,クールストラッチン,5,牝,2,舟山,美浦 田島,逃げ,53.0,440,0,0,0,7,21.1,9,70.5,36.5,1.0,0,0,0.0
9011,函館,1200,芝,稍重,短い,フラット,9,グランモンターナ,7,牡,2,古川吉,栗東 井上,先行,55.0,434,0,0,0,10,74.4,10,70.8,36.7,2.0,0,0,0.0
9011,函館,1200,芝,稍重,短い,フラット,8,ウィルレーヴィア,6,牡,2,横山琉,美浦 尾形,追い込み,55.0,422,0,0,0,12,119.2,11,70.9,35.4,12.0,0,0,0.0
9011,函館,1200,芝,稍重,短い,フラット,11,ブルドッグミトス,8,牝,2,丹内,栗東 安達,先行,55.0,430,0,0,0,11,77.3,12,71.6,37.4,5.0,0,0,0.0
9012,東京,1400,ダート,稍重,長い,フラット,10,ユイノエスポワール,6,牡,2,大野,美浦 竹内,先行,55.0,428,0,0,0,8,30.5,1,84.6,36.5,6.0,0,0,0.0
9012,東京,1400,ダート,稍重,長い,フラット,14,スターフラッシュ,8,牡,2,津村,美浦 木村,逃げ,55.0,538,0,0,0,1,1.8,2,84.8,38.2,2.0,0,0,0.0
9012,東京,1400,ダート,稍重,長い,フラット,8,トゥザファイナル,5,牡,2,吉田豊,美浦 小島,先行,55.0,548,0,0,0,4,11.0,3,84.9,37.2,4.0,0,0,0.0
9012,東京,1400,ダート,稍重,長い,フラット,1,ユイノキャッツアイ,1,牡,2,木幡初,美浦 深山,先行,55.0,480,0,0,0,7,25.1,4,86.2,38.4,4.0,0,0,0.0
9012,東京,1400,ダート,稍重,長い,フラット,4,ディルイーヤ,3,牡,2,三浦,美浦 高木,先行,55.0,530,0,0,0,2,5.8,5,86.7,38.6,6.0,0,0,0.0
9012,東京,1400,ダート,稍重,長い,フラット,12,キュータンチャン,7,牡,2,菊沢,美浦 尾形,差し,55.0,502,0,0,0,9,33.6,6,86.8,37.7,9.0,0,0,0.0
9012,東京,1400,ダート,稍重,長い,フラット,2,テムファイア,2,牡,2,荻野極,美浦 伊藤圭,追い込み,55.0,470,0,0,0,10,51.0,7,86.9,37.3,11.0,0,0,0.0
9012,東京,1400,ダート,稍重,長い,フラット,13,マイネルクロカータ,8,牡,2,石神道,美浦 萱野,差し,52.0,446,0,0,0,13,190.5,8,88.6,39.5,9.0,0,0,0.0
9012,東京,1400,ダート,稍重,長い,フラット,9,ラキアーヴェ,6,牝,2,石川,美浦 加藤士,逃げ,55.0,448,0,0,0,5,12.5,9,88.8,42.4,1.0,0,0,0.0
9012,東京,1400,ダート,稍重,長い,フラット,11,ポッドエステラ,7,牡,2,杉原,美浦 伊藤圭,差し,55.0,446,0,0,0,14,221.5,10,88.9,40.7,8.0,0,0,0.0
9012,東京,1400,ダート,稍重,長い,フラット,7,シュネルアステリア,5,牝,2,石橋脩,美浦 牧,逃げ,55.0,448,0,0,0,11,63.2,11,89.2,41.9,3.0,0,0,0.0
9012,東京,1400,ダート,稍重,長い,フラット,6,ハイトラクション,4,牡,2,原,美浦 中舘,追い込み,55.0,466,0,0,0,6,17.7,12,89.2,39.0,13.0,0,0,0.0
9012,東京,1400,ダート,稍重,長い,フラット,5,ケンシロウワールド,4,牡,2,丸山,栗東 森秀,追い込み,55.0,512,0,0,0,3,6.3,13,89.8,40.2,11.0,0,0,0.0
9012,東京,1400,ダート,稍重,長い,フラット,3,ボードゥロレーヌ,3,牡,2,ディー,栗東 新谷,追い込み,55.0,458,0,0,0,12,81.8,14,92.0,40.0,14.0,0,0,0.0
9013,東京,1600,芝,良,長い,フラット,3,ベルウッドディープ,3,牡,2,三浦,美浦 室井,先行,55.0,444,0,0,0,2,2.8,1,95.8,33.9,3.0,0,0,0.0
9013,東京,1600,芝,良,長い,フラット,4,ニースケンス,4,牡,2,原,美浦 小島,差し,55.0,446,0,0,0,5,14.0,2,96.3,34.3,5.0,0,0,0.0
9013,東京,1600,芝,良,長い,フラット,6,ソウカイウォーリア,6,牡,2,ゴンサ,美浦 尾関,差し,55.0,456,0,0,0,3,5.2,3,96.4,34.2,6.0,0,0,0.0
9013,東京,1600,芝,良,長い,フラット,5,タイセイアドーレ,5,牡,2,菊沢,美浦 伊藤圭,逃げ,55.0,480,0,0,0,6,20.1,4,96.6,34.9,1.0,0,0,0.0
9013,東京,1600,芝,良,長い,フラット,1,レッドインサイト,1,牡,2,津村,美浦 手塚久,追い込み,55.0,454,0,0,0,1,2.5,5,96.7,34.4,6.0,0,0,0.0
9013,東京,1600,芝,良,長い,フラット,8,ルクスマグナ,8,牡,2,荻野極,美浦 高柳瑞,先行,55.0,462,0,0,0,4,6.2,6,96.9,35.0,3.0,0,0,0.0
9013,東京,1600,芝,良,長い,フラット,2,ジュネストレイル,2,牡,2,石川,美浦 手塚徳,追い込み,55.0,454,0,0,0,7,53.7,7,97.5,35.3,6.0,0,0,0.0
9013,東京,1600,芝,良,長い,フラット,7,ソナタテソーロ,7,牝,2,野中,美浦 牧,逃げ,55.0,454,0,0,0,8,58.6,8,97.7,35.9,2.0,0,0,0.0
9014,阪神,1800,芝,良,長い,フラット,6,インカルナータ,6,牡,2,坂井,栗東 西園翔,逃げ,55.0,478,0,0,0,4,12.3,1,108.3,33.2,1.0,0,0,0.0
9014,阪神,1800,芝,良,長い,フラット,3,オスカーレイア,3,牝,2,幸,栗東 秋山,先行,55.0,450,0,0,0,7,31.8,2,108.5,32.9,3.0,0,0,0.0
9014,阪神,1800,芝,良,長い,フラット,7,オンユアマークス,7,牡,2,武豊,栗東 松永幹,逃げ,55.0,462,0,0,0,2,4.2,3,108.6,33.1,2.0,0,0,0.0
9014,阪神,1800,芝,良,長い,フラット,4,ダイナマイク,4,牡,2,川田,栗東 中内田,差し,55.0,504,0,0,0,1,1.5,4,109.5,33.7,5.0,0,0,0.0
9014,阪神,1800,芝,良,長い,フラット,2,プリマアルバ,2,牡,2,西村淳,栗東 新谷,追い込み,55.0,458,0,0,0,6,29.5,5,110.2,34.2,7.0,0,0,0.0
9014,阪神,1800,芝,良,長い,フラット,8,メモリアデルレ,8,牡,2,ルメー,栗東 吉岡,差し,55.0,468,0,0,0,3,7.5,6,110.4,34.6,5.0,0,0,0.0
9014,阪神,1800,芝,良,長い,フラット,5,ジーティーアツモリ,5,牡,2,松山,栗東 橋口,先行,55.0,464,0,0,0,5,18.1,7,110.4,34.8,3.0,0,0,0.0
9014,阪神,1800,芝,良,長い,フラット,1,ジュンヴァグネル,1,牡,2,岩田望,栗東 浜田,追い込み,55.0,482,0,0,0,8,65.8,8,110.8,34.7,7.0,0,0,0.0
9015,函館,1000,芝,良,短い,フラット,3,セタキト,3,牡,2,鷲頭,美浦 伊坂,逃げ,53.0,472,0,0,0,6,16.5,1,57.7,33.7,1.0,0,0,0.0
9015,函館,1000,芝,良,短い,フラット,6,タイフーンナイン,6,牝,2,小林美,栗東 柴田,逃げ,52.0,434,0,0,0,3,4.4,2,57.8,33.7,2.0,0,0,0.0
9015,函館,1000,芝,良,短い,フラット,5,シークレットタワー,5,牡,2,古川奈,美浦 金成,差し,53.0,450,0,0,0,1,2.7,3,58.4,34.1,5.0,0,0,0.0
9015,函館,1000,芝,良,短い,フラット,8,パンジャケリー,8,牡,2,佐々木,栗東 橋田,先行,55.0,488,0,0,0,2,4.2,4,58.5,34.3,3.0,0,0,0.0
9015,函館,1000,芝,良,短い,フラット,7,テイクケア,7,牝,2,横山琉,美浦 和田郎,差し,55.0,440,0,0,0,8,39.4,5,58.6,34.2,5.0,0,0,0.0
9015,函館,1000,芝,良,短い,フラット,4,スケルツォテソーロ,4,牝,2,吉田隼,美浦 稲垣,追い込み,55.0,404,0,0,0,7,21.3,6,59.0,34.4,7.0,0,0,0.0
9015,函館,1000,芝,良,短い,フラット,2,アイシテルヨナオミ,2,牝,2,今村,栗東 畑端,先行,53.0,420,0,0,0,4,4.5,7,59.0,34.7,3.0,0,0,0.0
9015,函館,1000,芝,良,短い,フラット,1,ガーシュウィン,1,牡,2,舟山,美浦 和田雄,追い込み,53.0,426,0,0,0,5,13.8,8,60.5,35.5,8.0,0,0,0.0
9016,東京,1400,芝,稍重,長い,フラット,6,タクティシアン,6,牡,2,ルメー,美浦 森一,先行,55.0,478,0,0,0,1,2.0,1,85.4,33.3,3.0,0,0,0.0
9016,東京,1400,芝,稍重,長い,フラット,7,ミエルモーサ,7,牝,2,西村淳,栗東 松下,逃げ,55.0,432,0,0,0,2,3.6,2,85.5,33.7,1.0,0,0,0.0
9016,東京,1400,芝,稍重,長い,フラット,1,シュートザワークス,1,牡,2,津村,美浦 千葉,先行,55.0,486,0,0,0,3,4.1,3,86.1,33.8,4.0,0,0,0.0
9016,東京,1400,芝,稍重,長い,フラット,5,エムアイブレイズ,5,牡,2,原,美浦 青木,追い込み,55.0,452,0,0,0,6,31.7,4,86.6,33.6,9.0,0,0,0.0
9016,東京,1400,芝,稍重,長い,フラット,8,シーズザチャンス,7,牝,2,ゴンサ,美浦 大和田,先行,55.0,404,0,0,0,7,58.7,5,86.7,34.5,4.0,0,0,0.0
9016,東京,1400,芝,稍重,長い,フラット,2,アラータス,2,牡,2,丸田,美浦 秋本,差し,55.0,492,0,0,0,8,73.1,6,86.8,34.1,7.0,0,0,0.0
9016,東京,1400,芝,稍重,長い,フラット,10,コールドスリープ,8,牝,2,菊沢,美浦 深山,差し,55.0,456,0,0,0,9,84.1,7,86.8,34.4,6.0,0,0,0.0
9016,東京,1400,芝,稍重,長い,フラット,9,イサチルサリーレ,8,牡,2,木幡初,美浦 竹内,逃げ,55.0,466,0,0,0,4,10.1,8,86.9,35.1,2.0,0,0,0.0
9016,東京,1400,芝,稍重,長い,フラット,4,クラウンフラッグ,4,牡,2,木幡巧,美浦 中川,追い込み,55.0,426,0,0,0,10,132.3,9,87.1,34.5,7.0,0,0,0.0
9016,東京,1400,芝,稍重,長い,フラット,3,シャンパンアワー,3,牡,2,戸崎圭,美浦 田中剛,追い込み,55.0,430,0,0,0,5,16.9,10,91.0,38.0,9.0,0,0,0.0
9017,東京,1800,芝,稍重,長い,フラット,8,アヴィアトーレ,6,牡,2,ゴンサ,美浦 田島,逃げ,55.0,496,0,0,0,7,17.9,1,110.5,34.1,1.0,0,0,0.0
9017,東京,1800,芝,稍重,長い,フラット,5,キャピタルストーン,4,牡,2,大野,美浦 久保田,先行,55.0,432,0,0,0,5,11.8,2,110.7,34.0,4.0,0,0,0.0
9017,東京,1800,芝,稍重,長い,フラット,6,コスモシグナス,5,牡,2,石川,美浦 水野,先行,55.0,444,0,0,0,9,34.0,3,110.8,34.0,4.0,0,0,0.0
9017,東京,1800,芝,稍重,長い,フラット,1,トーセンマスラオ,1,牡,2,菊沢,美浦 菊沢,差し,55.0,504,0,0,0,11,54.9,4,110.9,33.9,7.0,0,0,0.0
9017,東京,1800,芝,稍重,長い,フラット,2,フルーツバスケット,2,牡,2,吉田豊,栗東 前川,追い込み,55.0,456,0,0,0,10,42.8,5,111.0,33.8,11.0,0,0,0.0
9017,東京,1800,芝,稍重,長い,フラット,12,マイネルリコルディ,8,牡,2,原,美浦 青木,逃げ,55.0,442,0,0,0,8,20.0,6,111.2,34.6,2.0,0,0,0.0
9017,東京,1800,芝,稍重,長い,フラット,10,ニシノツムジカゼ,7,牡,2,野中,美浦 西田,逃げ,55.0,510,0,0,0,12,173.8,7,111.3,34.8,2.0,0,0,0.0
9017,東京,1800,芝,稍重,長い,フラット,9,ラガリーガ,6,牡,2,ルメー,美浦 手塚久,差し,55.0,514,0,0,0,1,1.9,8,111.3,34.3,7.0,0,0,0.0
9017,東京,1800,芝,稍重,長い,フラット,13,ダノンコレクト,8,牡,2,荻野極,美浦 森一,差し,55.0,460,0,0,0,6,13.5,9,111.4,34.4,7.0,0,0,0.0
9017,東京,1800,芝,稍重,長い,フラット,3,ホウオウビリーヴ,3,牡,2,戸崎圭,美浦 木村,追い込み,55.0,472,0,0,0,4,9.5,10,111.5,34.5,7.0,0,0,0.0
9017,東京,1800,芝,稍重,長い,フラット,7,レイデアルマス,5,牡,2,西村淳,栗東 杉山佳,先行,55.0,490,0,0,0,3,9.0,11,111.9,35.1,4.0,0,0,0.0
9017,東京,1800,芝,稍重,長い,フラット,4,ノドゥス,4,牡,2,横山典,美浦 斎藤誠,追い込み,55.0,478,0,0,0,2,5.3,12,112.3,34.9,12.0,0,0,0.0
9017,東京,1800,芝,稍重,長い,フラット,11,マイネルアルディ,7,牡,2,石神道,美浦 菊川,追い込み,52.0,430,0,0,0,13,180.7,13,112.3,34.6,13.0,0,0,0.0
9018,阪神,1600,芝,稍重,長い,フラット,5,トップチェッカー,5,牡,2,北村友,栗東 武英,先行,55.0,490,0,0,0,1,2.4,1,97.1,34.3,3.0,0,0,0.0
9018,阪神,1600,芝,稍重,長い,フラット,6,マーゴットマシェリ,6,牝,2,池添,栗東 小林,先行,55.0,462,0,0,0,6,15.7,2,97.3,34.6,3.0,0,0,0.0
9018,阪神,1600,芝,稍重,長い,フラット,2,ヴィヴェローネ,2,牝,2,松山,栗東 高野,差し,55.0,446,0,0,0,3,5.7,3,97.3,34.6,3.0,0,0,0.0
9018,阪神,1600,芝,稍重,長い,フラット,3,ブレイクガール,3,牝,2,坂井,栗東 武幸,差し,55.0,458,0,0,0,2,3.2,4,97.3,34.5,3.0,0,0,0.0
9018,阪神,1600,芝,稍重,長い,フラット,4,ドラゴンドール,4,牡,2,Ｍデム,栗東 大久保,追い込み,55.0,440,0,0,0,5,11.8,5,97.6,34.4,7.0,0,0,0.0
9018,阪神,1600,芝,稍重,長い,フラット,8,バクソウシャチョウ,8,牡,2,川田,栗東 森秀,逃げ,55.0,474,0,0,0,4,8.1,6,97.8,35.2,2.0,0,0,0.0
9018,阪神,1600,芝,稍重,長い,フラット,7,メイケイリチャード,7,牡,2,幸,栗東 中竹,逃げ,55.0,450,0,0,0,8,35.7,7,97.9,35.4,1.0,0,0,0.0
9018,阪神,1600,芝,稍重,長い,フラット,9,フランヴィア,8,牝,2,高杉,栗東 庄野,追い込み,55.0,442,0,0,0,9,66.7,8,98.9,35.7,7.0,0,0,0.0
9018,阪神,1600,芝,稍重,長い,フラット,1,ジーティーキャメル,1,牡,2,岩田望,栗東 宮地,追い込み,55.0,496,0,0,0,7,21.0,9,100.9,37.6,7.0,0,0,0.0
9019,函館,1200,芝,良,短い,フラット,1,フェリチタ,1,牝,2,佐々木,栗東 鈴木孝,逃げ,55.0,440,0,0,0,3,5.8,1,69.5,34.5,1.0,0,0,0.0
9019,函館,1200,芝,良,短い,フラット,3,コックニー,3,牡,2,横山武,美浦 田中剛,逃げ,55.0,488,0,0,0,1,1.8,2,70.0,34.9,2.0,0,0,0.0
9019,函館,1200,芝,良,短い,フラット,6,キチロクタワー,6,牡,2,長浜,美浦 松永康,追い込み,54.0,444,0,0,0,9,55.8,3,70.3,34.7,8.0,0,0,0.0
9019,函館,1200,芝,良,短い,フラット,8,クリアストライク,7,牡,2,小沢,栗東 田中克,先行,55.0,482,0,0,0,2,3.2,4,70.4,35.2,2.0,0,0,0.0
9019,函館,1200,芝,良,短い,フラット,9,トーセンルルド,8,牝,2,横山琉,美浦 杉浦,先行,55.0,448,0,0,0,7,25.5,5,70.4,35.0,4.0,0,0,0.0
9019,函館,1200,芝,良,短い,フラット,4,レインボースター,4,牝,2,舟山,栗東 加藤公,追い込み,53.0,406,0,0,0,5,20.0,6,70.7,35.1,8.0,0,0,0.0
9019,函館,1200,芝,良,短い,フラット,5,ゴートゥービッツン,5,牝,2,遠藤,美浦 伊藤伸,追い込み,52.0,414,0,0,0,10,137.5,7,70.7,35.0,8.0,0,0,0.0
9019,函館,1200,芝,良,短い,フラット,7,リアルジャパン,7,牡,2,和田陽,栗東 大橋,先行,52.0,450,0,0,0,6,24.8,8,70.9,35.5,4.0,0,0,0.0
9019,函館,1200,芝,良,短い,フラット,2,ラストモーメント,2,牡,2,古川吉,栗東 北出,差し,55.0,432,0,0,0,8,55.5,9,71.4,36.0,7.0,0,0,0.0
9019,函館,1200,芝,良,短い,フラット,10,ブレイヴアーサー,8,牡,2,丹内,美浦 奥平,差し,55.0,500,0,0,0,4,17.1,10,72.4,37.0,4.0,0,0,0.0
9021,福島,1200,芝,良,短い,フラット,5,オオセイケイ,5,牝,2,横山武,美浦 竹内,逃げ,55.0,448,4,0,0,1,1.1,1,68.4,34.7,1.0,0,0,0.0
9021,福島,1200,芝,良,短い,フラット,1,ドルチェテソーロ,1,牝,2,木幡巧,美浦 牧,先行,55.0,410,-4,0,0,3,13.0,2,69.0,35.1,2.0,0,0,0.0
9021,福島,1200,芝,良,短い,フラット,2,アイファーラピッド,2,牝,2,団野,栗東 森秀,追い込み,55.0,488,2,0,0,2,12.2,3,69.2,35.4,4.0,0,0,0.0
9021,福島,1200,芝,良,短い,フラット,3,ベアアミーチ,3,牝,2,上里,美浦 杉浦,差し,52.0,428,-6,0,0,4,17.9,4,70.1,36.3,2.0,0,0,0.0
9021,福島,1200,芝,良,短い,フラット,4,ユイノヘラクレス,4,牡,2,木幡初,美浦 深山,追い込み,55.0,452,0,0,0,5,53.2,5,70.5,34.8,5.0,0,0,0.0
9022,函館,1200,芝,良,短い,フラット,7,ダイシンドラゴン,7,牡,2,佐々木,栗東 高橋一,先行,55.0,446,2,0,0,1,2.4,1,70.2,35.4,3.0,0,0,0.0
9022,函館,1200,芝,良,短い,フラット,1,チカバリエンテ,1,牝,2,小林美,栗東 藤野,差し,52.0,452,-2,0,0,5,7.4,2,70.5,34.9,6.0,0,0,0.0
9022,函館,1200,芝,良,短い,フラット,6,ガーシュウィン,6,牡,2,河原田,美浦 和田雄,追い込み,51.0,432,6,0,0,8,85.1,3,71.0,35.4,8.0,0,0,0.0
9022,函館,1200,芝,良,短い,フラット,3,ウィルレーヴィア,3,牡,2,横山琉,美浦 尾形,追い込み,55.0,426,4,0,0,7,73.1,4,71.0,35.6,6.0,0,0,0.0
9022,函館,1200,芝,良,短い,フラット,5,シークレットタワー,5,牡,2,丹内,美浦 金成,先行,55.0,454,4,0,0,3,5.0,5,71.3,36.4,4.0,0,0,0.0
9022,函館,1200,芝,良,短い,フラット,8,アイルドフルール,8,牝,2,北村友,栗東 田中克,差し,55.0,400,4,0,0,6,37.6,6,71.3,35.9,5.0,0,0,0.0
9022,函館,1200,芝,良,短い,フラット,4,キセキノユニコーン,4,牡,2,古川奈,美浦 伊坂,逃げ,53.0,484,2,0,0,2,3.8,7,71.6,37.0,1.0,0,0,0.0
9022,函館,1200,芝,良,短い,フラット,2,パンジャケリー,2,牡,2,岩田望,栗東 橋田,逃げ,55.0,482,-6,0,0,4,5.2,8,72.0,37.4,2.0,0,0,0.0
9023,福島,1800,芝,稍重,短い,フラット,1,コスモハナミズキ,1,牝,2,木幡巧,美浦 菊川,逃げ,55.0,420,0,0,0,4,17.8,1,108.1,35.6,1.0,0,0,0.0
9023,福島,1800,芝,稍重,短い,フラット,3,ウィンターブリーズ,3,牡,2,戸崎圭,美浦 田中博,逃げ,55.0,478,6,0,0,1,1.1,2,108.2,35.6,2.0,0,0,0.0
9023,福島,1800,芝,稍重,短い,フラット,5,レゾルーティオ,5,牡,2,北村友,栗東 坂口,先行,55.0,448,-2,0,0,2,5.6,3,108.5,35.7,3.0,0,0,0.0
9023,福島,1800,芝,稍重,短い,フラット,4,ニューロファイター,4,牡,2,坂井,美浦 和田勇,先行,55.0,472,-14,0,0,3,9.7,4,108.6,35.7,4.0,0,0,0.0
9023,福島,1800,芝,稍重,短い,フラット,8,エムアイブレイズ,8,牡,2,原,美浦 青木,差し,55.0,446,-6,0,0,5,24.7,5,109.0,35.6,5.0,0,0,0.0
9023,福島,1800,芝,稍重,短い,フラット,6,シーズザチャンス,6,牝,2,津村,美浦 大和田,差し,55.0,404,0,0,0,6,50.3,6,109.3,36.1,6.0,0,0,0.0
9023,福島,1800,芝,稍重,短い,フラット,7,ユイノヘラクレス,7,牡,2,木幡初,美浦 深山,追い込み,55.0,448,-4,0,0,7,139.5,7,109.8,36.1,7.0,0,0,0.0
9023,福島,1800,芝,稍重,短い,フラット,2,ウスズミザクラ,2,牝,2,柴田大,美浦 粕谷,追い込み,55.0,416,-4,0,0,8,235.4,8,109.9,36.3,8.0,0,0,0.0
9024,函館,1200,芝,良,短い,フラット,7,ショウナンカノア,7,牝,2,池添,栗東 清水久,先行,55.0,464,6,0,0,3,7.0,1,68.8,34.3,3.0,0,0,0.0
9024,函館,1200,芝,良,短い,フラット,2,アルテクィーン,2,牝,2,鮫島駿,栗東 杉山晴,逃げ,55.0,464,10,0,0,1,1.8,2,68.8,34.6,1.0,0,0,0.0
9024,函館,1200,芝,良,短い,フラット,5,トーセンルルド,5,牝,2,佐々木,美浦 杉浦,逃げ,55.0,452,4,0,0,4,10.0,3,69.2,34.9,2.0,0,0,0.0
9024,函館,1200,芝,良,短い,フラット,3,ヌーンベルク,3,牝,2,横山武,美浦 武井,先行,55.0,430,-2,0,0,2,2.8,4,69.3,34.8,3.0,0,0,0.0
9024,函館,1200,芝,良,短い,フラット,1,テイクケア,1,牝,2,横山琉,美浦 和田郎,差し,55.0,430,-10,0,0,7,46.2,5,69.7,34.9,5.0,0,0,0.0
9024,函館,1200,芝,良,短い,フラット,8,ゴートゥービッツン,8,牝,2,遠藤,美浦 伊藤伸,差し,52.0,418,4,0,0,9,124.1,6,69.9,35.1,5.0,0,0,0.0
9024,函館,1200,芝,良,短い,フラット,6,アズライトティアラ,6,牝,2,小沢,栗東 浜田,追い込み,55.0,402,-2,0,0,6,33.5,7,69.9,34.8,7.0,0,0,0.0
9024,函館,1200,芝,良,短い,フラット,4,イチゴワタアメ,4,牝,2,小林美,美浦 中舘,追い込み,52.0,424,2,0,0,5,30.3,8,70.8,35.2,8.0,0,0,0.0
9024,函館,1200,芝,良,短い,フラット,9,アイシテルヨナオミ,8,牝,2,吉田隼,栗東 畑端,追い込み,55.0,416,-4,0,0,8,107.9,9,72.1,36.3,9.0,0,0,0.0
9026,函館,1200,芝,良,短い,フラット,4,ライーリーアース,4,牝,2,原田和,美浦 蛯名利,逃げ,55.0,418,-4,0,0,5,9.4,1,69.8,35.6,2.0,0,0,0.0
9026,函館,1200,芝,良,短い,フラット,7,チカバリエンテ,7,牝,2,小林美,栗東 藤野,追い込み,52.0,454,2,0,0,3,5.9,2,69.8,34.8,8.0,0,0,0.0
9026,函館,1200,芝,良,短い,フラット,2,キチロクタワー,2,牡,2,長浜,美浦 松永康,逃げ,54.0,450,6,0,0,4,6.8,3,69.8,35.5,1.0,0,0,0.0
9026,函館,1200,芝,良,短い,フラット,8,リアルジャパン,8,牡,2,吉田隼,栗東 大橋,追い込み,55.0,444,-6,0,0,8,62.8,4,70.0,35.4,8.0,0,0,0.0
9026,函館,1200,芝,良,短い,フラット,9,レインボースター,8,牝,2,舟山,栗東 加藤公,差し,54.0,406,0,0,0,7,37.0,5,70.0,35.4,6.0,0,0,0.0
9026,函館,1200,芝,良,短い,フラット,3,マナベラ,3,牝,2,丹内,美浦 岩戸,差し,55.0,414,0,0,0,6,21.7,6,70.4,36.2,5.0,0,0,0.0
9026,函館,1200,芝,良,短い,フラット,1,アイルドフルール,1,牝,2,河原田,栗東 田中克,追い込み,51.0,400,0,0,0,9,66.9,7,70.8,36.4,6.0,0,0,0.0
9026,函館,1200,芝,良,短い,フラット,6,コックニー,6,牡,2,横山武,美浦 田中剛,先行,55.0,486,-2,0,0,1,1.8,8,72.0,38.1,2.0,0,0,0.0
9026,函館,1200,芝,良,短い,フラット,5,クリアストライク,5,牡,2,佐々木,栗東 田中克,先行,55.0,484,2,0,0,2,5.8,9,72.4,38.5,2.0,0,0,0.0
9028,小倉,1200,芝,良,短い,フラット,10,カレンハウ,7,牡,2,松山,栗東 柴田,逃げ,55.0,448,-10,0,0,1,1.8,1,68.6,35.8,2.0,0,0,0.0
9028,小倉,1200,芝,良,短い,フラット,12,バクソウシャチョウ,8,牡,2,川田,栗東 森秀,逃げ,55.0,468,-6,0,0,3,10.5,2,68.8,36.1,1.0,0,0,0.0
9028,小倉,1200,芝,良,短い,フラット,2,ラホーヤアイズ,2,牝,2,松若,栗東 藤野,先行,55.0,410,-10,0,0,8,29.9,3,68.9,35.8,4.0,0,0,0.0
9028,小倉,1200,芝,良,短い,フラット,11,キムケンシーサー,8,牡,2,今村,栗東 前川,差し,53.0,394,-2,0,0,5,19.0,4,69.1,35.6,7.0,0,0,0.0
9028,小倉,1200,芝,良,短い,フラット,3,ゴールドショーマン,3,牡,2,森田,栗東 高橋一,差し,52.0,404,0,0,0,11,301.3,5,69.3,35.7,7.0,0,0,0.0
9028,小倉,1200,芝,良,短い,フラット,8,ハロナ,6,牝,2,田山,栗東 須貝,差し,53.0,434,-4,0,0,4,15.7,6,69.5,35.7,9.0,0,0,0.0
9028,小倉,1200,芝,良,短い,フラット,4,ユイリノベーション,4,牡,2,藤懸,栗東 平田,追い込み,55.0,464,0,0,0,10,146.2,7,69.5,35.6,11.0,0,0,0.0
9028,小倉,1200,芝,良,短い,フラット,9,マルモリマイベスト,7,牡,2,泉谷,栗東 緒方,追い込み,55.0,422,4,0,0,9,50.9,8,69.5,35.8,9.0,0,0,0.0
9028,小倉,1200,芝,良,短い,フラット,5,クリコキアナ,5,牝,2,国分恭,栗東 谷,先行,55.0,448,-6,0,0,7,23.1,9,69.7,36.6,5.0,0,0,0.0
9028,小倉,1200,芝,良,短い,フラット,7,アセンシオン,6,牡,2,幸,栗東 角田,先行,55.0,464,-8,0,0,6,20.3,10,70.3,37.1,6.0,0,0,0.0
9028,小倉,1200,芝,良,短い,フラット,1,ミエルモーサ,1,牝,2,西村淳,栗東 松下,逃げ,55.0,432,0,0,0,2,2.8,11,70.3,37.5,2.0,0,0,0.0
9028,小倉,1200,芝,良,短い,フラット,6,カシノカゲマル,5,セ,2,秋山稔,美浦 蛯名利,追い込み,55.0,448,-6,0,0,12,371.2,12,71.8,37.5,12.0,0,0,0.0
9029,函館,1000,ダート,稍重,短い,フラット,1,ラピッドテソーロ,1,牝,2,丹内,美浦 畠山,逃げ,55.0,440,4,0,0,2,2.7,1,59.1,35.7,1.0,0,0,0.0
9029,函館,1000,ダート,稍重,短い,フラット,5,クラウスーラ,5,牝,2,横山武,栗東 小栗,先行,55.0,436,2,0,0,1,1.9,2,59.4,35.7,4.0,0,0,0.0
9029,函館,1000,ダート,稍重,短い,フラット,10,ワイドウィンザー,8,牡,2,斎藤,栗東 西園翔,逃げ,55.0,448,-6,0,0,4,9.7,3,59.8,36.3,2.0,0,0,0.0
9029,函館,1000,ダート,稍重,短い,フラット,2,タイガーストリート,2,牝,2,小沢,栗東 大橋,先行,55.0,432,4,0,0,7,42.2,4,60.0,36.4,3.0,0,0,0.0
9029,函館,1000,ダート,稍重,短い,フラット,8,ベイビーブラザー,7,牡,2,吉田隼,栗東 安達,差し,55.0,456,-10,0,0,5,19.8,5,60.1,35.9,6.0,0,0,0.0
9029,函館,1000,ダート,稍重,短い,フラット,3,ラストモーメント,3,牡,2,古川吉,栗東 北出,先行,55.0,432,0,0,0,6,33.2,6,60.5,36.7,5.0,0,0,0.0
9029,函館,1000,ダート,稍重,短い,フラット,7,ウメヒナタ,6,牝,2,佐々木,栗東 橋田,差し,55.0,466,-4,0,0,3,7.9,7,61.0,37.0,6.0,0,0,0.0
9029,函館,1000,ダート,稍重,短い,フラット,11,カクシンゴールド,8,牡,2,河原田,栗東 中竹,追い込み,51.0,456,2,0,0,9,99.9,8,61.2,36.2,10.0,0,0,0.0
9029,函館,1000,ダート,稍重,短い,フラット,9,ロゼハイスクール,7,牝,2,古川奈,栗東 小崎,追い込み,53.0,402,-6,0,0,10,108.7,9,61.8,37.2,8.0,0,0,0.0
9029,函館,1000,ダート,稍重,短い,フラット,6,セイウンコハルタ,6,牝,2,長浜,美浦 柄崎,追い込み,54.0,408,-2,0,0,8,98.3,10,62.7,38.7,8.0,0,0,0.0
9030,福島,1200,芝,良,短い,フラット,12,ショウナンハーヴェ,8,牡,2,坂井,美浦 中舘,逃げ,55.0,436,2,0,0,4,7.6,1,69.6,35.5,3.0,0,0,0.0
9030,福島,1200,芝,良,短い,フラット,5,エーアイクワイ,4,牡,2,石川,美浦 相沢,先行,55.0,482,4,0,0,3,5.9,2,69.8,35.5,3.0,0,0,0.0
9030,福島,1200,芝,良,短い,フラット,8,シュネーバレン,6,牝,2,木幡巧,美浦 牧,先行,55.0,426,2,0,0,2,5.5,3,70.0,35.7,5.0,0,0,0.0
9030,福島,1200,芝,良,短い,フラット,3,ウインリスノアール,3,牝,2,石神道,美浦 和田郎,差し,53.0,444,-6,0,0,8,64.4,4,70.0,35.2,7.0,0,0,0.0
9030,福島,1200,芝,良,短い,フラット,9,アイデアルカット,6,牡,2,江田照,美浦 手塚徳,先行,55.0,436,4,0,0,7,40.0,5,70.2,35.6,6.0,0,0,0.0
9030,福島,1200,芝,良,短い,フラット,4,サリードゥ,4,牝,2,津村,美浦 鈴木伸,逃げ,55.0,442,-4,0,0,1,1.5,6,70.3,36.3,1.0,0,0,0.0
9030,福島,1200,芝,良,短い,フラット,6,イサチルサリーレ,5,牡,2,木幡初,美浦 竹内,差し,55.0,464,-2,0,0,6,32.9,7,71.0,35.9,7.0,0,0,0.0
9030,福島,1200,芝,良,短い,フラット,2,エーオープリマ,2,牝,2,原,美浦 久保田,追い込み,55.0,426,-10,0,0,9,158.9,8,71.2,35.8,10.0,0,0,0.0
9030,福島,1200,芝,良,短い,フラット,1,ヴェットビルズ,1,牝,2,木幡育,美浦 的場,追い込み,55.0,464,6,0,0,12,462.7,9,71.7,35.7,11.0,0,0,0.0
9030,福島,1200,芝,良,短い,フラット,11,プリンセスロッティ,7,牝,2,谷原,美浦 伊藤圭,逃げ,51.0,428,-10,0,0,5,30.3,10,71.8,37.9,2.0,0,0,0.0
9030,福島,1200,芝,良,短い,フラット,10,アミノショコラ,7,牡,2,野中,美浦 杉浦,追い込み,55.0,468,-4,0,0,11,274.3,11,72.2,36.2,11.0,0,0,0.0
9030,福島,1200,芝,良,短い,フラット,13,オルッス,8,牡,2,嶋田,美浦 伊坂,差し,55.0,438,6,0,0,10,175.4,12,72.4,38.2,7.0,0,0,0.0
9031,福島,1800,芝,良,短い,フラット,2,ビップヴィーナス,2,牝,2,坂井,美浦 田島,先行,55.0,452,2,0,0,1,2.0,1,109.0,36.4,3.0,0,0,0.0
9031,福島,1800,芝,良,短い,フラット,3,ウィナーズチェック,3,牝,2,津村,美浦 和田勇,差し,55.0,376,-8,0,0,4,8.4,2,109.0,36.3,5.0,0,0,0.0
9031,福島,1800,芝,良,短い,フラット,1,サノノキセキ,1,牡,2,戸崎圭,美浦 尾形,逃げ,55.0,458,-4,0,0,2,2.7,3,109.0,36.8,1.0,0,0,0.0
9031,福島,1800,芝,良,短い,フラット,9,スクリプトール,8,牡,2,石川,美浦 手塚久,逃げ,55.0,472,8,0,0,3,7.9,4,109.1,36.8,2.0,0,0,0.0
9031,福島,1800,芝,良,短い,フラット,4,カペラテソーロ,4,牡,2,木幡巧,美浦 牧,追い込み,55.0,480,-2,0,0,5,13.9,5,109.3,36.5,7.0,0,0,0.0
9031,福島,1800,芝,良,短い,フラット,5,ティアラスピリット,5,牝,2,菊沢,美浦 上原博,追い込み,55.0,466,0,0,0,8,185.4,6,109.6,36.9,7.0,0,0,0.0
9031,福島,1800,芝,良,短い,フラット,8,ファウナード,8,牡,2,石橋脩,美浦 上原佑,差し,55.0,452,4,0,0,7,63.2,7,109.9,37.3,5.0,0,0,0.0
9031,福島,1800,芝,良,短い,フラット,6,フレンデル,6,牡,2,杉原,美浦 金成,先行,55.0,438,-8,0,0,6,18.9,8,110.4,38.0,3.0,0,0,0.0
9031,福島,1800,芝,良,短い,フラット,7,レディレックス,7,牝,2,石神道,美浦 秋本,追い込み,53.0,484,-12,0,0,9,274.0,9,111.8,38.7,9.0,0,0,0.0
9032,小倉,1800,芝,稍重,短い,フラット,10,ニシノフランケン,8,牡,2,亀田,栗東 北出,差し,55.0,428,0,0,0,2,4.6,1,110.0,35.7,7.0,0,0,0.0
9032,小倉,1800,芝,稍重,短い,フラット,5,ブレイクガール,5,牝,2,松山,栗東 武幸,先行,55.0,454,-4,0,0,1,1.6,2,110.4,36.2,5.0,0,0,0.0
9032,小倉,1800,芝,稍重,短い,フラット,4,プリメラエストレラ,4,牡,2,コレッ,栗東 橋田,逃げ,55.0,504,-8,0,0,6,24.2,3,110.4,36.4,2.0,0,0,0.0
9032,小倉,1800,芝,稍重,短い,フラット,2,イザベル,2,牝,2,松若,栗東 藤野,逃げ,55.0,424,0,0,0,9,91.7,4,110.6,36.9,1.0,0,0,0.0
9032,小倉,1800,芝,稍重,短い,フラット,1,パーセンタイル,1,牡,2,森田,栗東 前川,差し,52.0,402,-6,0,0,8,38.5,5,110.6,36.3,7.0,0,0,0.0
9032,小倉,1800,芝,稍重,短い,フラット,9,プリマアルバ,7,牡,2,西村淳,栗東 新谷,先行,55.0,456,-2,0,0,5,16.6,6,110.8,36.6,3.0,0,0,0.0
9032,小倉,1800,芝,稍重,短い,フラット,7,アシャカブラーヴ,6,牡,2,幸,栗東 大根田,先行,55.0,486,-4,0,0,4,9.5,7,110.8,36.8,3.0,0,0,0.0
9032,小倉,1800,芝,稍重,短い,フラット,8,スピークロウ,7,牡,2,田山,栗東 浜田,追い込み,54.0,456,-2,0,0,3,6.8,8,111.4,36.9,7.0,0,0,0.0
9032,小倉,1800,芝,稍重,短い,フラット,11,ドナズエクリプス,8,牡,2,吉村,栗東 清水久,追い込み,55.0,458,4,0,0,7,29.7,9,111.5,37.0,10.0,0,0,0.0
9032,小倉,1800,芝,稍重,短い,フラット,3,アイルエクラ,3,牡,2,飛田愛,栗東 新谷,追い込み,55.0,452,4,0,0,11,267.1,10,112.4,37.5,11.0,0,0,0.0
9032,小倉,1800,芝,稍重,短い,フラット,6,フランヴィア,6,牝,2,高杉,栗東 庄野,差し,55.0,432,-10,0,0,10,135.9,11,113.9,40.0,5.0,0,0,0.0
9033,函館,1800,芝,良,短い,フラット,2,ロジクラウン,2,牡,2,武豊,栗東 須貝,先行,55.0,474,8,0,0,1,1.2,1,109.8,34.9,3.0,0,0,0.0
9033,函館,1800,芝,良,短い,フラット,6,イッペイ,6,牡,2,浜中,栗東 松永幹,逃げ,55.0,482,0,0,0,2,3.2,2,109.9,35.3,2.0,0,0,0.0
9033,函館,1800,芝,良,短い,フラット,3,アートオブブライト,3,牡,2,丹内,美浦 水野,逃げ,55.0,452,-6,0,0,3,19.0,3,110.8,36.6,1.0,0,0,0.0
9033,函館,1800,芝,良,短い,フラット,8,ガーシュウィン,8,牡,2,河原田,美浦 和田雄,先行,51.0,424,-8,0,0,7,79.3,4,111.0,36.4,3.0,0,0,0.0
9033,函館,1800,芝,良,短い,フラット,4,ロードレスポンス,4,牡,2,横山和,美浦 和田勇,差し,55.0,426,0,0,0,4,28.4,5,111.2,36.2,5.0,0,0,0.0
9033,函館,1800,芝,良,短い,フラット,7,ハイビスカス,7,牝,2,佐々木,美浦 杉浦,差し,55.0,476,-10,0,0,6,67.2,6,111.2,36.0,6.0,0,0,0.0
9033,函館,1800,芝,良,短い,フラット,5,レインボースター,5,牝,2,舟山,栗東 加藤公,追い込み,54.0,392,-14,0,0,5,54.7,7,111.3,36.2,6.0,0,0,0.0
9033,函館,1800,芝,良,短い,フラット,1,サンゴート,1,牝,2,鷲頭,美浦 村田,追い込み,53.0,388,0,0,0,8,136.9,8,111.5,36.0,8.0,0,0,0.0
9034,福島,1150,ダート,良,短い,フラット,1,ムーンベリル,1,牝,2,坂井,栗東 西村,逃げ,55.0,460,-6,0,0,1,1.1,1,69.6,37.3,1.0,0,0,0.0
9034,福島,1150,ダート,良,短い,フラット,6,ドナビッグベン,6,牝,2,荻野極,美浦 秋本,逃げ,55.0,452,-4,0,0,5,34.2,2,70.0,37.6,2.0,0,0,0.0
9034,福島,1150,ダート,良,短い,フラット,10,ユイノキャッツアイ,8,牡,2,木幡初,美浦 深山,先行,55.0,484,4,0,0,2,4.9,3,70.5,38.0,4.0,0,0,0.0
9034,福島,1150,ダート,良,短い,フラット,5,リケアチャチャチャ,5,牝,2,石田,美浦 上原博,先行,52.0,414,-8,0,0,9,271.1,4,72.0,39.8,2.0,0,0,0.0
9034,福島,1150,ダート,良,短い,フラット,3,スウィット,3,牡,2,木幡巧,美浦 牧,差し,55.0,468,10,0,0,4,31.1,5,72.1,39.1,6.0,0,0,0.0
9034,福島,1150,ダート,良,短い,フラット,4,トムキャット,4,牝,2,松岡,美浦 伊藤伸,差し,55.0,434,-2,0,0,6,89.9,6,72.5,39.5,6.0,0,0,0.0
9034,福島,1150,ダート,良,短い,フラット,9,レオライジング,8,牝,2,原,美浦 杉浦,先行,55.0,466,-2,0,0,7,178.7,7,72.5,39.9,4.0,0,0,0.0
9034,福島,1150,ダート,良,短い,フラット,8,ココニイルヨ,7,牝,2,谷原,美浦 粕谷,追い込み,51.0,386,0,0,0,8,205.6,8,72.7,39.5,9.0,0,0,0.0
9034,福島,1150,ダート,良,短い,フラット,2,ケンシロウワールド,2,牡,2,団野,栗東 森秀,追い込み,55.0,518,6,0,0,3,10.8,9,73.6,41.0,6.0,0,0,0.0
9034,福島,1150,ダート,良,短い,フラット,7,ウカテンセイ,7,牝,2,小崎,美浦 佐藤吉,追い込み,55.0,458,0,0,0,10,368.3,10,73.6,39.1,10.0,0,0,0.0
9035,函館,1200,芝,重,短い,フラット,1,ステラトップガン,1,牡,2,鮫島駿,栗東 高柳大,追い込み,55.0,444,2,0,0,1,1.7,1,72.0,35.8,7.0,0,0,0.0
9035,函館,1200,芝,重,短い,フラット,5,タイフーンナイン,5,牝,2,佐々木,栗東 柴田,逃げ,55.0,440,6,0,0,2,4.9,2,72.1,36.4,1.0,0,0,0.0
9035,函館,1200,芝,重,短い,フラット,3,リアルジャパン,3,牡,2,吉田隼,栗東 大橋,追い込み,55.0,444,0,0,0,6,20.8,3,72.2,35.8,7.0,0,0,0.0
9035,函館,1200,芝,重,短い,フラット,8,キチロクタワー,8,牡,2,長浜,美浦 松永康,逃げ,54.0,448,-2,0,0,3,5.1,4,72.3,36.6,2.0,0,0,0.0
9035,函館,1200,芝,重,短い,フラット,4,ショパンコンクール,4,牡,2,丹内,美浦 岩戸,先行,55.0,430,0,0,0,4,6.0,5,72.3,36.2,4.0,0,0,0.0
9035,函館,1200,芝,重,短い,フラット,6,ゴートゥービッツン,6,牝,2,遠藤,美浦 伊藤伸,先行,52.0,410,-8,0,0,8,132.0,6,72.3,36.6,2.0,0,0,0.0
9035,函館,1200,芝,重,短い,フラット,7,アイルドフルール,7,牝,2,河原田,栗東 田中克,差し,51.0,396,-4,0,0,7,114.0,7,72.4,36.4,4.0,0,0,0.0
9035,函館,1200,芝,重,短い,フラット,2,リーゼントエース,2,牡,2,池添,栗東 矢作,差し,55.0,446,-2,0,0,5,17.8,8,72.9,36.9,4.0,0,0,0.0
9037,中京,1400,芝,良,普通,フラット,11,ブレイクアウェイ,7,牡,2,岩田望,栗東 上村,逃げ,55.0,452,0,0,0,1,1.9,1,82.5,34.0,3.0,2026-07-25,0,0.0
9037,中京,1400,芝,良,普通,フラット,12,ラインエレガント,8,牝,2,吉村,栗東 牧田,先行,55.0,432,0,0,0,10,74.5,2,82.6,33.9,5.0,2026-07-25,0,0.0
9037,中京,1400,芝,良,普通,フラット,1,エアロクリスタ,1,牡,2,松山,栗東 池添,先行,55.0,468,0,0,0,3,6.4,3,83.1,34.5,3.0,2026-07-25,0,0.0
9037,中京,1400,芝,良,普通,フラット,13,ベルヴェール,8,牡,2,西村淳,栗東 石坂,先行,55.0,464,0,0,0,7,25.9,4,83.1,34.3,6.0,2026-07-25,0,0.0
9037,中京,1400,芝,良,普通,フラット,3,コスモルミナ,3,牡,2,松若,栗東 宮地,逃げ,55.0,438,0,0,0,5,9.8,5,83.1,34.7,2.0,2026-07-25,0,0.0
9037,中京,1400,芝,良,普通,フラット,8,ソリドゥス,6,牡,2,秋山稔,栗東 安達,追い込み,55.0,462,0,0,0,11,138.9,6,83.2,33.9,10.0,2026-07-25,0,0.0
9037,中京,1400,芝,良,普通,フラット,9,レッドレヴェリー,6,牡,2,富田,栗東 武幸,差し,55.0,448,0,0,0,2,5.7,7,83.3,34.3,8.0,2026-07-25,0,0.0
9037,中京,1400,芝,良,普通,フラット,2,タガノレクシア,2,牡,2,幸,栗東 鈴木孝,逃げ,55.0,488,0,0,0,4,6.9,8,83.4,35.2,1.0,2026-07-25,0,0.0
9037,中京,1400,芝,良,普通,フラット,10,ロンリーマン,7,牡,2,田山,栗東 荒川,追い込み,54.0,432,0,0,0,6,19.7,9,83.5,34.0,11.0,2026-07-25,0,0.0
9037,中京,1400,芝,良,普通,フラット,4,リアルメッセージ,4,牡,2,城戸,栗東 小林,差し,55.0,450,0,0,0,12,151.7,10,83.7,34.6,9.0,2026-07-25,0,0.0
9037,中京,1400,芝,良,普通,フラット,7,ノトコンゴウ,5,牡,2,角田和,栗東 中尾,追い込み,55.0,486,0,0,0,8,33.8,11,83.9,34.4,11.0,2026-07-25,0,0.0
9037,中京,1400,芝,良,普通,フラット,5,テーオーライガ,4,牡,2,団野,栗東 浜田,差し,55.0,480,0,0,0,9,68.6,12,83.9,35.1,6.0,2026-07-25,0,0.0
9037,中京,1400,芝,良,普通,フラット,6,ヤマトデュノール,5,牡,2,森田,栗東 安達,追い込み,52.0,450,0,0,0,13,349.3,13,85.4,35.6,13.0,2026-07-25,0,0.0
9041,中京,1200,ダート,良,普通,フラット,1,レッドネビュラ,1,牡,2,吉村,栗東 四位,逃げ,55.0,484,16,0,0,2,2.5,1,73.6,37.9,1.0,2026-07-25,0,0.0
9041,中京,1200,ダート,良,普通,フラット,6,エコロメジャー,6,牡,2,岩田望,栗東 牧浦,先行,55.0,460,0,0,0,3,7.2,2,74.0,37.9,3.0,2026-07-25,0,0.0
9041,中京,1200,ダート,良,普通,フラット,3,アースグリッパー,3,牝,2,松山,栗東 秋山,逃げ,55.0,482,-4,0,0,4,8.5,3,74.4,38.7,2.0,2026-07-25,0,0.0
9041,中京,1200,ダート,良,普通,フラット,5,エルダークローネ,5,牡,2,田山,栗東 西村,追い込み,54.0,462,2,0,0,1,1.9,4,75.1,38.9,7.0,2026-07-25,0,0.0
9041,中京,1200,ダート,良,普通,フラット,4,シャインロード,4,牡,2,松若,栗東 井上,追い込み,55.0,474,-4,0,0,8,140.1,5,75.2,38.1,8.0,2026-07-25,0,0.0
9041,中京,1200,ダート,良,普通,フラット,8,クイーンズアイ,8,牝,2,太宰,栗東 昆,差し,55.0,444,-4,0,0,9,157.6,6,75.6,39.7,5.0,2026-07-25,0,0.0
9041,中京,1200,ダート,良,普通,フラット,7,テーオージャスミン,7,牝,2,西塚,栗東 藤野,先行,55.0,424,-6,0,0,7,87.6,7,75.6,39.7,3.0,2026-07-25,0,0.0
9041,中京,1200,ダート,良,普通,フラット,2,ワイドアイリー,2,牝,2,幸,栗東 藤野,差し,55.0,444,10,0,0,6,45.5,8,76.1,40.0,6.0,2026-07-25,0,0.0
9041,中京,1200,ダート,良,普通,フラット,9,トム,8,牡,2,永島,美浦 石栗,追い込み,53.0,486,2,0,0,5,38.7,9,78.9,41.9,9.0,2026-07-25,0,0.0
9047,札幌,1800,芝,良,短い,フラット,9,ノヴァヴェローチェ,8,牡,2,北村友,栗東 上村,逃げ,55.0,510,0,0,0,3,7.4,1,108.2,34.4,1.0,2026-07-26,0,0.0
9047,札幌,1800,芝,良,短い,フラット,2,サトノフルーク,2,牡,2,佐々木,美浦 堀,先行,55.0,494,0,0,0,1,1.3,2,108.8,34.8,3.0,2026-07-26,0,0.0
9047,札幌,1800,芝,良,短い,フラット,6,レゾンフォルテ,6,牡,2,横山和,栗東 昆,先行,55.0,462,0,0,0,2,6.3,3,108.8,34.3,5.0,2026-07-26,0,0.0
9047,札幌,1800,芝,良,短い,フラット,4,リアライズセレスト,4,牡,2,武豊,栗東 武幸,差し,55.0,424,0,0,0,5,14.6,4,109.4,35.3,5.0,2026-07-26,0,0.0
9047,札幌,1800,芝,良,短い,フラット,8,ミラマルニ,7,牝,2,黛,美浦 伊藤圭,追い込み,55.0,450,0,0,0,10,158.5,5,109.5,34.8,9.0,2026-07-26,0,0.0
9047,札幌,1800,芝,良,短い,フラット,7,マイネルラビリンス,7,牡,2,和田陽,美浦 金成,追い込み,52.0,466,0,0,0,9,137.9,6,109.7,34.9,10.0,2026-07-26,0,0.0
9047,札幌,1800,芝,良,短い,フラット,3,コスモトップ,3,牡,2,西村淳,栗東 武英,先行,55.0,470,0,0,0,4,13.7,7,109.8,35.9,3.0,2026-07-26,0,0.0
9047,札幌,1800,芝,良,短い,フラット,1,ジャストワナフライ,1,牡,2,舟山,栗東 小栗,追い込み,54.0,450,0,0,0,8,78.5,8,109.9,35.7,8.0,2026-07-26,0,0.0
9047,札幌,1800,芝,良,短い,フラット,5,ローザベッラ,5,牝,2,丹内,栗東 西園翔,差し,55.0,470,0,0,0,6,26.9,9,110.2,36.2,5.0,2026-07-26,0,0.0
9047,札幌,1800,芝,良,短い,フラット,10,サンライズジャポネ,8,牡,2,鮫島駿,栗東 前川,逃げ,55.0,530,0,0,0,7,35.1,10,111.3,37.6,2.0,2026-07-26,0,0.0
9048,新潟,1400,芝,良,長い,フラット,7,リリカルフレア,6,牝,2,戸崎圭,美浦 畠山,先行,55.0,428,-4,0,0,1,2.0,1,82.0,34.9,5.0,2026-07-26,0,0.0
9048,新潟,1400,芝,良,長い,フラット,6,ワレモコウ,6,牝,2,西塚,美浦 小笠,逃げ,55.0,446,0,0,0,7,20.7,2,82.3,35.6,2.0,2026-07-26,0,0.0
9048,新潟,1400,芝,良,長い,フラット,4,ブラックミューズ,4,牝,2,岩田望,栗東 松永幹,差し,55.0,480,-6,0,0,2,2.5,3,82.3,34.9,6.0,2026-07-26,0,0.0
9048,新潟,1400,芝,良,長い,フラット,1,ドルチェテソーロ,1,牝,2,木幡巧,美浦 牧,逃げ,55.0,416,6,0,0,4,15.3,4,82.4,35.9,1.0,2026-07-26,0,0.0
9048,新潟,1400,芝,良,長い,フラット,10,パストザクラウン,8,牝,2,今村,栗東 高橋忠,差し,53.0,442,-8,0,0,8,55.5,5,82.5,34.8,7.0,2026-07-26,0,0.0
9048,新潟,1400,芝,良,長い,フラット,5,アテナブレイブ,5,牝,2,横山典,美浦 手塚徳,先行,55.0,422,2,0,0,3,10.9,6,82.6,35.6,3.0,2026-07-26,0,0.0
9048,新潟,1400,芝,良,長い,フラット,11,マーズワース,8,牝,2,大野,美浦 小手川,追い込み,55.0,424,-2,0,0,6,17.1,7,82.7,34.6,10.0,2026-07-26,0,0.0
9048,新潟,1400,芝,良,長い,フラット,3,マルガリート,3,牝,2,杉原,美浦 佐藤吉,差し,55.0,458,2,0,0,11,336.3,8,82.8,34.8,8.0,2026-07-26,0,0.0
9048,新潟,1400,芝,良,長い,フラット,8,タガノカハンカ,7,牝,2,菊沢,栗東 西園翔,先行,55.0,452,6,0,0,5,16.9,9,83.0,36.1,3.0,2026-07-26,0,0.0
9048,新潟,1400,芝,良,長い,フラット,9,ヴェールネージュ,7,牝,2,上里,美浦 伊坂,追い込み,52.0,414,2,0,0,9,175.5,10,83.2,35.3,8.0,2026-07-26,0,0.0
9048,新潟,1400,芝,良,長い,フラット,2,ハルガスミ,2,牝,2,松岡,美浦 堀内,追い込み,55.0,414,-2,0,0,10,252.6,11,85.6,37.2,11.0,2026-07-26,0,0.0
1027,小倉,1200,芝,重,短い,フラット,1,シスキンブルーム,1,牝,2,団野,栗東 斉藤崇,逃げ,55.0,454,-6,0,0,1,1.1,1,69.0,34.0,1.0,2026-06-27,未勝利,0.0
1027,小倉,1200,芝,重,短い,フラット,2,スマートメモリー,2,牝,2,吉村,栗東 石坂,先行,55.0,428,0,0,0,3,17.7,2,69.6,34.5,2.0,2026-06-27,未勝利,0.0
1027,小倉,1200,芝,重,短い,フラット,5,クリコキアナ,5,牝,2,国分恭,栗東 谷,先行,55.0,454,-4,0,0,2,11.3,3,69.7,34.5,3.0,2026-06-27,未勝利,0.0
1027,小倉,1200,芝,重,短い,フラット,3,ペプチドニンバス,3,牡,2,富田,栗東 武英,差し,55.0,452,-8,0,0,6,40.9,4,70.9,35.5,4.0,2026-06-27,未勝利,0.0
1027,小倉,1200,芝,重,短い,フラット,6,ニドヅケキンシ,6,牡,2,今村,栗東 佐藤悠,追い込み,53.0,482,-4,0,0,5,34.0,5,71.2,35.8,6.0,2026-06-27,未勝利,0.0
1027,小倉,1200,芝,重,短い,フラット,4,イザベル,4,牝,2,松若,栗東 藤野,追い込み,55.0,424,-6,0,0,4,22.4,6,71.8,36.7,4.0,2026-06-27,未勝利,0.0
9025,小倉,1200,芝,稍重,短い,フラット,6,カエリールークス,6,牝,2,松山,栗東 佐藤悠,逃げ,55.0,440,0,0,0,1,2.4,1,70.1,36.5,2.0,2026-06-27,新馬,0.0
9025,小倉,1200,芝,稍重,短い,フラット,2,リエーヴェ,2,牡,2,永島,栗東 松下,先行,53.0,464,0,0,0,2,3.8,2,70.3,35.7,5.0,2026-06-27,新馬,0.0
9025,小倉,1200,芝,稍重,短い,フラット,5,ヘキレキ,5,牡,2,国分優,栗東 大根田,差し,55.0,422,0,0,0,8,28.4,3,70.8,35.7,7.0,2026-06-27,新馬,0.0
9025,小倉,1200,芝,稍重,短い,フラット,9,タカモリ,8,牡,2,幸,栗東 牧田,追い込み,55.0,478,0,0,0,3,4.1,4,71.1,36.0,7.0,2026-06-27,新馬,0.0
9025,小倉,1200,芝,稍重,短い,フラット,10,ソゲソゲスマイル,8,牝,2,西塚,栗東 笹田,差し,55.0,370,0,0,0,10,90.1,5,71.4,36.8,6.0,2026-06-27,新馬,0.0
9025,小倉,1200,芝,稍重,短い,フラット,4,カシノクロサイト,4,牝,2,亀田,栗東 北出,先行,55.0,418,0,0,0,7,26.8,6,71.4,37.1,4.0,2026-06-27,新馬,0.0
9025,小倉,1200,芝,稍重,短い,フラット,3,ニシノキヅイタラ,3,牝,2,田山,栗東 谷,逃げ,53.0,400,0,0,0,4,9.3,7,71.8,38.2,1.0,2026-06-27,新馬,0.0
9025,小倉,1200,芝,稍重,短い,フラット,8,ルーストカール,7,牡,2,田口,栗東 羽月,追い込み,55.0,414,0,0,0,9,57.3,8,71.9,35.8,9.0,2026-06-27,新馬,0.0
9025,小倉,1200,芝,稍重,短い,フラット,1,ワッザイカ,1,牡,2,泉谷,栗東 松永幹,先行,55.0,444,0,0,0,6,17.3,9,72.0,37.9,3.0,2026-06-27,新馬,0.0
9025,小倉,1200,芝,稍重,短い,フラット,7,クリノパッション,7,牡,2,国分恭,栗東 高橋忠,追い込み,55.0,478,0,0,0,5,12.4,10,75.1,37.7,10.0,2026-06-27,新馬,0.0
9054,新潟,1600,芝,不良,長い,フラット,3,アンパドゥ,3,牡,5,岩田望,美浦 木村,追い込み,56.0,498,2,0,0,1,4.8,1,92.4,33.7,11.0,2026-07-26,G3,5.0
9054,新潟,1600,芝,不良,長い,フラット,10,クランフォード,6,牝,5,菊沢,栗東 杉山晴,逃げ,54.0,470,-2,0,0,8,11.3,2,93.3,35.2,1.0,2026-07-26,G3,5.0
9054,新潟,1600,芝,不良,長い,フラット,1,ファーヴェント,1,牡,5,西塚,栗東 藤原,逃げ,57.0,512,0,0,0,6,10.6,3,93.3,35.0,3.0,2026-07-26,G3,5.0
9054,新潟,1600,芝,不良,長い,フラット,13,ブエナオンダ,8,牡,5,田口,栗東 須貝,追い込み,58.0,458,4,0,0,14,43.2,4,93.4,34.4,14.0,2026-07-26,G3,5.0
9054,新潟,1600,芝,不良,長い,フラット,7,エルトンバローズ,5,牡,6,コレッ,栗東 杉山晴,追い込み,59.0,520,0,0,0,3,8.9,5,93.7,34.8,13.0,2026-07-26,G3,5.0
9054,新潟,1600,芝,不良,長い,フラット,4,マテンロウスカイ,3,セ,7,横山典,栗東 松永幹,差し,58.0,490,2,0,0,12,31.0,6,94.1,35.4,9.0,2026-07-26,G3,5.0
9054,新潟,1600,芝,不良,長い,フラット,2,ジュタ,2,牡,4,吉田豊,栗東 矢作,先行,56.0,516,4,0,0,13,37.5,7,94.7,36.3,7.0,2026-07-26,G3,5.0
9054,新潟,1600,芝,不良,長い,フラット,5,レディマリオン,4,牝,5,今村,栗東 長谷川,先行,52.0,454,2,0,0,11,25.0,8,94.9,36.5,5.0,2026-07-26,G3,5.0
9054,新潟,1600,芝,不良,長い,フラット,9,サンダーストラック,6,牡,3,丸山,美浦 木村,差し,54.0,530,2,0,0,9,14.3,9,95.5,36.9,7.0,2026-07-26,G3,5.0
9054,新潟,1600,芝,不良,長い,フラット,6,シリウスコルト,4,牡,5,田辺,美浦 田中勝,先行,58.0,500,4,0,0,4,9.0,10,95.7,37.4,3.0,2026-07-26,G3,5.0
9054,新潟,1600,芝,不良,長い,フラット,8,ダノンセンチュリー,5,牡,4,戸崎圭,美浦 宮田,追い込み,56.0,462,2,0,0,2,5.0,11,95.9,37.1,11.0,2026-07-26,G3,5.0
9054,新潟,1600,芝,不良,長い,フラット,11,ドロップオブライト,7,牝,7,松若,栗東 福永,差し,56.5,448,10,0,0,10,16.0,12,97.0,38.3,9.0,2026-07-26,G3,5.0
9054,新潟,1600,芝,不良,長い,フラット,12,ランスオブカオス,7,牡,4,石川,栗東 奥村豊,先行,58.0,496,2,0,0,5,10.3,13,97.3,38.8,5.0,2026-07-26,G3,5.0
9054,新潟,1600,芝,不良,長い,フラット,14,メタルスピード,8,牡,6,斎藤,美浦 斎藤誠,逃げ,55.0,520,6,0,0,7,11.1,14,98.0,39.8,2.0,2026-07-26,G3,5.0
9055,中京,1400,ダート,良,普通,フラット,14,マテンロウコマンド,8,牡,4,松山,栗東 長谷川,逃げ,58.0,510,-2,0,0,7,16.3,1,82.8,36.6,2.0,2026-07-28,G3,5.0
9055,中京,1400,ダート,良,普通,フラット,11,メイショウハチロー,7,牡,4,団野,栗東 福永,逃げ,57.0,504,-6,0,0,6,14.0,2,82.9,37.0,1.0,2026-07-28,G3,5.0
9055,中京,1400,ダート,良,普通,フラット,5,ドンインザムード,4,牡,4,荻野極,栗東 今野,逃げ,58.0,540,2,0,0,1,1.8,3,83.3,37.2,2.0,2026-07-28,G3,5.0
9055,中京,1400,ダート,良,普通,フラット,9,インユアパレス,6,牡,5,横山武,栗東 須貝,先行,57.0,484,-6,0,0,5,10.6,4,83.5,37.1,4.0,2026-07-28,G3,5.0
9055,中京,1400,ダート,良,普通,フラット,12,バトルクライ,7,牡,7,原,美浦 高木,追い込み,57.0,510,2,0,0,8,39.9,5,83.9,36.5,11.0,2026-07-28,G3,5.0
9055,中京,1400,ダート,良,普通,フラット,10,トリリオンボーイ,6,セ,4,中井,美浦 武井,追い込み,57.0,472,-12,0,0,13,305.9,6,84.4,36.4,13.0,2026-07-28,G3,5.0
9055,中京,1400,ダート,良,普通,フラット,1,ノーブルロジャー,1,牡,5,吉村,栗東 吉岡,追い込み,57.0,500,0,0,0,9,64.3,7,84.4,36.0,14.0,2026-07-28,G3,5.0
9055,中京,1400,ダート,良,普通,フラット,3,ハッピーマン,3,牡,4,幸,栗東 寺島,先行,58.0,476,4,0,0,10,78.0,8,84.4,37.8,6.0,2026-07-28,G3,5.0
9055,中京,1400,ダート,良,普通,フラット,8,ベルジュロネット,5,牡,4,Ｍデム,栗東 大久保,先行,57.0,550,0,0,0,4,8.8,9,84.5,37.9,4.0,2026-07-28,G3,5.0
9055,中京,1400,ダート,良,普通,フラット,7,ダノンフィーゴ,5,牡,4,川田,栗東 友道,先行,58.0,466,6,0,0,2,5.1,10,84.5,37.5,7.0,2026-07-28,G3,5.0
9055,中京,1400,ダート,良,普通,フラット,4,モンドプリューム,3,牡,6,武藤,美浦 水野,差し,57.0,514,2,0,0,12,266.6,11,85.3,38.4,7.0,2026-07-28,G3,5.0
9055,中京,1400,ダート,良,普通,フラット,2,ジュンウィンダム,2,牝,6,国分優,栗東 浜田,追い込み,55.0,510,6,0,0,11,241.6,12,85.3,37.6,11.0,2026-07-28,G3,5.0
9055,中京,1400,ダート,良,普通,フラット,6,ケイアイドリー,4,牡,9,藤懸,栗東 前川,差し,57.0,534,0,0,0,14,318.2,13,85.8,38.8,10.0,2026-07-28,G3,5.0
9055,中京,1400,ダート,良,普通,フラット,13,ドラゴンテイラー,8,牡,4,坂井,栗東 藤原,差し,57.0,536,4,0,0,3,8.7,14,87.7,41.2,7.0,2026-07-28,G3,5.0
9045,新潟,1600,芝,稍重,長い,フラット,1,アドマイヤウルトラ,1,牡,3,岩田望,美浦 宮田,差し,57.0,510,-4,0,0,3,8.5,1,95.2,34.2,10.0,2026-07-26,未勝利,0.0
9045,新潟,1600,芝,稍重,長い,フラット,7,バトルモクオ,4,牡,3,松岡,美浦 戸田,先行,57.0,490,2,0,0,12,64.2,2,95.3,34.6,7.0,2026-07-26,未勝利,0.0
9045,新潟,1600,芝,稍重,長い,フラット,11,ルシアージュ,6,牝,3,西塚,美浦 高柳瑞,差し,55.0,438,6,0,0,5,11.2,3,95.4,34.5,10.0,2026-07-26,未勝利,0.0
9045,新潟,1600,芝,稍重,長い,フラット,14,ココナッツコースト,7,牝,3,戸崎圭,美浦 木村,逃げ,55.0,430,16,0,0,1,2.1,4,95.4,35.0,3.0,2026-07-26,未勝利,0.0
9045,新潟,1600,芝,稍重,長い,フラット,10,サイモンナイスラン,5,牡,3,木幡育,美浦 勢司,逃げ,57.0,488,-12,0,0,10,49.4,5,95.4,34.8,4.0,2026-07-26,未勝利,0.0
9045,新潟,1600,芝,稍重,長い,フラット,8,ルモンテ,4,牡,3,大野,美浦 堀内,差し,57.0,434,4,0,0,2,5.6,6,95.6,34.8,10.0,2026-07-26,未勝利,0.0
9045,新潟,1600,芝,稍重,長い,フラット,2,シルフィー,1,牡,3,横山典,美浦 村田,追い込み,57.0,422,-4,0,0,4,10.9,7,95.6,34.4,16.0,2026-07-26,未勝利,0.0
9045,新潟,1600,芝,稍重,長い,フラット,5,カーヴドヴァン,3,牝,3,西村太,美浦 大和田,差し,55.0,466,-8,0,0,9,27.7,8,95.7,34.7,13.0,2026-07-26,未勝利,0.0
9045,新潟,1600,芝,稍重,長い,フラット,3,イーガービーバー,2,牡,3,田口,美浦 和田郎,追い込み,57.0,464,-4,0,0,8,25.3,9,95.7,34.6,13.0,2026-07-26,未勝利,0.0
9045,新潟,1600,芝,稍重,長い,フラット,13,デルマテイネ,7,牡,3,野中,美浦 的場,追い込み,57.0,432,-2,0,0,17,351.0,10,95.8,34.5,17.0,2026-07-26,未勝利,0.0
9045,新潟,1600,芝,稍重,長い,フラット,12,キャリアビジョン,6,牝,3,菊沢,美浦 西田,先行,55.0,406,-2,0,0,11,58.6,11,96.0,35.3,7.0,2026-07-26,未勝利,0.0
9045,新潟,1600,芝,稍重,長い,フラット,6,スーパーハイウェイ,3,牡,3,佐藤,美浦 伊藤大,先行,54.0,484,4,0,0,13,86.0,12,96.3,35.5,7.0,2026-07-26,未勝利,0.0
9045,新潟,1600,芝,稍重,長い,フラット,9,ピコペアシェイプ,5,セ,3,石橋脩,美浦 伊藤大,先行,57.0,516,-6,0,0,14,112.8,13,96.4,35.9,4.0,2026-07-26,未勝利,0.0
9045,新潟,1600,芝,稍重,長い,フラット,18,クールチェンジ,8,牡,3,コレッ,美浦 和田郎,追い込み,57.0,476,-4,0,0,7,14.8,14,96.5,35.3,17.0,2026-07-26,未勝利,0.0
9045,新潟,1600,芝,稍重,長い,フラット,4,カムバックトゥミー,2,牝,3,江田照,美浦 佐藤吉,逃げ,55.0,522,16,0,0,15,116.7,15,96.7,36.4,2.0,2026-07-26,未勝利,0.0
9045,新潟,1600,芝,稍重,長い,フラット,15,ジュリ,7,牝,3,石田,美浦 萱野,追い込み,52.0,430,0,0,0,16,259.9,16,96.9,35.9,13.0,2026-07-26,未勝利,0.0
9045,新潟,1600,芝,稍重,長い,フラット,16,アースヴィンチ,8,牝,3,丸山,美浦 蛯名正,逃げ,55.0,466,6,0,0,6,11.6,17,97.2,37.1,1.0,2026-07-26,未勝利,0.0
9045,新潟,1600,芝,稍重,長い,フラット,17,ビーストウォーズ,8,牡,3,上里,美浦 松山,先行,54.0,476,8,0,0,18,403.9,18,97.8,37.3,4.0,2026-07-26,未勝利,0.0
9062,新潟,1200,ダート,重,長い,フラット,11,ショコラキュイ,6,牡,3,戸崎圭,美浦 森一,逃げ,55.0,506,10,0,0,2,4.8,1,71.0,36.0,3.0,2026-07-26,未勝利,0.0
9062,新潟,1200,ダート,重,長い,フラット,10,アンバサダネージュ,6,牡,3,佐藤,美浦 武藤,逃げ,52.0,484,-4,0,0,1,2.6,2,71.0,36.2,2.0,2026-07-26,未勝利,0.0
9062,新潟,1200,ダート,重,長い,フラット,14,ショウナンタハティ,8,牡,4,田口,美浦 中舘,先行,58.0,502,2,0,0,4,6.1,3,71.5,36.5,3.0,2026-07-26,未勝利,0.0
9062,新潟,1200,ダート,重,長い,フラット,8,ラテラルパーム,5,牡,3,岩田望,美浦 栗田,先行,55.0,462,-2,0,0,5,7.1,4,71.8,36.6,5.0,2026-07-26,未勝利,0.0
9062,新潟,1200,ダート,重,長い,フラット,3,エテオクロス,2,牡,4,石田,美浦 新開,追い込み,55.0,522,2,0,0,6,18.0,5,71.9,35.5,12.0,2026-07-26,未勝利,0.0
9062,新潟,1200,ダート,重,長い,フラット,5,ホウオウプレシャス,3,牡,6,水沼,美浦 天間,差し,55.0,500,2,0,0,12,135.4,6,72.2,36.4,9.0,2026-07-26,未勝利,0.0
9062,新潟,1200,ダート,重,長い,フラット,13,アースミューズ,7,牝,4,松岡,美浦 粕谷,先行,56.0,456,4,0,0,11,64.1,7,72.4,37.2,6.0,2026-07-26,未勝利,0.0
9062,新潟,1200,ダート,重,長い,フラット,7,ガンバレベアー,4,牝,4,松若,美浦 杉浦,追い込み,56.0,472,-4,0,0,8,45.4,8,72.4,35.5,15.0,2026-07-26,未勝利,0.0
9062,新潟,1200,ダート,重,長い,フラット,15,レインボーラッキー,8,牝,4,小林脩,美浦 斎藤誠,先行,56.0,440,-4,0,0,10,59.2,9,72.4,36.9,7.0,2026-07-26,未勝利,0.0
9062,新潟,1200,ダート,重,長い,フラット,4,スマイルディシー,3,牝,4,小崎,美浦 中川,差し,56.0,486,4,0,0,13,236.1,10,73.0,37.5,7.0,2026-07-26,未勝利,0.0
9062,新潟,1200,ダート,重,長い,フラット,12,キカオクベシ,7,牝,4,野中,美浦 佐藤吉,差し,56.0,440,6,0,0,15,363.2,11,73.1,37.2,11.0,2026-07-26,未勝利,0.0
9062,新潟,1200,ダート,重,長い,フラット,9,サンシップ,5,牡,6,杉原,美浦 本間,追い込み,58.0,464,-8,0,0,14,317.5,12,73.3,36.6,14.0,2026-07-26,未勝利,0.0
9062,新潟,1200,ダート,重,長い,フラット,2,カツノテンス,2,牡,6,菊沢,美浦 伊藤伸,差し,58.0,444,-6,0,0,9,55.9,13,73.6,37.8,9.0,2026-07-26,未勝利,0.0
9062,新潟,1200,ダート,重,長い,フラット,6,ムーンブランシュ,4,牝,3,木幡巧,美浦 牧,逃げ,53.0,474,-6,0,0,3,5.8,13,73.6,38.8,1.0,2026-07-26,未勝利,0.0
9062,新潟,1200,ダート,重,長い,フラット,1,コパノトーマス,1,牡,3,柴田大,美浦 青木,追い込み,55.0,476,-2,0,0,7,22.7,15,73.9,37.7,12.0,2026-07-26,未勝利,0.0
9062,新潟,1200,ダート,不良,長い,フラット,7,ソウルオンファイア,6,牝,3,岩田望,栗東 野中,先行,53.0,472,-8,0,0,1,2.4,1,70.2,36.1,3.0,2026-07-26,2勝クラス,2.0
9062,新潟,1200,ダート,不良,長い,フラット,6,リッキースタイル,6,牡,4,斎藤,美浦 水野,逃げ,58.0,486,0,0,0,3,5.8,2,70.6,36.6,2.0,2026-07-26,2勝クラス,2.0
9062,新潟,1200,ダート,不良,長い,フラット,9,オカメノコイ,7,牝,4,大野,美浦 小笠,追い込み,56.0,486,16,0,0,7,24.4,3,70.7,35.3,11.0,2026-07-26,2勝クラス,2.0
9062,新潟,1200,ダート,不良,長い,フラット,4,フィーチャリング,4,セ,4,菊沢,美浦 和田郎,差し,58.0,458,-2,0,0,8,32.9,4,70.7,35.6,8.0,2026-07-26,2勝クラス,2.0
9062,新潟,1200,ダート,不良,長い,フラット,11,レッドセニョール,8,牡,5,嶋田,美浦 矢嶋,先行,58.0,504,4,0,0,11,89.4,5,70.7,36.3,5.0,2026-07-26,2勝クラス,2.0
9062,新潟,1200,ダート,不良,長い,フラット,5,マイネルラッシュ,5,牡,6,木幡巧,美浦 水野,追い込み,58.0,456,2,0,0,10,62.3,6,71.0,36.0,8.0,2026-07-26,2勝クラス,2.0
9062,新潟,1200,ダート,不良,長い,フラット,1,モリノセピア,1,牡,5,丸山,美浦 鈴木伸,逃げ,58.0,496,2,0,0,4,6.6,7,71.2,37.3,1.0,2026-07-26,2勝クラス,2.0
9062,新潟,1200,ダート,不良,長い,フラット,8,ラヴオントップ,7,牝,5,コレッ,栗東 西村,追い込み,56.0,496,4,0,0,2,4.4,8,71.3,36.4,10.0,2026-07-26,2勝クラス,2.0
9062,新潟,1200,ダート,不良,長い,フラット,10,ロッカバイベイビー,8,牝,4,佐藤,美浦 伊藤圭,差し,56.0,464,4,0,0,9,39.7,9,71.4,36.8,7.0,2026-07-26,2勝クラス,2.0
9062,新潟,1200,ダート,不良,長い,フラット,3,カワキタマナレア,3,牝,4,田辺,栗東 杉山佳,差し,56.0,420,0,0,0,5,9.8,10,71.5,37.1,5.0,2026-07-26,2勝クラス,2.0
9062,新潟,1200,ダート,不良,長い,フラット,2,サマースイートピー,2,牝,4,杉原,美浦 千葉,先行,56.0,482,4,0,0,6,14.7,11,71.6,37.4,3.0,2026-07-26,2勝クラス,2.0
9063,新潟,1800,ダート,不良,長い,フラット,15,モモンウールー,8,牝,5,西塚,栗東 池添,逃げ,56.0,478,0,0,0,7,13.4,1,111.5,36.7,2.0,2026-07-26,2勝クラス,2.0
9063,新潟,1800,ダート,不良,長い,フラット,6,パースウェイド,4,牝,4,田辺,美浦 中舘,先行,56.0,482,10,0,0,6,10.4,2,111.7,36.7,4.0,2026-07-26,2勝クラス,2.0
9063,新潟,1800,ダート,不良,長い,フラット,10,ヴァズレーヌ,6,牝,5,小崎,美浦 嘉藤,先行,56.0,484,2,0,0,9,27.8,3,111.8,36.5,6.0,2026-07-26,2勝クラス,2.0
9063,新潟,1800,ダート,不良,長い,フラット,4,ベルイストワール,3,牝,5,杉原,美浦 松尾,差し,56.0,554,4,0,0,13,90.1,4,111.9,36.1,11.0,2026-07-26,2勝クラス,2.0
9063,新潟,1800,ダート,不良,長い,フラット,8,アンドリーナ,5,牝,4,田口,栗東 牧浦,逃げ,56.0,468,10,0,0,12,72.3,5,111.9,37.0,3.0,2026-07-26,2勝クラス,2.0
9063,新潟,1800,ダート,不良,長い,フラット,5,カーラデマドレ,3,牝,4,戸崎圭,美浦 矢嶋,逃げ,56.0,488,6,0,0,5,9.0,6,112.1,37.4,1.0,2026-07-26,2勝クラス,2.0
9063,新潟,1800,ダート,不良,長い,フラット,14,エターナルプロミス,8,牝,4,大野,栗東 茶木,差し,56.0,474,-4,0,0,11,41.9,7,112.3,36.9,9.0,2026-07-26,2勝クラス,2.0
9063,新潟,1800,ダート,不良,長い,フラット,3,ヴァンアグレアブル,2,牝,4,丸山,栗東 橋口,差し,56.0,526,2,0,0,8,16.0,8,112.4,36.9,9.0,2026-07-26,2勝クラス,2.0
9063,新潟,1800,ダート,不良,長い,フラット,7,ケイツーリーブル,4,牝,3,菊沢,美浦 千葉,追い込み,53.0,452,4,0,0,3,5.3,9,112.4,36.4,14.0,2026-07-26,2勝クラス,2.0
9063,新潟,1800,ダート,不良,長い,フラット,1,コンアフェット,1,牝,4,斎藤,美浦 斎藤誠,先行,56.0,482,2,0,0,4,7.3,10,112.7,37.4,6.0,2026-07-26,2勝クラス,2.0
9063,新潟,1800,ダート,不良,長い,フラット,9,レーヴドレフォン,5,牝,5,今村,栗東 橋田,追い込み,56.0,476,-4,0,0,15,118.3,11,113.0,37.3,11.0,2026-07-26,2勝クラス,2.0
9063,新潟,1800,ダート,不良,長い,フラット,12,ルトゥール,7,牝,5,松若,美浦 平岩,追い込み,56.0,472,-2,0,0,14,114.4,12,113.0,37.4,11.0,2026-07-26,2勝クラス,2.0
9063,新潟,1800,ダート,不良,長い,フラット,11,パイシャオピン,6,牝,4,横山典,美浦 鈴木伸,追い込み,56.0,472,2,0,0,2,4.8,13,113.7,37.8,14.0,2026-07-26,2勝クラス,2.0
9063,新潟,1800,ダート,不良,長い,フラット,13,スルーザナイト,7,牝,4,石川,栗東 西園翔,差し,56.0,494,0,0,0,10,28.7,14,114.1,38.9,6.0,2026-07-26,2勝クラス,2.0
9063,新潟,1800,ダート,不良,長い,フラット,2,ステアハート,2,牝,4,コレッ,栗東 新谷,先行,56.0,476,0,0,0,1,4.1,15,116.9,41.9,4.0,2026-07-26,2勝クラス,2.0
9063,新潟,1800,ダート,不良,長い,フラット,9,トップデュオ,6,牡,3,岩田望,美浦 尾関,逃げ,57.0,450,4,0,0,1,3.3,1,112.7,38.0,2.0,2026-07-26,未勝利,0.0
9063,新潟,1800,ダート,不良,長い,フラット,7,ロジキセキ,5,牡,3,田口,美浦 新開,逃げ,57.0,484,2,0,0,4,7.0,2,113.4,38.8,1.0,2026-07-26,未勝利,0.0
9063,新潟,1800,ダート,不良,長い,フラット,6,マーゴットライズ,4,牡,3,木幡巧,美浦 伊坂,先行,57.0,476,-6,0,0,9,46.0,3,113.5,38.1,6.0,2026-07-26,未勝利,0.0
9063,新潟,1800,ダート,不良,長い,フラット,13,パワポケウォーズ,8,牡,3,佐藤,美浦 大和田,先行,54.0,434,12,0,0,12,179.3,4,113.8,38.4,6.0,2026-07-26,未勝利,0.0
9063,新潟,1800,ダート,不良,長い,フラット,3,ブルーリファール,3,牡,3,石橋脩,美浦 小野,逃げ,57.0,484,-6,0,0,7,13.0,5,114.4,39.4,3.0,2026-07-26,未勝利,0.0
9063,新潟,1800,ダート,不良,長い,フラット,12,トウシンライオット,7,牡,3,石田,美浦 尾形,先行,54.0,510,-10,0,0,10,55.6,6,114.4,39.2,5.0,2026-07-26,未勝利,0.0
9063,新潟,1800,ダート,不良,長い,フラット,11,エルアン,7,牡,3,田辺,美浦 浅利,先行,57.0,450,-2,0,0,6,11.5,7,114.7,39.7,4.0,2026-07-26,未勝利,0.0
9063,新潟,1800,ダート,不良,長い,フラット,5,ゴットタレント,4,牡,3,杉原,美浦 中舘,差し,57.0,456,4,0,0,2,4.4,8,114.9,39.2,8.0,2026-07-26,未勝利,0.0
9063,新潟,1800,ダート,不良,長い,フラット,1,ショービット,1,牡,3,水沼,美浦 小笠,追い込み,54.0,480,-6,0,0,13,190.6,9,115.0,38.5,12.0,2026-07-26,未勝利,0.0
9063,新潟,1800,ダート,不良,長い,フラット,2,ネクストドア,2,牡,3,吉田豊,美浦 高橋文,差し,57.0,454,0,0,0,8,15.1,10,115.4,39.8,9.0,2026-07-26,未勝利,0.0
9063,新潟,1800,ダート,不良,長い,フラット,4,パーシヴァル,3,セ,3,石川,美浦 相沢,差し,57.0,466,-14,0,0,3,5.9,11,115.7,39.7,10.0,2026-07-26,未勝利,0.0
9063,新潟,1800,ダート,不良,長い,フラット,14,コスモメイウェザー,8,牡,3,柴田大,美浦 高木,追い込み,57.0,496,16,0,0,11,76.6,12,116.7,40.7,10.0,2026-07-26,未勝利,0.0
9063,新潟,1800,ダート,不良,長い,フラット,8,エーデルクラフト,5,牡,3,大野,美浦 辻,追い込み,57.0,480,0,0,0,5,8.4,13,116.9,40.5,12.0,2026-07-26,未勝利,0.0
9063,新潟,1800,ダート,不良,長い,フラット,10,カンフーヒーロー,6,牡,3,野中,美浦 的場,追い込み,57.0,492,12,0,0,14,193.2,14,117.2,40.4,14.0,2026-07-26,未勝利,0.0
9064,新潟,1000,芝,不良,長い,フラット,13,パレスドフィーヌ,7,牝,5,丸山,美浦 鈴木慎,先行,56.0,502,-2,0,0,3,6.0,1,57.3,34.5,4.0,2026-07-26,未勝利,0.0
9064,新潟,1000,芝,不良,長い,フラット,10,ミエノブラボー,6,牝,5,丸田,美浦 田中勝,先行,56.0,472,6,0,0,5,8.3,2,57.3,34.2,7.0,2026-07-26,未勝利,0.0
9064,新潟,1000,芝,不良,長い,フラット,5,シャンクス,3,セ,4,杉原,美浦 森一,追い込み,58.0,486,-8,0,0,6,8.8,3,57.4,33.6,15.0,2026-07-26,未勝利,0.0
9064,新潟,1000,芝,不良,長い,フラット,4,スカイダイバー,3,牝,4,石田,美浦 秋本,差し,53.0,464,-8,0,0,12,41.2,4,57.6,34.4,9.0,2026-07-26,未勝利,0.0
9064,新潟,1000,芝,不良,長い,フラット,12,ヨドノティアラ,7,牝,3,嶋田,美浦 矢嶋,先行,53.0,440,10,0,0,2,5.1,5,57.8,35.0,4.0,2026-07-26,未勝利,0.0
9064,新潟,1000,芝,不良,長い,フラット,6,ラブソング,4,牝,3,菊沢,美浦 尾関,差し,53.0,422,2,0,0,11,33.6,6,58.0,34.6,11.0,2026-07-26,未勝利,0.0
9064,新潟,1000,芝,不良,長い,フラット,11,テンペストヒロイン,6,牝,4,佐藤,美浦 堀内,逃げ,53.0,460,-12,0,0,7,15.3,7,58.0,35.3,2.0,2026-07-26,未勝利,0.0
9064,新潟,1000,芝,不良,長い,フラット,14,ブラックティンカー,8,牝,4,江田照,美浦 粕谷,追い込み,56.0,460,-2,0,0,4,7.5,8,58.2,34.6,13.0,2026-07-26,未勝利,0.0
9064,新潟,1000,芝,不良,長い,フラット,9,コウジハラ,5,牝,3,木幡初,美浦 西田,逃げ,53.0,440,14,0,0,8,15.6,9,58.3,35.6,2.0,2026-07-26,未勝利,0.0
9064,新潟,1000,芝,不良,長い,フラット,3,リアアーテシアン,2,牝,3,岩田望,美浦 武井,差し,53.0,412,-2,0,0,9,15.6,10,58.9,35.8,7.0,2026-07-26,未勝利,0.0
9064,新潟,1000,芝,不良,長い,フラット,15,ルブリアン,8,牡,4,今村,栗東 高橋亮,逃げ,56.0,494,6,0,0,1,4.4,11,58.9,36.3,1.0,2026-07-26,未勝利,0.0
9064,新潟,1000,芝,不良,長い,フラット,2,マーシャルアン,2,牡,3,上里,美浦 大和田,追い込み,52.0,476,12,0,0,14,110.4,12,58.9,35.5,11.0,2026-07-26,未勝利,0.0
9064,新潟,1000,芝,不良,長い,フラット,1,オレイア,1,牝,4,水沼,美浦 加藤和,差し,53.0,396,0,0,0,15,319.1,13,59.0,35.8,9.0,2026-07-26,未勝利,0.0
9064,新潟,1000,芝,不良,長い,フラット,8,ホウオウガイア,5,牝,4,田口,美浦 大竹,追い込み,56.0,454,8,0,0,10,33.5,14,59.0,35.4,13.0,2026-07-26,未勝利,0.0
9064,新潟,1000,芝,不良,長い,フラット,7,ハッピーダンシング,4,牝,4,石神道,美浦 和田郎,先行,54.0,436,2,0,0,13,92.7,15,59.6,36.7,6.0,2026-07-26,未勝利,0.0
9065,新潟,2000,芝,不良,長い,フラット,5,ミサダメキメル,3,牡,3,江田照,美浦 高橋文,逃げ,57.0,458,8,0,0,9,32.1,1,123.9,35.6,1.0,2026-07-26,未勝利,0.0
9065,新潟,2000,芝,不良,長い,フラット,2,ミナヅキ,2,牡,3,石橋脩,美浦 清水英,逃げ,57.0,454,-6,0,0,2,3.6,2,124.1,35.8,2.0,2026-07-26,未勝利,0.0
9065,新潟,2000,芝,不良,長い,フラット,4,シルバープレミア,3,牝,3,上里,美浦 西田,先行,52.0,400,4,0,0,11,61.6,3,124.6,35.7,7.0,2026-07-26,未勝利,0.0
9065,新潟,2000,芝,不良,長い,フラット,1,コールリッジ,1,牡,3,松若,美浦 林,先行,57.0,444,-2,0,0,5,9.1,4,124.7,36.1,4.0,2026-07-26,未勝利,0.0
9065,新潟,2000,芝,不良,長い,フラット,6,フォーエバーラブ,4,牡,3,田口,美浦 金成,差し,57.0,454,0,0,0,8,27.7,5,125.1,36.2,7.0,2026-07-26,未勝利,0.0
9065,新潟,2000,芝,不良,長い,フラット,14,エラガバリウム,8,セ,3,石神道,美浦 千葉,差し,55.0,438,-6,0,0,4,7.5,6,125.3,36.2,9.0,2026-07-26,未勝利,0.0
9065,新潟,2000,芝,不良,長い,フラット,13,ファランギーナ,7,牡,3,戸崎圭,栗東 福永,先行,57.0,422,4,0,0,1,3.2,7,125.3,36.5,6.0,2026-07-26,未勝利,0.0
9065,新潟,2000,芝,不良,長い,フラット,3,ピコブロッサム,2,牝,3,石田,美浦 伊藤大,差し,50.0,464,0,0,0,13,91.2,8,125.5,36.1,11.0,2026-07-26,未勝利,0.0
9065,新潟,2000,芝,不良,長い,フラット,12,ヴォンサクレ,7,牡,3,田辺,美浦 勢司,逃げ,57.0,486,0,0,0,12,72.4,9,125.7,37.3,3.0,2026-07-26,未勝利,0.0
9065,新潟,2000,芝,不良,長い,フラット,15,クライングナウ,8,牡,3,斎藤,美浦 斎藤誠,追い込み,57.0,518,10,0,0,7,16.4,10,125.8,36.4,11.0,2026-07-26,未勝利,0.0
9065,新潟,2000,芝,不良,長い,フラット,7,ハナコトバ,4,牝,3,今村,栗東 寺島,先行,53.0,458,4,0,0,3,6.6,11,125.8,37.2,4.0,2026-07-26,未勝利,0.0
9065,新潟,2000,芝,不良,長い,フラット,10,アロハオエ,6,牝,3,嶋田,美浦 中川,追い込み,55.0,434,-4,0,0,15,336.4,12,126.1,36.4,15.0,2026-07-26,未勝利,0.0
9065,新潟,2000,芝,不良,長い,フラット,11,レスター,6,牡,3,菊沢,美浦 鈴木慎,差し,57.0,474,-12,0,0,6,15.6,13,126.1,37.0,9.0,2026-07-26,未勝利,0.0
9065,新潟,2000,芝,不良,長い,フラット,9,チャチャット,5,牝,3,丸田,美浦 柄崎,追い込み,55.0,408,4,0,0,14,119.4,14,126.1,37.1,11.0,2026-07-26,未勝利,0.0
9065,新潟,2000,芝,不良,長い,フラット,8,ダゴベルト,5,牡,3,木幡巧,美浦 古賀大,追い込み,57.0,522,-18,0,0,10,34.3,15,126.2,36.9,11.0,2026-07-26,未勝利,0.0
9066,中京,1800,ダート,良,普通,フラット,11,エアアルチーナ,6,牝,3,松山,栗東 池添,先行,55.0,456,-8,0,0,2,3.5,1,113.9,39.2,5.0,2026-07-26,未勝利,0.0
9066,中京,1800,ダート,良,普通,フラット,14,マーチンゲール,8,牡,3,団野,栗東 斉藤崇,逃げ,57.0,482,-2,0,0,3,4.2,2,114.3,40.2,1.0,2026-07-26,未勝利,0.0
9066,中京,1800,ダート,良,普通,フラット,1,アイランド,1,牡,3,吉村,栗東 清水久,逃げ,57.0,472,-2,0,0,1,3.0,3,114.8,40.7,2.0,2026-07-26,未勝利,0.0
9066,中京,1800,ダート,良,普通,フラット,13,マテンロウアワー,7,牡,3,坂井,栗東 福永,逃げ,57.0,520,-4,0,0,4,7.4,4,115.4,41.5,2.0,2026-07-26,未勝利,0.0
9066,中京,1800,ダート,良,普通,フラット,9,タイセイゼスティ,5,牡,3,横山武,栗東 奥村豊,差し,57.0,502,0,0,0,8,38.8,5,115.7,39.4,10.0,2026-07-26,未勝利,0.0
9066,中京,1800,ダート,良,普通,フラット,7,マジックハンド,4,牡,3,Ｍデム,栗東 小椋,先行,57.0,496,-2,0,0,10,56.8,6,116.3,41.5,5.0,2026-07-26,未勝利,0.0
9066,中京,1800,ダート,良,普通,フラット,12,トラッドロア,7,牝,3,富田,栗東 高野,先行,55.0,456,6,0,0,9,43.8,7,116.4,41.5,7.0,2026-07-26,未勝利,0.0
9066,中京,1800,ダート,良,普通,フラット,8,カツラコマチ,5,牝,3,国分恭,栗東 吉村,差し,55.0,448,-4,0,0,14,458.8,8,116.5,41.0,9.0,2026-07-26,未勝利,0.0
9066,中京,1800,ダート,良,普通,フラット,6,グランシャン,4,牡,3,菱田,栗東 松永幹,差し,57.0,542,0,0,0,5,10.6,9,116.5,40.5,10.0,2026-07-26,未勝利,0.0
9066,中京,1800,ダート,良,普通,フラット,3,シギーコルエンド,2,牡,3,幸,栗東 大久保,追い込み,57.0,576,2,0,0,11,112.0,10,117.1,39.6,13.0,2026-07-26,未勝利,0.0
9066,中京,1800,ダート,良,普通,フラット,15,ウィスピア,8,牡,3,角田和,栗東 小林,差し,57.0,486,6,0,0,12,137.3,11,117.8,43.1,7.0,2026-07-26,未勝利,0.0
9066,中京,1800,ダート,良,普通,フラット,5,ラスカルキッド,3,セ,3,柴田裕,栗東 中竹,追い込み,55.0,476,0,0,0,15,572.5,12,118.1,41.1,12.0,2026-07-26,未勝利,0.0
9066,中京,1800,ダート,良,普通,フラット,4,クリコバロー,3,牡,3,酒井,栗東 渡辺,追い込み,57.0,498,12,0,0,7,23.6,13,118.1,40.3,14.0,2026-07-26,未勝利,0.0
9066,中京,1800,ダート,良,普通,フラット,10,ウォーブレイク,6,牡,3,国分優,栗東 辻野,追い込み,57.0,502,0,0,0,13,387.7,14,118.5,40.5,14.0,2026-07-26,未勝利,0.0
9066,中京,1800,ダート,良,普通,フラット,2,ディープシャロー,2,牡,3,太宰,栗東 本田,先行,57.0,496,-12,0,0,6,18.9,15,122.0,48.1,4.0,2026-07-26,未勝利,0.0
9067,中京,1400,ダート,良,普通,フラット,6,ペプチドレオン,3,牡,3,横山武,栗東 武英,逃げ,57.0,454,10,0,0,4,5.9,1,84.7,37.8,2.0,2026-07-26,未勝利,0.0
9067,中京,1400,ダート,良,普通,フラット,15,ペプチドアロン,8,牡,3,吉村,栗東 小椋,先行,57.0,414,-2,0,0,3,4.6,2,85.5,38.3,7.0,2026-07-26,未勝利,0.0
9067,中京,1400,ダート,良,普通,フラット,14,セッシュウ,7,牡,3,団野,栗東 石橋,先行,57.0,466,-2,0,0,1,2.6,3,86.0,39.0,5.0,2026-07-26,未勝利,0.0
9067,中京,1400,ダート,良,普通,フラット,1,ジョーカー,1,牡,3,幸,栗東 友道,差し,57.0,480,2,0,0,2,3.6,4,86.3,38.7,10.0,2026-07-26,未勝利,0.0
9067,中京,1400,ダート,良,普通,フラット,11,タイセイドゥマーニ,6,牡,3,高倉,栗東 杉山晴,先行,57.0,516,0,0,0,6,20.5,5,86.7,39.1,8.0,2026-07-26,未勝利,0.0
9067,中京,1400,ダート,良,普通,フラット,10,ヴォメロ,5,牝,3,荻野極,栗東 宮地,先行,55.0,456,-2,0,0,8,45.9,6,86.9,39.9,5.0,2026-07-26,未勝利,0.0
9067,中京,1400,ダート,良,普通,フラット,7,メイショウケンゴウ,4,牡,3,太宰,栗東 高橋亮,追い込み,57.0,478,2,0,0,13,221.8,7,86.9,38.6,13.0,2026-07-26,未勝利,0.0
9067,中京,1400,ダート,良,普通,フラット,8,ジャズホリック,4,牝,3,森田,栗東 梅田,差し,52.0,454,-5,0,0,16,456.4,8,87.1,39.4,12.0,2026-07-26,未勝利,0.0
9067,中京,1400,ダート,良,普通,フラット,13,ハッピーチャンス,7,牝,3,菱田,栗東 牧田,逃げ,55.0,472,-24,0,0,10,77.1,9,87.1,40.3,2.0,2026-07-26,未勝利,0.0
9067,中京,1400,ダート,良,普通,フラット,5,クライナリーゼ,3,牡,3,永島,栗東 高橋康,追い込み,55.0,378,3,0,0,15,343.5,10,87.2,38.5,14.0,2026-07-26,未勝利,0.0
9067,中京,1400,ダート,良,普通,フラット,9,ショウナンタマユラ,5,牝,3,田山,栗東 梅田,逃げ,54.0,460,0,0,0,5,13.9,11,89.0,42.5,1.0,2026-07-26,未勝利,0.0
9067,中京,1400,ダート,良,普通,フラット,12,ワトルツリー,6,牝,3,角田和,栗東 藤岡健,逃げ,55.0,468,-6,0,0,7,44.1,12,90.3,43.6,2.0,2026-07-26,未勝利,0.0
9067,中京,1400,ダート,良,普通,フラット,16,サンライズジョー,8,牡,3,川須,栗東 小椋,差し,57.0,496,6,0,0,11,93.3,13,91.5,44.1,8.0,2026-07-26,未勝利,0.0
9067,中京,1400,ダート,良,普通,フラット,3,メイショウドキョウ,2,セ,3,富田,栗東 笹田,追い込み,57.0,490,0,0,0,14,301.2,14,91.7,43.3,14.0,2026-07-26,未勝利,0.0
9067,中京,1400,ダート,良,普通,フラット,2,キャリアハイ,1,牡,3,亀田,栗東 北出,差し,57.0,546,14,0,0,12,221.5,15,92.5,45.2,10.0,2026-07-26,未勝利,0.0
9067,中京,1400,ダート,良,普通,フラット,4,パピプペピンク,2,牝,3,酒井,栗東 西村,追い込み,55.0,450,4,0,0,9,56.2,16,105.9,54.0,16.0,2026-07-26,未勝利,0.0
9046,中京,2000,芝,良,普通,フラット,1,サヴォアフェール,1,牡,3,松山,栗東 杉山晴,逃げ,54.0,498,0,0,0,1,2.2,1,117.6,33.3,2.0,2026-07-26,2勝クラス,2.0
9046,中京,2000,芝,良,普通,フラット,2,レッドラージャ,2,牡,3,坂井,栗東 友道,先行,53.0,526,8,0,0,3,4.3,2,118.0,33.7,2.0,2026-07-26,2勝クラス,2.0
9046,中京,2000,芝,良,普通,フラット,9,コリカンチャ,8,セ,4,吉村,栗東 井上,逃げ,54.0,482,-12,0,0,7,59.2,3,118.3,34.4,1.0,2026-07-26,2勝クラス,2.0
9046,中京,2000,芝,良,普通,フラット,5,ホウオウタイタン,5,牝,4,横山武,栗東 須貝,追い込み,54.0,498,0,0,0,4,6.7,4,118.3,33.3,8.0,2026-07-26,2勝クラス,2.0
9046,中京,2000,芝,良,普通,フラット,7,コンフェルマ,7,セ,5,幸,栗東 寺島,差し,55.0,490,4,0,0,6,17.5,5,118.3,33.5,6.0,2026-07-26,2勝クラス,2.0
9046,中京,2000,芝,良,普通,フラット,8,オデット,7,牝,4,田山,栗東 緒方,先行,52.0,446,4,0,0,8,59.8,6,118.5,33.9,4.0,2026-07-26,2勝クラス,2.0
9046,中京,2000,芝,良,普通,フラット,6,マディソンガール,6,牝,4,川田,栗東 中内田,差し,54.0,458,-10,0,0,2,4.0,7,118.8,34.0,6.0,2026-07-26,2勝クラス,2.0
9046,中京,2000,芝,良,普通,フラット,10,エアビッグマム,8,牝,4,Ｍデム,栗東 笹田,先行,54.0,508,-4,0,0,5,13.2,8,119.1,34.6,4.0,2026-07-26,2勝クラス,2.0
9046,中京,2000,芝,良,普通,フラット,4,ハッピーダンチャン,4,牡,4,国分優,栗東 小椋,追い込み,54.0,458,-6,0,0,10,212.7,9,119.1,34.1,8.0,2026-07-26,2勝クラス,2.0
9046,中京,2000,芝,良,普通,フラット,3,ツーエムクロノス,3,牡,4,酒井,栗東 本田,追い込み,55.0,506,-4,0,0,9,68.9,10,120.3,35.2,10.0,2026-07-26,2勝クラス,2.0
9066,中京,1800,ダート,良,普通,フラット,2,ダンツシタン,2,牡,3,太宰,栗東 本田,逃げ,55.0,532,-2,0,0,1,3.2,1,113.9,39.2,3.0,2026-07-26,2勝クラス,2.0
9066,中京,1800,ダート,良,普通,フラット,8,マハートマーベル,6,牡,4,吉村,栗東 西村,追い込み,58.0,460,-4,0,0,10,46.3,2,114.3,39.1,10.0,2026-07-26,2勝クラス,2.0
9066,中京,1800,ダート,良,普通,フラット,10,ノボリクレバー,7,牝,6,団野,栗東 石橋,逃げ,56.0,504,2,0,0,6,11.0,3,114.5,40.0,2.0,2026-07-26,2勝クラス,2.0
9066,中京,1800,ダート,良,普通,フラット,9,テイエムパイロット,7,牡,4,柴田裕,栗東 秋山,先行,58.0,508,8,0,0,7,14.3,4,114.7,40.1,3.0,2026-07-26,2勝クラス,2.0
9066,中京,1800,ダート,良,普通,フラット,11,キングオブフジ,8,牡,5,中井,栗東 角田,差し,58.0,510,-4,0,0,9,44.9,5,114.8,39.4,9.0,2026-07-26,2勝クラス,2.0
9066,中京,1800,ダート,良,普通,フラット,6,ナチュラルリバー,5,牡,6,富田,栗東 宮地,先行,58.0,486,2,0,0,12,284.3,6,114.8,40.0,5.0,2026-07-26,2勝クラス,2.0
9066,中京,1800,ダート,良,普通,フラット,7,ハギノコラソン,6,牝,4,荻野極,栗東 寺島,差し,56.0,468,-2,0,0,3,5.1,7,115.4,40.4,7.0,2026-07-26,2勝クラス,2.0
9066,中京,1800,ダート,良,普通,フラット,4,ジョータルマエ,4,セ,6,鮫島良,栗東 河嶋,逃げ,58.0,500,0,0,0,2,4.3,8,115.4,40.9,1.0,2026-07-26,2勝クラス,2.0
9066,中京,1800,ダート,良,普通,フラット,1,ジェシーテソーロ,1,牡,4,幸,美浦 牧,差し,58.0,494,6,0,0,8,32.6,9,116.0,40.9,7.0,2026-07-26,2勝クラス,2.0
9066,中京,1800,ダート,良,普通,フラット,3,アイブリンク,3,牝,4,松山,栗東 大久保,追い込み,56.0,482,0,0,0,4,7.1,10,116.2,40.6,10.0,2026-07-26,2勝クラス,2.0
9066,中京,1800,ダート,良,普通,フラット,12,メイショウジェンマ,8,牡,6,角田和,栗東 飯田,追い込み,58.0,452,-6,0,0,11,146.5,11,117.3,41.0,12.0,2026-07-26,2勝クラス,2.0
9066,中京,1800,ダート,良,普通,フラット,5,ユウトザユウト,5,牡,4,坂井,栗東 小崎,先行,58.0,506,-2,0,0,5,7.7,12,118.2,43.4,5.0,2026-07-26,2勝クラス,2.0
9049,中京,1400,芝,良,普通,フラット,1,ナルキッソス,1,牡,3,酒井,栗東 吉岡,先行,55.0,484,0,0,0,2,5.2,1,79.3,34.1,6.0,2026-07-26,未勝利,0.0
9049,中京,1400,芝,良,普通,フラット,4,ルージュバロン,3,牝,3,横山武,栗東 福永,追い込み,53.0,458,-2,0,0,5,6.8,2,79.3,33.6,12.0,2026-07-26,未勝利,0.0
9049,中京,1400,芝,良,普通,フラット,8,メイクワンズデイ,5,牡,3,松山,栗東 宮地,逃げ,55.0,468,2,0,0,3,5.3,3,79.4,34.6,2.0,2026-07-26,未勝利,0.0
9049,中京,1400,芝,良,普通,フラット,7,ベルフラム,5,牝,3,角田和,栗東 高橋一,差し,53.0,416,0,0,0,14,253.3,4,79.5,34.1,9.0,2026-07-26,未勝利,0.0
9049,中京,1400,芝,良,普通,フラット,3,フルールジェンヌ,3,牝,3,永島,栗東 鈴木孝,逃げ,51.0,444,-10,0,0,6,8.0,5,79.6,34.9,1.0,2026-07-26,未勝利,0.0
9049,中京,1400,芝,良,普通,フラット,6,スウィッチインラヴ,4,牝,3,坂井,栗東 矢作,逃げ,53.0,448,-12,0,0,4,5.4,6,79.7,34.7,3.0,2026-07-26,未勝利,0.0
9049,中京,1400,芝,良,普通,フラット,2,チリーゴールド,2,牝,4,菱田,栗東 飯田,追い込み,56.0,418,-6,0,0,13,180.1,7,79.8,34.0,13.0,2026-07-26,未勝利,0.0
9049,中京,1400,芝,良,普通,フラット,5,リアライズブラーヴ,4,牡,3,泉谷,栗東 杉山晴,先行,55.0,472,0,0,0,10,43.9,8,79.9,34.8,6.0,2026-07-26,未勝利,0.0
9049,中京,1400,芝,良,普通,フラット,9,ルクスノア,6,牝,5,藤懸,栗東 平田,差し,56.0,488,14,0,0,8,27.9,9,80.1,34.6,10.0,2026-07-26,未勝利,0.0
9049,中京,1400,芝,良,普通,フラット,10,ペアレンツギフト,6,牝,3,川田,栗東 中内田,先行,53.0,456,16,0,0,1,3.6,10,80.3,35.3,3.0,2026-07-26,未勝利,0.0
9049,中京,1400,芝,良,普通,フラット,11,テルヴィセクス,7,牡,3,団野,栗東 斉藤崇,先行,55.0,488,-8,0,0,7,23.8,11,80.4,35.5,3.0,2026-07-26,未勝利,0.0
9049,中京,1400,芝,良,普通,フラット,12,ダノンフェルゼン,7,牡,4,吉村,栗東 東田,追い込み,58.0,490,-12,0,0,12,143.6,12,80.4,34.8,10.0,2026-07-26,未勝利,0.0
9049,中京,1400,芝,良,普通,フラット,13,ゴージャス,8,牝,4,田山,栗東 四位,差し,55.0,436,12,0,0,9,41.7,13,80.7,35.4,8.0,2026-07-26,未勝利,0.0
9049,中京,1400,芝,良,普通,フラット,14,インターポーザー,8,牡,4,Ｍデム,栗東 井上,追い込み,58.0,498,-2,0,0,11,135.4,14,82.2,34.5,14.0,2026-07-26,未勝利,0.0
9067,中京,1400,ダート,良,普通,フラット,10,ポッドリプル,5,牡,3,荻野極,栗東 辻野,差し,55.0,464,0,0,0,1,2.7,1,84.5,37.1,11.0,2026-07-26,未勝利,0.0
9067,中京,1400,ダート,良,普通,フラット,6,ザングウィル,3,牡,6,原,栗東 佐藤悠,逃げ,58.0,516,0,0,0,6,15.0,2,84.5,37.9,2.0,2026-07-26,未勝利,0.0
9067,中京,1400,ダート,良,普通,フラット,2,ラブインアクション,1,牝,3,酒井,栗東 橋口,逃げ,53.0,490,4,0,0,2,4.4,3,84.6,38.1,1.0,2026-07-26,未勝利,0.0
9067,中京,1400,ダート,良,普通,フラット,11,アーガイルショア,6,牝,3,横山武,栗東 安田,追い込み,53.0,506,-6,0,0,5,9.9,4,84.9,37.4,14.0,2026-07-26,未勝利,0.0
9067,中京,1400,ダート,良,普通,フラット,16,キーンセンス,8,牡,3,幸,栗東 松永幹,差し,55.0,516,6,0,0,3,6.3,5,85.5,38.1,11.0,2026-07-26,未勝利,0.0
9067,中京,1400,ダート,良,普通,フラット,12,モンスエ,6,牡,3,田山,栗東 高橋一,先行,54.0,514,2,0,0,7,16.8,6,85.5,38.4,7.0,2026-07-26,未勝利,0.0
9067,中京,1400,ダート,良,普通,フラット,9,エシェックオロワ,5,セ,3,高倉,栗東 千田,逃げ,55.0,448,-30,0,0,16,309.5,7,85.6,38.9,3.0,2026-07-26,未勝利,0.0
9067,中京,1400,ダート,良,普通,フラット,8,フロンティエール,4,牡,4,川須,栗東 柴田,先行,58.0,522,14,0,0,10,57.3,8,85.8,38.8,7.0,2026-07-26,未勝利,0.0
9067,中京,1400,ダート,良,普通,フラット,13,レイム,7,牝,5,秋山稔,栗東 高橋康,差し,56.0,448,-4,0,0,11,63.2,9,85.8,38.7,10.0,2026-07-26,未勝利,0.0
9067,中京,1400,ダート,良,普通,フラット,4,ワイルドブッター,2,セ,4,角田和,栗東 武英,差し,58.0,516,-2,0,0,15,224.3,10,86.6,39.5,7.0,2026-07-26,未勝利,0.0
9067,中京,1400,ダート,良,普通,フラット,5,ダディーズグーグー,3,牡,4,川端,栗東 畑端,逃げ,55.0,478,0,0,0,13,113.1,11,87.0,40.1,3.0,2026-07-26,未勝利,0.0
9067,中京,1400,ダート,良,普通,フラット,3,ハードシングス,2,牡,3,Ｍデム,栗東 小崎,追い込み,55.0,466,0,0,0,9,43.4,12,87.3,39.7,14.0,2026-07-26,未勝利,0.0
9067,中京,1400,ダート,良,普通,フラット,7,シャープインサイト,4,牡,3,菱田,栗東 東田,追い込み,55.0,428,4,0,0,12,72.4,13,87.5,39.6,16.0,2026-07-26,未勝利,0.0
9067,中京,1400,ダート,良,普通,フラット,1,イーサンハンター,1,牡,5,城戸,栗東 宮地,先行,58.0,540,2,0,0,14,223.3,14,87.8,40.9,5.0,2026-07-26,未勝利,0.0
9067,中京,1400,ダート,良,普通,フラット,15,マイティキングダム,8,牡,3,松山,栗東 加藤公,先行,55.0,466,2,0,0,4,7.4,15,88.0,41.1,5.0,2026-07-26,未勝利,0.0
9067,中京,1400,ダート,良,普通,フラット,14,ラトラース,7,セ,4,吉村,栗東 中内田,追い込み,58.0,480,4,0,0,8,18.5,16,89.6,42.3,11.0,2026-07-26,未勝利,0.0
9068,中京,1600,芝,良,普通,フラット,9,ロケベンドラ,5,牝,4,坂井,栗東 西園翔,逃げ,56.0,446,-4,0,0,4,6.8,1,93.0,33.8,2.0,2026-07-26,未勝利,0.0
9068,中京,1600,芝,良,普通,フラット,13,シャンパンライフ,7,牝,4,松山,栗東 四位,逃げ,56.0,454,0,0,0,3,6.5,2,93.3,34.1,2.0,2026-07-26,未勝利,0.0
9068,中京,1600,芝,良,普通,フラット,11,バースデイフライト,6,牝,3,田山,栗東 新谷,先行,52.0,444,-10,0,0,1,4.1,3,93.3,33.6,8.0,2026-07-26,未勝利,0.0
9068,中京,1600,芝,良,普通,フラット,4,ペプチドブッドレア,2,牝,3,団野,栗東 吉村,逃げ,53.0,460,-4,0,0,6,9.8,4,93.4,34.1,4.0,2026-07-26,未勝利,0.0
9068,中京,1600,芝,良,普通,フラット,2,カラペルソナ,1,牝,3,横山武,栗東 斉藤崇,差し,53.0,440,-4,0,0,2,5.6,5,93.4,33.6,9.0,2026-07-26,未勝利,0.0
9068,中京,1600,芝,良,普通,フラット,12,ポペット,6,牝,3,永島,栗東 高橋康,追い込み,51.0,414,-4,0,0,9,19.7,6,93.5,33.5,13.0,2026-07-26,未勝利,0.0
9068,中京,1600,芝,良,普通,フラット,3,エンヴェロップ,2,牝,3,吉村,栗東 佐藤悠,先行,53.0,460,8,0,0,7,13.7,7,93.5,34.2,4.0,2026-07-26,未勝利,0.0
9068,中京,1600,芝,良,普通,フラット,15,マルモア,8,牝,5,角田和,栗東 松永幹,先行,56.0,418,6,0,0,16,195.9,8,93.6,34.2,4.0,2026-07-26,未勝利,0.0
9068,中京,1600,芝,良,普通,フラット,1,ペイシャシス,1,牝,3,酒井,栗東 加藤公,先行,53.0,402,0,0,0,5,7.3,9,93.7,34.2,7.0,2026-07-26,未勝利,0.0
9068,中京,1600,芝,良,普通,フラット,8,エイズルブルーム,4,牝,3,原,栗東 坂口,追い込み,53.0,442,2,0,0,8,19.4,10,93.8,33.7,15.0,2026-07-26,未勝利,0.0
9068,中京,1600,芝,良,普通,フラット,16,ウォーターエアリー,8,牝,4,亀田,栗東 高柳大,差し,56.0,422,8,0,0,12,54.3,11,93.8,33.9,12.0,2026-07-26,未勝利,0.0
9068,中京,1600,芝,良,普通,フラット,10,ウォーターエルピス,5,牝,4,幸,栗東 藤野,追い込み,56.0,502,-7,0,0,14,123.4,12,93.9,33.7,15.0,2026-07-26,未勝利,0.0
9068,中京,1600,芝,良,普通,フラット,14,リトルスカーレット,7,牝,4,川端,栗東 柴田,差し,53.0,490,-4,0,0,15,164.1,13,94.0,34.2,9.0,2026-07-26,未勝利,0.0
9068,中京,1600,芝,良,普通,フラット,6,カモメガトンダ,3,牝,3,荻野極,栗東 今野,逃げ,53.0,436,-4,0,0,10,20.2,14,94.4,35.4,1.0,2026-07-26,未勝利,0.0
9068,中京,1600,芝,良,普通,フラット,7,ラガークイン,4,牝,5,菱田,栗東 大久保,追い込み,56.0,420,-16,0,0,13,97.7,15,94.6,34.6,13.0,2026-07-26,未勝利,0.0
9068,中京,1600,芝,良,普通,フラット,5,オリーボーレン,3,牝,5,Ｍデム,栗東 藤岡健,差し,56.0,480,-6,0,0,11,45.7,16,95.9,36.1,9.0,2026-07-26,未勝利,0.0
9069,中京,1200,芝,良,普通,フラット,2,ベルセクレト,2,牝,3,田山,栗東 藤岡健,先行,54.0,466,-2,0,0,4,18.8,1,67.8,33.4,7.0,2026-07-26,未勝利,0.0
9069,中京,1200,芝,良,普通,フラット,5,ダノンステート,3,牡,3,角田和,栗東 千田,逃げ,57.0,476,-6,0,0,7,27.1,2,68.0,33.9,3.0,2026-07-26,未勝利,0.0
9069,中京,1200,芝,良,普通,フラット,7,チュウワメロディー,4,牡,3,松山,栗東 小崎,先行,57.0,462,6,0,0,1,1.8,3,68.3,34.1,4.0,2026-07-26,未勝利,0.0
9069,中京,1200,芝,良,普通,フラット,15,ウイングサンライズ,8,牝,3,坂井,栗東 矢作,差し,55.0,408,2,0,0,5,19.3,4,68.4,33.9,9.0,2026-07-26,未勝利,0.0
9069,中京,1200,芝,良,普通,フラット,1,ルージュルガーノ,1,牝,3,秋山稔,栗東 昆,逃げ,55.0,446,-8,0,0,3,6.4,5,68.5,34.6,1.0,2026-07-26,未勝利,0.0
9069,中京,1200,芝,良,普通,フラット,3,コースタルロード,2,牝,3,横山武,栗東 辻野,先行,55.0,420,-14,0,0,2,3.1,6,68.6,34.4,4.0,2026-07-26,未勝利,0.0
9069,中京,1200,芝,良,普通,フラット,6,アンリミテッド,4,牡,3,原,栗東 高野,先行,57.0,494,2,0,0,6,25.0,7,68.6,34.4,4.0,2026-07-26,未勝利,0.0
9069,中京,1200,芝,良,普通,フラット,10,ピンクパンサー,6,牝,3,吉村,栗東 庄野,差し,55.0,468,-2,0,0,11,136.4,8,68.7,34.3,7.0,2026-07-26,未勝利,0.0
9069,中京,1200,芝,良,普通,フラット,4,メイショウジーニー,3,牝,3,柴田裕,栗東 秋山,逃げ,53.0,392,-4,0,0,9,51.2,9,68.8,34.8,2.0,2026-07-26,未勝利,0.0
9069,中京,1200,芝,良,普通,フラット,8,ステキサプライズ,5,牡,3,国分恭,美浦 粕谷,追い込み,57.0,432,0,0,0,10,126.7,10,69.0,33.7,14.0,2026-07-26,未勝利,0.0
9069,中京,1200,芝,良,普通,フラット,13,アリディプラチノ,7,牝,3,川端,栗東 畑端,差し,52.0,430,4,0,0,12,155.7,11,69.0,34.2,11.0,2026-07-26,未勝利,0.0
9069,中京,1200,芝,良,普通,フラット,9,メイケイシャイン,5,牡,3,高倉,栗東 武英,追い込み,57.0,480,-6,0,0,13,305.5,12,70.2,35.1,12.0,2026-07-26,未勝利,0.0
9069,中京,1200,芝,良,普通,フラット,14,グランブリーゼ,8,牝,3,加藤,栗東 庄野,追い込み,55.0,480,10,0,0,15,475.9,13,70.7,35.7,12.0,2026-07-26,未勝利,0.0
9069,中京,1200,芝,良,普通,フラット,11,テーオーエリーナ,6,牝,3,森田,栗東 宮,差し,52.0,440,-6,0,0,14,387.9,14,71.1,36.5,10.0,2026-07-26,未勝利,0.0
9069,中京,1200,芝,良,普通,フラット,12,ファーストアタック,7,牡,3,荻野極,栗東 緒方,追い込み,57.0,434,2,0,0,8,47.9,15,74.8,38.7,15.0,2026-07-26,未勝利,0.0
9070,札幌,1700,ダート,良,短い,フラット,9,スリーケイ,8,牝,3,佐々木,栗東 高橋一,逃げ,55.0,510,0,0,0,6,15.7,1,106.0,37.7,2.0,2026-07-26,未勝利,0.0
9070,札幌,1700,ダート,良,短い,フラット,5,ルージュボニート,5,牝,3,丹内,美浦 高柳瑞,逃げ,55.0,442,-4,0,0,4,7.2,2,106.0,37.8,1.0,2026-07-26,未勝利,0.0
9070,札幌,1700,ダート,良,短い,フラット,6,プルーフリーディン,6,牝,3,鮫島駿,栗東 小林,先行,55.0,498,8,0,0,1,2.0,3,106.8,38.5,2.0,2026-07-26,未勝利,0.0
9070,札幌,1700,ダート,良,短い,フラット,8,ルパピヨンブラン,7,牝,3,西村淳,栗東 杉山佳,先行,55.0,434,2,0,0,3,6.1,4,107.0,37.9,4.0,2026-07-26,未勝利,0.0
9070,札幌,1700,ダート,良,短い,フラット,2,ビレッジルイーザ,2,牝,3,小林美,美浦 伊藤圭,差し,52.0,452,14,0,0,2,4.5,5,107.9,38.4,6.0,2026-07-26,未勝利,0.0
9070,札幌,1700,ダート,良,短い,フラット,7,サマースプラッシュ,7,牝,3,古川奈,美浦 石栗,追い込み,53.0,498,4,0,0,7,30.4,6,108.3,38.6,9.0,2026-07-26,未勝利,0.0
9070,札幌,1700,ダート,良,短い,フラット,10,ワイルドカグラ,8,牝,3,河原田,栗東 渡辺,差し,51.0,466,6,0,0,5,8.9,7,108.5,39.4,7.0,2026-07-26,未勝利,0.0
9070,札幌,1700,ダート,良,短い,フラット,3,チカマヨルキーナ,3,牝,3,横山琉,栗東 藤岡健,追い込み,55.0,468,-4,0,0,10,141.9,8,109.4,39.5,10.0,2026-07-26,未勝利,0.0
9070,札幌,1700,ダート,良,短い,フラット,1,ラストシャイニー,1,牝,3,松本,美浦 千葉,追い込み,55.0,424,-4,0,0,8,54.3,9,109.5,39.9,8.0,2026-07-26,未勝利,0.0
9070,札幌,1700,ダート,良,短い,フラット,4,ハスカップジャム,4,牝,3,長浜,美浦 中舘,先行,54.0,426,10,0,0,9,73.1,10,109.5,40.7,5.0,2026-07-26,未勝利,0.0
9071,札幌,1200,芝,良,短い,フラット,8,ハルヒメ,4,牝,3,小林美,美浦 矢嶋,先行,52.0,410,12,0,0,1,3.4,1,69.1,34.4,5.0,2026-07-26,未勝利,0.0
9071,札幌,1200,芝,良,短い,フラット,6,モノノケ,3,牝,3,和田陽,栗東 宮地,差し,52.0,468,-6,0,0,12,57.3,2,69.2,34.0,10.0,2026-07-26,未勝利,0.0
9071,札幌,1200,芝,良,短い,フラット,11,メイショウテンジン,6,牡,3,古川吉,栗東 高橋亮,逃げ,57.0,484,2,0,0,5,9.5,3,69.2,34.9,1.0,2026-07-26,未勝利,0.0
9071,札幌,1200,芝,良,短い,フラット,4,ロジスカヤ,2,牝,3,長浜,美浦 新開,先行,54.0,414,4,0,0,7,15.9,4,69.2,34.5,5.0,2026-07-26,未勝利,0.0
9071,札幌,1200,芝,良,短い,フラット,10,アンジュラフィーユ,5,牝,3,舟山,栗東 藤野,逃げ,54.0,436,16,0,0,2,3.5,5,69.3,34.9,2.0,2026-07-26,未勝利,0.0
9071,札幌,1200,芝,良,短い,フラット,5,ティンクルバレット,3,牝,3,古川奈,栗東 池添,逃げ,53.0,424,6,0,0,15,85.2,6,69.3,34.7,3.0,2026-07-26,未勝利,0.0
9071,札幌,1200,芝,良,短い,フラット,2,ランスオブラヴ,1,牝,3,武豊,栗東 奥村豊,先行,55.0,446,-2,0,0,4,7.9,7,69.3,34.3,7.0,2026-07-26,未勝利,0.0
9071,札幌,1200,芝,良,短い,フラット,7,フリーダムスタイル,4,牝,3,横山和,栗東 森田,追い込み,55.0,416,-4,0,0,8,22.5,8,69.4,33.8,13.0,2026-07-26,未勝利,0.0
9071,札幌,1200,芝,良,短い,フラット,14,モズヴイ,7,牡,3,西村淳,栗東 藤岡健,先行,57.0,452,-2,0,0,3,7.2,9,69.5,34.5,7.0,2026-07-26,未勝利,0.0
9071,札幌,1200,芝,良,短い,フラット,1,ロンドンプライド,1,牝,3,河原田,美浦 竹内,差し,51.0,460,0,0,0,6,14.8,10,69.7,34.7,7.0,2026-07-26,未勝利,0.0
9071,札幌,1200,芝,良,短い,フラット,9,ユナダイヤ,5,牝,3,小沢,栗東 岡田,差し,55.0,440,2,0,0,10,54.6,11,69.7,34.5,10.0,2026-07-26,未勝利,0.0
9071,札幌,1200,芝,良,短い,フラット,16,クロノレガリス,8,牝,3,吉田隼,美浦 千葉,追い込み,55.0,408,12,0,0,14,75.3,12,69.8,34.1,16.0,2026-07-26,未勝利,0.0
9071,札幌,1200,芝,良,短い,フラット,3,サトノシュトローム,2,牡,3,鮫島駿,美浦 堀,追い込み,57.0,516,0,0,0,9,33.6,13,70.1,34.6,14.0,2026-07-26,未勝利,0.0
9071,札幌,1200,芝,良,短い,フラット,12,メーテルリンク,6,牝,3,横山琉,美浦 深山,追い込み,55.0,432,14,0,0,13,65.2,14,70.1,34.6,14.0,2026-07-26,未勝利,0.0
9071,札幌,1200,芝,良,短い,フラット,15,ガルフコースト,8,牡,3,佐々木,栗東 須貝,逃げ,57.0,524,2,0,0,11,56.6,15,70.2,35.7,3.0,2026-07-26,未勝利,0.0
9071,札幌,1200,芝,良,短い,フラット,13,ムーンリットレイン,7,牡,3,丹内,美浦 伊藤圭,差し,57.0,466,18,0,0,16,88.6,16,70.2,34.9,10.0,2026-07-26,未勝利,0.0
9070,札幌,1700,ダート,良,短い,フラット,1,タイセイルビー,1,牝,3,小林美,美浦 千葉,逃げ,52.0,450,-2,0,0,5,7.0,1,106.4,37.1,2.0,2026-07-26,未勝利,0.0
9070,札幌,1700,ダート,良,短い,フラット,8,クルビデンス,7,牡,3,佐々木,美浦 菊川,逃げ,57.0,470,6,0,0,8,37.2,2,106.5,37.5,1.0,2026-07-26,未勝利,0.0
9070,札幌,1700,ダート,良,短い,フラット,9,シンエンドーツダ,7,牡,3,原田和,美浦 萱野,先行,57.0,458,-4,0,0,1,3.2,3,106.6,37.5,4.0,2026-07-26,未勝利,0.0
9070,札幌,1700,ダート,良,短い,フラット,10,セラサイト,8,牝,3,舟山,栗東 茶木,先行,54.0,488,-2,0,0,2,3.8,4,106.7,37.8,2.0,2026-07-26,未勝利,0.0
9070,札幌,1700,ダート,良,短い,フラット,6,ショウナンタヅナ,6,牡,3,池添,美浦 武市,先行,57.0,470,8,0,0,6,9.0,5,107.1,37.9,5.0,2026-07-26,未勝利,0.0
9070,札幌,1700,ダート,良,短い,フラット,5,メイショウタイザン,5,牡,3,横山琉,栗東 高橋忠,差し,57.0,464,6,0,0,4,6.7,6,107.1,37.7,5.0,2026-07-26,未勝利,0.0
9070,札幌,1700,ダート,良,短い,フラット,7,ロスニーニョス,6,牡,3,古川吉,栗東 大根田,差し,57.0,458,-2,0,0,9,69.1,7,108.4,38.7,8.0,2026-07-26,未勝利,0.0
9070,札幌,1700,ダート,良,短い,フラット,3,タイガーゲイト,3,牡,3,長浜,美浦 大和田,追い込み,56.0,486,6,0,0,11,242.6,8,110.7,41.0,10.0,2026-07-26,未勝利,0.0
9070,札幌,1700,ダート,良,短い,フラット,11,ホウオウショパン,8,セ,3,丹内,美浦 大竹,追い込み,57.0,522,2,0,0,7,27.1,9,113.0,43.8,9.0,2026-07-26,未勝利,0.0
9070,札幌,1700,ダート,良,短い,フラット,4,アンミックス,4,牝,3,鮫島駿,栗東 高柳大,差し,55.0,438,-8,0,0,3,4.9,10,113.5,44.6,7.0,2026-07-26,未勝利,0.0
9070,札幌,1700,ダート,良,短い,フラット,2,ケンブリッジ,2,セ,3,桑村真,美浦 水野,追い込み,57.0,484,-14,0,0,10,182.0,11,113.8,43.3,11.0,2026-07-26,未勝利,0.0
9072,札幌,2000,芝,良,短い,フラット,2,ミッキーテネシー,2,牝,3,丹内,栗東 中内田,先行,55.0,442,-2,0,0,2,2.8,1,120.9,35.0,4.0,2026-07-26,未勝利,0.0
9072,札幌,2000,芝,良,短い,フラット,8,ゴコウコイコイ,6,牝,3,鮫島駿,美浦 栗田,逃げ,55.0,424,-2,0,0,4,10.8,2,121.0,35.0,2.0,2026-07-26,未勝利,0.0
9072,札幌,2000,芝,良,短い,フラット,9,ヘイジュード,7,牡,3,浜中,美浦 堀,先行,57.0,496,12,0,0,1,2.4,3,121.5,35.1,4.0,2026-07-26,未勝利,0.0
9072,札幌,2000,芝,良,短い,フラット,12,ロッサコメータ,8,牝,3,西村淳,栗東 吉岡,逃げ,55.0,450,4,0,0,3,6.1,4,121.5,35.9,1.0,2026-07-26,未勝利,0.0
9072,札幌,2000,芝,良,短い,フラット,6,サトノリアファル,5,牡,3,横山和,美浦 古賀慎,差し,57.0,526,6,0,0,5,12.5,5,121.6,34.9,8.0,2026-07-26,未勝利,0.0
9072,札幌,2000,芝,良,短い,フラット,7,スチョウプリンセス,6,牝,3,松本,美浦 的場,差し,55.0,432,2,0,0,8,78.2,6,122.1,35.9,8.0,2026-07-26,未勝利,0.0
9072,札幌,2000,芝,良,短い,フラット,1,デルマタカチホ,1,牡,3,河原田,栗東 田中克,追い込み,53.0,478,0,0,0,7,42.6,7,122.3,36.2,8.0,2026-07-26,未勝利,0.0
9072,札幌,2000,芝,良,短い,フラット,10,スノーエルヴァ,7,牝,3,古川奈,美浦 中舘,追い込み,53.0,458,10,0,0,9,99.4,8,122.4,36.0,12.0,2026-07-26,未勝利,0.0
9072,札幌,2000,芝,良,短い,フラット,11,ジングアップ,8,牡,3,佐々木,美浦 大竹,先行,57.0,434,-8,0,0,6,12.9,9,122.5,36.7,4.0,2026-07-26,未勝利,0.0
9072,札幌,2000,芝,良,短い,フラット,5,ブリリアンブルーム,5,牝,3,小林美,栗東 西村,逃げ,52.0,360,-6,0,0,10,102.3,10,122.6,36.9,2.0,2026-07-26,未勝利,0.0
9072,札幌,2000,芝,良,短い,フラット,4,ダディーズソード,4,牡,3,舟山,栗東 畑端,追い込み,56.0,444,0,0,0,11,113.4,11,122.8,36.6,8.0,2026-07-26,未勝利,0.0
9072,札幌,2000,芝,良,短い,フラット,3,カイユレ,3,牝,3,長浜,美浦 古賀慎,差し,54.0,426,12,0,0,12,193.6,12,123.2,37.3,4.0,2026-07-26,未勝利,0.0
9050,札幌,1000,ダート,良,短い,フラット,6,ナムラモモ,6,牝,4,小沢,栗東 羽月,先行,56.0,438,14,0,0,2,3.6,1,58.9,35.1,2.0,2026-07-26,未勝利,0.0
9050,札幌,1000,ダート,良,短い,フラット,2,ランドスター,2,牡,3,小林美,美浦 柄崎,差し,52.0,498,-2,0,0,5,6.1,2,59.3,34.8,4.0,2026-07-26,未勝利,0.0
9050,札幌,1000,ダート,良,短い,フラット,4,ロードヴァルカン,4,牡,4,横山和,栗東 中村,先行,58.0,464,-4,0,0,3,3.6,3,59.5,35.6,3.0,2026-07-26,未勝利,0.0
9050,札幌,1000,ダート,良,短い,フラット,5,ビタミンドロップ,5,牡,3,丹内,美浦 松山,逃げ,55.0,488,-2,0,0,1,3.0,4,59.7,36.0,1.0,2026-07-26,未勝利,0.0
9050,札幌,1000,ダート,良,短い,フラット,7,ラムールデュヴォン,7,牡,3,遠藤,美浦 堀内,差し,52.0,478,10,0,0,7,91.0,5,59.9,35.6,5.0,2026-07-26,未勝利,0.0
9050,札幌,1000,ダート,良,短い,フラット,1,キープライジング,1,牝,5,岩田康,栗東 吉田,追い込み,56.0,466,-10,0,0,6,41.5,6,60.0,35.0,7.0,2026-07-26,未勝利,0.0
9050,札幌,1000,ダート,良,短い,フラット,3,レネネト,3,牝,4,北村友,栗東 柴田,追い込み,56.0,528,4,0,0,4,5.5,7,60.0,35.2,6.0,2026-07-26,未勝利,0.0
9073,札幌,1500,芝,良,短い,フラット,1,デイトナチャンプ,1,牡,3,武豊,美浦 加藤征,先行,55.0,436,-2,0,0,1,1.6,1,87.9,34.5,4.0,2026-07-26,未勝利,0.0
9073,札幌,1500,芝,良,短い,フラット,2,ナハトナナレオン,2,牝,3,佐々木,美浦 矢嶋,逃げ,53.0,410,12,0,0,2,5.6,2,88.0,34.8,2.0,2026-07-26,未勝利,0.0
9073,札幌,1500,芝,良,短い,フラット,8,ダノンフィオーレ,6,牝,4,北村友,栗東 藤原,差し,56.0,446,4,0,0,5,13.5,3,88.0,34.0,8.0,2026-07-26,未勝利,0.0
9073,札幌,1500,芝,良,短い,フラット,7,ルクスアドラー,6,牡,5,舟山,美浦 平岩,差し,57.0,456,-4,0,0,11,148.4,4,88.1,34.1,8.0,2026-07-26,未勝利,0.0
9073,札幌,1500,芝,良,短い,フラット,6,トップオンザヒル,5,セ,4,小沢,栗東 岡田,先行,58.0,474,6,0,0,10,91.8,5,88.2,34.5,6.0,2026-07-26,未勝利,0.0
9073,札幌,1500,芝,良,短い,フラット,9,サンウリエル,7,牡,5,川又,栗東 宮本,追い込み,58.0,476,-14,0,0,8,21.3,6,88.4,34.2,8.0,2026-07-26,未勝利,0.0
9073,札幌,1500,芝,良,短い,フラット,5,コスモレッド,5,牝,3,池添,栗東 北出,先行,53.0,438,-4,0,0,6,13.6,7,88.4,35.0,4.0,2026-07-26,未勝利,0.0
9073,札幌,1500,芝,良,短い,フラット,10,クイーンズワーフ,7,牝,5,河原田,美浦 青木,逃げ,52.0,444,0,0,0,3,9.3,8,88.6,35.6,1.0,2026-07-26,未勝利,0.0
9073,札幌,1500,芝,良,短い,フラット,12,トレヴィ,8,牝,4,丹内,美浦 木村,差し,56.0,468,20,0,0,7,16.3,9,88.6,34.9,6.0,2026-07-26,未勝利,0.0
9073,札幌,1500,芝,良,短い,フラット,3,メイショウハッケイ,3,牝,3,和田陽,栗東 本田,追い込み,50.0,464,-2,0,0,4,11.6,10,88.8,34.6,11.0,2026-07-26,未勝利,0.0
9073,札幌,1500,芝,良,短い,フラット,4,マジカルシャイン,4,牝,4,古川奈,栗東 武英,逃げ,54.0,512,2,0,0,9,58.6,11,89.6,36.4,2.0,2026-07-26,未勝利,0.0
9073,札幌,1500,芝,良,短い,フラット,11,フクシマコウヨウ,8,牝,4,岩田康,美浦 小島,追い込み,56.0,448,-10,0,0,12,355.0,12,90.3,35.9,12.0,2026-07-26,未勝利,0.0
9070,札幌,1700,ダート,良,短い,フラット,5,マーゴットサンズ,5,牝,3,西村淳,美浦 伊坂,逃げ,53.0,474,-2,0,0,1,1.6,1,105.0,37.0,1.0,2026-07-26,未勝利,0.0
9070,札幌,1700,ダート,良,短い,フラット,1,ルージュビバーチェ,1,牝,3,鮫島駿,栗東 橋口,逃げ,53.0,460,14,0,0,4,6.8,2,105.5,37.3,2.0,2026-07-26,未勝利,0.0
9070,札幌,1700,ダート,良,短い,フラット,6,カルミアクラウン,6,牝,4,小沢,栗東 吉岡,先行,56.0,446,10,0,0,2,5.5,3,105.5,37.4,2.0,2026-07-26,未勝利,0.0
9070,札幌,1700,ダート,良,短い,フラット,7,ヴェールミューズ,7,牝,3,佐々木,栗東 浜田,差し,53.0,442,12,0,0,5,14.3,4,106.0,37.7,5.0,2026-07-26,未勝利,0.0
9070,札幌,1700,ダート,良,短い,フラット,2,サウンドルーチェ,2,牝,4,河原田,栗東 渡辺,追い込み,52.0,454,0,0,0,6,15.0,5,106.4,37.8,7.0,2026-07-26,未勝利,0.0
9070,札幌,1700,ダート,良,短い,フラット,4,マインセーラ,4,牝,3,的場,美浦 的場,追い込み,53.0,428,-4,0,0,8,185.5,6,106.7,37.9,8.0,2026-07-26,未勝利,0.0
9070,札幌,1700,ダート,良,短い,フラット,3,ナムラハリス,3,牝,3,古川吉,栗東 宮地,差し,53.0,416,-14,0,0,7,43.1,7,107.2,39.1,5.0,2026-07-26,未勝利,0.0
9070,札幌,1700,ダート,良,短い,フラット,8,ラウニウ,8,牝,4,横山和,栗東 昆,先行,56.0,476,-22,0,0,3,6.3,8,107.4,39.0,4.0,2026-07-26,未勝利,0.0
9073,札幌,1500,芝,良,短い,フラット,8,ワタシマツワ,7,牝,4,小林美,美浦 竹内,逃げ,52.0,428,12,0,0,5,9.2,1,87.9,34.1,1.0,2026-07-26,2勝クラス,2.0
9073,札幌,1500,芝,良,短い,フラット,2,レイユール,2,牝,4,長浜,美浦 手塚久,先行,51.0,428,2,0,0,8,22.3,2,88.1,34.0,3.0,2026-07-26,2勝クラス,2.0
9073,札幌,1500,芝,良,短い,フラット,1,アルデトップガン,1,牡,3,丹内,美浦 田中剛,差し,55.0,468,2,0,0,3,5.2,3,88.4,34.0,7.0,2026-07-26,2勝クラス,2.0
9073,札幌,1500,芝,良,短い,フラット,5,マーゴットブロー,5,牡,3,西村淳,美浦 伊坂,先行,54.0,514,4,0,0,1,3.1,4,88.4,34.4,3.0,2026-07-26,2勝クラス,2.0
9073,札幌,1500,芝,良,短い,フラット,10,ヒズマスターピース,8,牝,3,佐々木,美浦 奥村武,逃げ,53.0,518,20,0,0,2,3.7,5,88.7,34.9,2.0,2026-07-26,2勝クラス,2.0
9073,札幌,1500,芝,良,短い,フラット,3,シャイニースイフト,3,牡,6,舟山,美浦 菊川,先行,53.0,434,2,0,0,7,20.5,6,89.0,34.9,5.0,2026-07-26,2勝クラス,2.0
9073,札幌,1500,芝,良,短い,フラット,9,ジャズ,8,牡,5,吉田隼,栗東 辻野,差し,56.0,484,0,0,0,6,12.6,7,89.1,35.0,5.0,2026-07-26,2勝クラス,2.0
9073,札幌,1500,芝,良,短い,フラット,4,ヴェナートル,4,牡,4,黛,美浦 武藤,追い込み,54.0,498,4,0,0,9,93.1,8,89.2,34.8,9.0,2026-07-26,2勝クラス,2.0
9073,札幌,1500,芝,良,短い,フラット,6,ショウナンカリス,6,牝,3,池添,美浦 加藤士,追い込み,52.0,418,-4,0,0,4,5.3,9,89.2,35.0,7.0,2026-07-26,2勝クラス,2.0
9073,札幌,1500,芝,良,短い,フラット,7,ブラックルビー,7,牝,4,北村友,美浦 平岩,追い込み,52.0,440,-8,0,0,0,0.0,99,,,,2026-07-26,2勝クラス,2.0
9074,札幌,2600,芝,良,短い,フラット,2,ミラージュナイト,2,牡,4,西村淳,栗東 杉山佳,逃げ,57.0,490,-8,0,0,1,2.1,1,160.0,35.2,2.0,2026-07-26,L(リステッド),4.5
9074,札幌,2600,芝,良,短い,フラット,13,ホールネス,8,牝,6,小沢,栗東 藤原,差し,56.0,534,0,0,0,8,29.2,2,160.2,34.9,9.0,2026-07-26,L(リステッド),4.5
9074,札幌,2600,芝,良,短い,フラット,4,ギャンブルルーム,4,牡,5,松本,栗東 大久保,先行,57.0,508,2,0,0,7,25.2,3,160.2,35.2,4.0,2026-07-26,L(リステッド),4.5
9074,札幌,2600,芝,良,短い,フラット,12,ラスカンブレス,8,セ,5,丹内,美浦 林,追い込み,57.0,480,6,0,0,10,65.7,4,160.3,35.1,9.0,2026-07-26,L(リステッド),4.5
9074,札幌,2600,芝,良,短い,フラット,1,スピードリッチ,1,牡,5,北村友,栗東 藤岡健,先行,57.0,488,-4,0,0,6,23.1,5,160.3,35.4,4.0,2026-07-26,L(リステッド),4.5
9074,札幌,2600,芝,良,短い,フラット,9,エコロレイズ,6,牡,5,横山琉,美浦 岩戸,追い込み,57.0,506,2,0,0,12,99.7,6,160.4,35.2,9.0,2026-07-26,L(リステッド),4.5
9074,札幌,2600,芝,良,短い,フラット,3,レクスノヴァス,3,牡,4,岩田康,栗東 上村,先行,57.0,488,-4,0,0,2,3.5,7,160.4,35.6,4.0,2026-07-26,L(リステッド),4.5
9074,札幌,2600,芝,良,短い,フラット,8,レッドテリオス,6,牡,5,武豊,美浦 古賀慎,逃げ,57.0,482,-4,0,0,3,8.4,8,160.6,36.0,1.0,2026-07-26,L(リステッド),4.5
9074,札幌,2600,芝,良,短い,フラット,5,コーチェラバレー,4,牡,4,横山和,栗東 安田,差し,57.0,442,8,0,0,5,11.5,9,160.6,35.6,4.0,2026-07-26,L(リステッド),4.5
9074,札幌,2600,芝,良,短い,フラット,11,アマキヒ,7,牡,4,佐々木,栗東 橋田,逃げ,57.0,506,0,0,0,4,10.1,10,160.9,36.2,2.0,2026-07-26,L(リステッド),4.5
9074,札幌,2600,芝,良,短い,フラット,6,パトリックハンサム,5,牡,7,小林美,美浦 柄崎,追い込み,57.0,472,-2,0,0,13,106.6,11,161.2,36.2,9.0,2026-07-26,L(リステッド),4.5
9074,札幌,2600,芝,良,短い,フラット,10,バルナバ,7,牡,4,舟山,栗東 浜田,差し,57.0,502,0,0,0,11,68.2,12,162.6,38.1,4.0,2026-07-26,L(リステッド),4.5
9074,札幌,2600,芝,良,短い,フラット,7,ブレイヴロッカー,5,セ,6,池添,栗東 本田,追い込み,57.0,450,-8,0,0,9,30.2,99,,,,2026-07-26,L(リステッド),4.5
9072,札幌,2000,芝,良,短い,フラット,4,デルマジュテーム,4,牝,4,的場,美浦 的場,先行,56.0,458,-2,0,0,8,37.8,1,120.2,34.8,4.0,2026-07-26,1勝クラス,1.0
9072,札幌,2000,芝,良,短い,フラット,6,カージオイド,6,牡,4,長浜,美浦 黒岩,逃げ,58.0,514,-4,0,0,6,23.3,2,120.4,35.4,2.0,2026-07-26,1勝クラス,1.0
9072,札幌,2000,芝,良,短い,フラット,1,クリスレジーナ,1,牝,3,鮫島駿,栗東 高野,逃げ,53.0,470,-12,0,0,1,2.2,3,120.4,35.4,1.0,2026-07-26,1勝クラス,1.0
9072,札幌,2000,芝,良,短い,フラット,8,デルシエロ,8,牡,5,丹内,栗東 清水久,差し,58.0,422,2,0,0,2,2.8,4,120.5,35.2,5.0,2026-07-26,1勝クラス,1.0
9072,札幌,2000,芝,良,短い,フラット,2,ピティロディア,2,牡,4,古川吉,美浦 室井,差し,58.0,450,-6,0,0,5,10.7,5,120.8,35.4,5.0,2026-07-26,1勝クラス,1.0
9072,札幌,2000,芝,良,短い,フラット,5,カイシンパジェント,5,牝,3,桑村真,地方 角川秀,追い込み,53.0,454,-8,0,0,7,30.6,6,120.9,35.3,7.0,2026-07-26,1勝クラス,1.0
9072,札幌,2000,芝,良,短い,フラット,9,ドルチェリターン,8,牡,4,横山和,栗東 前川,先行,58.0,458,-4,0,0,3,6.7,7,121.1,36.1,3.0,2026-07-26,1勝クラス,1.0
9072,札幌,2000,芝,良,短い,フラット,3,キセキノエンジェル,3,牝,7,遠藤,美浦 武市,追い込み,56.0,482,6,0,0,9,120.4,8,121.2,35.6,7.0,2026-07-26,1勝クラス,1.0
9072,札幌,2000,芝,良,短い,フラット,7,フリーガー,7,牡,3,西村淳,栗東 矢作,追い込み,55.0,428,0,0,0,4,8.8,9,123.8,38.5,9.0,2026-07-26,1勝クラス,1.0
9038,新潟,1200,ダート,稍重,長い,フラット,3,プリプリプリン,2,牝,3,佐藤,美浦 伊藤圭,逃げ,52.0,488,2,0,0,2,3.3,1,72.4,38.1,1.0,2026-07-25,未勝利,0.0
9038,新潟,1200,ダート,稍重,長い,フラット,15,オレンジキャンパス,8,牝,3,武藤,美浦 武藤,逃げ,55.0,474,2,0,0,3,4.5,2,73.0,38.6,2.0,2026-07-25,未勝利,0.0
9038,新潟,1200,ダート,稍重,長い,フラット,4,スノーランス,3,牝,3,石橋脩,美浦 上原佑,先行,55.0,464,0,0,0,4,8.2,3,73.6,38.8,4.0,2026-07-25,未勝利,0.0
9038,新潟,1200,ダート,稍重,長い,フラット,7,セイウンヤオヨロズ,4,牡,3,石神道,美浦 上原博,逃げ,55.0,468,2,0,0,5,8.7,4,73.7,39.2,3.0,2026-07-25,未勝利,0.0
9038,新潟,1200,ダート,稍重,長い,フラット,9,ロジザボード,5,牝,3,斎藤,美浦 古賀慎,差し,55.0,482,-8,0,0,6,26.2,5,73.8,38.3,8.0,2026-07-25,未勝利,0.0
9038,新潟,1200,ダート,稍重,長い,フラット,6,ナーシリーヤ,4,牡,3,松岡,美浦 田中剛,先行,57.0,488,8,0,0,7,32.5,6,74.0,39.2,4.0,2026-07-25,未勝利,0.0
9038,新潟,1200,ダート,稍重,長い,フラット,8,メイショウバリスタ,5,牡,3,菊沢,美浦 西田,差し,57.0,438,-2,0,0,10,128.8,7,74.1,38.4,9.0,2026-07-25,未勝利,0.0
9038,新潟,1200,ダート,稍重,長い,フラット,11,スウェーバック,6,牝,3,野中,美浦 天間,差し,55.0,432,-4,0,0,9,89.6,8,74.3,38.5,9.0,2026-07-25,未勝利,0.0
9038,新潟,1200,ダート,稍重,長い,フラット,5,シャインネージュ,3,牝,3,谷原,美浦 小野,先行,51.0,478,0,0,0,8,47.3,9,74.3,39.1,7.0,2026-07-25,未勝利,0.0
9038,新潟,1200,ダート,稍重,長い,フラット,10,スウィートラキ,6,牝,3,木幡初,美浦 堀内,追い込み,55.0,444,-2,0,0,11,241.8,10,74.4,38.4,12.0,2026-07-25,未勝利,0.0
9038,新潟,1200,ダート,稍重,長い,フラット,2,パチクリベスクリ,2,牡,3,丸田,美浦 清水英,追い込み,57.0,450,-8,0,0,14,345.9,11,74.7,38.3,13.0,2026-07-25,未勝利,0.0
9038,新潟,1200,ダート,稍重,長い,フラット,14,マナイアカラニ,8,牡,3,戸崎圭,美浦 田中勝,先行,57.0,480,-2,0,0,1,2.6,12,75.4,40.6,4.0,2026-07-25,未勝利,0.0
9038,新潟,1200,ダート,稍重,長い,フラット,12,ジョイベル,7,牝,3,木幡育,美浦 本間,追い込み,55.0,450,-2,0,0,15,481.8,13,76.7,40.4,13.0,2026-07-25,未勝利,0.0
9038,新潟,1200,ダート,稍重,長い,フラット,13,フジテンクウ,7,牝,3,石田,美浦 竹内,差し,52.0,452,-2,0,0,13,333.2,14,76.8,41.0,11.0,2026-07-25,未勝利,0.0
9038,新潟,1200,ダート,稍重,長い,フラット,1,サンマルオブウォー,1,牡,3,上里,美浦 中川,追い込み,54.0,442,0,0,0,12,281.6,15,78.3,40.7,15.0,2026-07-25,未勝利,0.0
9040,新潟,1800,芝,良,長い,フラット,5,フィールドノート,5,牡,4,戸崎圭,美浦 木村,差し,58.0,466,-10,0,0,1,3.3,1,105.0,33.4,6.0,2026-07-25,未勝利,0.0
9040,新潟,1800,芝,良,長い,フラット,7,オルグジェシダ,6,牝,4,丸山,美浦 宮田,差し,56.0,480,-10,0,0,2,3.8,2,105.0,33.3,6.0,2026-07-25,未勝利,0.0
9040,新潟,1800,芝,良,長い,フラット,11,キシダンチョウ,8,牡,3,石川,栗東 吉岡,逃げ,55.0,520,14,0,0,3,3.8,3,105.2,34.2,1.0,2026-07-25,未勝利,0.0
9040,新潟,1800,芝,良,長い,フラット,1,スワローシチー,1,牡,4,田辺,美浦 相沢,差し,58.0,474,-4,0,0,5,12.2,4,105.3,33.5,8.0,2026-07-25,未勝利,0.0
9040,新潟,1800,芝,良,長い,フラット,6,カリーン,6,牝,4,大野,美浦 蛯名正,先行,56.0,472,0,0,0,7,44.2,5,105.5,34.0,5.0,2026-07-25,未勝利,0.0
9040,新潟,1800,芝,良,長い,フラット,9,リアルセンター,7,牝,5,原,美浦 千葉,追い込み,56.0,510,-4,0,0,11,239.1,6,105.6,33.7,8.0,2026-07-25,未勝利,0.0
9040,新潟,1800,芝,良,長い,フラット,3,メイショウキンタイ,3,牡,4,佐藤,栗東 高橋亮,先行,55.0,484,10,0,0,8,51.1,7,105.7,34.4,3.0,2026-07-25,未勝利,0.0
9040,新潟,1800,芝,良,長い,フラット,2,コスモナエマ,2,牝,3,石神道,美浦 手塚久,先行,51.0,484,4,0,0,6,16.7,8,105.9,34.6,3.0,2026-07-25,未勝利,0.0
9040,新潟,1800,芝,良,長い,フラット,10,ヴァリスマリネリス,8,牝,3,荻野極,美浦 中舘,逃げ,53.0,426,-8,0,0,4,4.5,9,105.9,34.8,2.0,2026-07-25,未勝利,0.0
9040,新潟,1800,芝,良,長い,フラット,8,トラストモアリズム,7,牝,4,今村,美浦 高橋文,追い込み,54.0,430,12,0,0,9,81.6,10,106.1,33.9,10.0,2026-07-25,未勝利,0.0
9040,新潟,1800,芝,良,長い,フラット,4,ケイツールピア,4,牝,5,石田,美浦 蛯名利,追い込み,53.0,428,18,0,0,10,109.7,11,106.3,34.2,10.0,2026-07-25,未勝利,0.0
9039,新潟,1600,芝,良,長い,フラット,7,ガリレア,4,牡,3,杉原,美浦 清水英,先行,55.0,444,-6,0,0,4,10.4,1,91.6,33.0,6.0,2026-07-25,2勝クラス,2.0
9039,新潟,1600,芝,良,長い,フラット,9,ジーネキング,5,牡,3,斎藤,美浦 斎藤誠,先行,55.0,494,0,0,0,2,4.6,2,91.8,33.3,7.0,2026-07-25,2勝クラス,2.0
9039,新潟,1600,芝,良,長い,フラット,14,シャンソンドール,8,牝,4,戸崎圭,美浦 奥村武,先行,56.0,496,-2,0,0,1,2.3,3,91.8,33.5,4.0,2026-07-25,2勝クラス,2.0
9039,新潟,1600,芝,良,長い,フラット,4,ケイケイ,3,セ,5,木幡巧,美浦 杉浦,差し,58.0,468,-10,0,0,14,131.9,4,91.9,32.9,11.0,2026-07-25,2勝クラス,2.0
9039,新潟,1600,芝,良,長い,フラット,15,コルドンブルー,8,牝,4,石橋脩,栗東 松永幹,追い込み,56.0,462,16,0,0,5,13.4,5,92.0,33.0,11.0,2026-07-25,2勝クラス,2.0
9039,新潟,1600,芝,良,長い,フラット,11,ソニックライン,6,セ,5,石川,美浦 浅利,差し,58.0,490,2,0,0,6,18.4,6,92.2,33.4,8.0,2026-07-25,2勝クラス,2.0
9039,新潟,1600,芝,良,長い,フラット,13,ミッキースターダム,7,セ,5,菊沢,栗東 前川,逃げ,58.0,460,-14,0,0,8,25.0,7,92.2,34.1,2.0,2026-07-25,2勝クラス,2.0
9039,新潟,1600,芝,良,長い,フラット,10,メランジェ,6,牝,4,原,美浦 田中剛,追い込み,56.0,452,-2,0,0,13,94.3,8,92.3,33.0,15.0,2026-07-25,2勝クラス,2.0
9039,新潟,1600,芝,良,長い,フラット,8,ルナルーチェット,5,牝,4,田辺,美浦 松尾,先行,56.0,424,-2,0,0,3,5.7,9,92.4,34.0,4.0,2026-07-25,2勝クラス,2.0
9039,新潟,1600,芝,良,長い,フラット,1,ゴールドスター,1,牡,5,丸田,美浦 奥村武,差し,58.0,462,-4,0,0,11,54.1,10,92.6,33.8,8.0,2026-07-25,2勝クラス,2.0
9039,新潟,1600,芝,良,長い,フラット,2,ナファロア,2,セ,5,小崎,美浦 菊沢,逃げ,58.0,448,-4,0,0,15,133.6,11,92.8,34.5,3.0,2026-07-25,2勝クラス,2.0
9039,新潟,1600,芝,良,長い,フラット,3,ラビットアイ,2,牝,5,田口,栗東 鈴木孝,差し,56.0,492,4,0,0,7,20.9,12,92.9,33.9,8.0,2026-07-25,2勝クラス,2.0
9039,新潟,1600,芝,良,長い,フラット,5,ナグルファル,3,セ,4,大野,美浦 中舘,追い込み,58.0,510,-12,0,0,10,38.6,13,93.1,33.8,14.0,2026-07-25,2勝クラス,2.0
9039,新潟,1600,芝,良,長い,フラット,6,ドリームクルーズ,4,牝,5,吉田豊,美浦 戸田,逃げ,56.0,492,-8,0,0,12,65.5,14,93.5,35.4,1.0,2026-07-25,2勝クラス,2.0
9039,新潟,1600,芝,良,長い,フラット,12,ギフテッド,7,牝,4,今村,美浦 武井,追い込み,56.0,462,-2,0,0,9,36.1,15,94.1,35.1,11.0,2026-07-25,2勝クラス,2.0
9075,新潟,1400,芝,良,長い,フラット,6,ピコローズ,3,牝,4,田辺,美浦 伊藤大,差し,56.0,440,-4,0,0,3,9.5,1,79.4,33.1,11.0,2026-07-25,3勝クラス,3.0
9075,新潟,1400,芝,良,長い,フラット,1,ポッドロワール,1,牡,4,荻野極,美浦 畠山,先行,58.0,512,2,0,0,4,12.1,2,79.4,33.7,8.0,2026-07-25,3勝クラス,3.0
9075,新潟,1400,芝,良,長い,フラット,3,エマヌエーレ,2,牡,6,菊沢,栗東 平田,逃げ,58.0,516,4,0,0,5,14.6,3,79.5,34.4,2.0,2026-07-25,3勝クラス,3.0
9075,新潟,1400,芝,良,長い,フラット,2,コートアリシアン,1,牝,4,戸崎圭,美浦 伊藤大,先行,56.0,442,-4,0,0,1,1.8,4,79.7,34.2,6.0,2026-07-25,3勝クラス,3.0
9075,新潟,1400,芝,良,長い,フラット,8,ボンヌソワレ,4,牝,4,杉原,美浦 宮田,先行,56.0,466,6,0,0,2,6.6,5,79.7,34.2,6.0,2026-07-25,3勝クラス,3.0
9075,新潟,1400,芝,良,長い,フラット,10,チューラワンサ,5,牝,4,今村,栗東 高野,逃げ,56.0,440,8,0,0,10,36.5,6,79.8,34.8,1.0,2026-07-25,3勝クラス,3.0
9075,新潟,1400,芝,良,長い,フラット,9,モンテシート,5,牡,4,田口,栗東 牧田,差し,58.0,514,4,0,0,7,19.9,7,80.0,34.1,10.0,2026-07-25,3勝クラス,3.0
9075,新潟,1400,芝,良,長い,フラット,4,スマイルアップ,2,牝,7,松岡,美浦 萱野,逃げ,56.0,462,4,0,0,9,29.5,8,80.0,34.8,4.0,2026-07-25,3勝クラス,3.0
9075,新潟,1400,芝,良,長い,フラット,13,スティールブルー,7,牝,5,横山典,美浦 田中勝,差し,56.0,472,10,0,0,11,44.1,9,80.1,34.0,11.0,2026-07-25,3勝クラス,3.0
9075,新潟,1400,芝,良,長い,フラット,12,ミストレス,6,牝,4,吉田豊,栗東 矢作,追い込み,56.0,480,4,0,0,13,78.8,10,80.1,33.5,14.0,2026-07-25,3勝クラス,3.0
9075,新潟,1400,芝,良,長い,フラット,16,キタサンダムール,8,牝,6,石橋脩,栗東 清水久,追い込み,56.0,490,0,0,0,6,15.7,11,80.2,33.2,16.0,2026-07-25,3勝クラス,3.0
9075,新潟,1400,芝,良,長い,フラット,7,アームテイル,4,牝,6,大野,美浦 和田勇,追い込み,56.0,462,0,0,0,15,106.0,12,80.2,33.5,14.0,2026-07-25,3勝クラス,3.0
9075,新潟,1400,芝,良,長い,フラット,11,ヴェサリウス,6,牡,5,小崎,美浦 菊沢,先行,58.0,480,-2,0,0,12,54.0,13,80.3,35.0,4.0,2026-07-25,3勝クラス,3.0
9075,新潟,1400,芝,良,長い,フラット,17,モジャーリオ,8,牡,4,斎藤,美浦 斎藤誠,差し,58.0,468,-8,0,0,8,25.5,14,80.3,33.9,13.0,2026-07-25,3勝クラス,3.0
9075,新潟,1400,芝,良,長い,フラット,18,フライングブレード,8,牡,6,原,栗東 飯田,先行,58.0,490,-4,0,0,14,79.2,15,80.4,34.7,8.0,2026-07-25,3勝クラス,3.0
9075,新潟,1400,芝,良,長い,フラット,5,エイムフォーエース,3,牡,5,木幡巧,美浦 武井,追い込み,58.0,440,0,0,0,16,121.3,16,80.6,33.5,17.0,2026-07-25,3勝クラス,3.0
9075,新潟,1400,芝,良,長い,フラット,14,ルミノメテオール,7,牝,6,江田照,美浦 金成,逃げ,56.0,472,0,0,0,17,193.4,17,80.8,35.7,3.0,2026-07-25,3勝クラス,3.0
9075,新潟,1400,芝,良,長い,フラット,15,ウナギノボリ,7,牡,7,石川,美浦 本間,追い込み,58.0,478,2,0,0,0,0.0,99,,,,2026-07-25,3勝クラス,3.0
9076,新潟,1800,ダート,稍重,長い,フラット,6,ロケットパンチ,5,セ,3,武藤,美浦 武藤,逃げ,55.0,454,-4,0,0,3,5.8,1,113.5,39.3,2.0,2026-07-25,1勝クラス,1.0
9076,新潟,1800,ダート,稍重,長い,フラット,10,パイオニアスクエア,7,牡,4,荻野極,栗東 茶木,先行,58.0,494,2,0,0,2,4.0,2,113.7,39.3,4.0,2026-07-25,1勝クラス,1.0
9076,新潟,1800,ダート,稍重,長い,フラット,2,ライヴスプーン,2,牝,4,木幡巧,美浦 尾形,逃げ,56.0,412,-10,0,0,10,37.1,3,114.1,40.0,1.0,2026-07-25,1勝クラス,1.0
9076,新潟,1800,ダート,稍重,長い,フラット,11,インナーパッション,7,牡,3,斎藤,美浦 斎藤誠,先行,55.0,522,2,0,0,1,3.0,4,114.4,39.3,6.0,2026-07-25,1勝クラス,1.0
9076,新潟,1800,ダート,稍重,長い,フラット,1,ヴィエントデコラ,1,牡,3,菊沢,栗東 寺島,逃げ,55.0,448,0,0,0,6,12.2,5,114.6,40.5,2.0,2026-07-25,1勝クラス,1.0
9076,新潟,1800,ダート,稍重,長い,フラット,13,ブレスドナイル,8,牝,4,田口,美浦 金成,差し,56.0,448,2,0,0,9,22.0,6,114.7,39.5,6.0,2026-07-25,1勝クラス,1.0
9076,新潟,1800,ダート,稍重,長い,フラット,7,ハルノアラシ,5,牡,4,石川,美浦 相沢,追い込み,58.0,520,8,0,0,11,44.2,7,114.8,39.0,10.0,2026-07-25,1勝クラス,1.0
9076,新潟,1800,ダート,稍重,長い,フラット,4,メトロポリターナ,4,牝,5,丸田,美浦 粕谷,差し,56.0,496,-4,0,0,13,101.8,8,114.9,39.4,8.0,2026-07-25,1勝クラス,1.0
9076,新潟,1800,ダート,稍重,長い,フラット,8,コッレヴェッキオ,6,セ,5,丸山,美浦 高橋文,差し,58.0,486,8,0,0,4,8.3,9,115.7,40.2,8.0,2026-07-25,1勝クラス,1.0
9076,新潟,1800,ダート,稍重,長い,フラット,5,イリュストル,4,牡,4,杉原,美浦 大竹,追い込み,58.0,496,0,0,0,8,21.1,10,115.8,39.6,13.0,2026-07-25,1勝クラス,1.0
9076,新潟,1800,ダート,稍重,長い,フラット,3,ケルピー,3,セ,4,江田照,美浦 小野,追い込み,58.0,464,-20,0,0,12,85.9,11,115.9,39.8,11.0,2026-07-25,1勝クラス,1.0
9076,新潟,1800,ダート,稍重,長い,フラット,12,バッカステソーロ,8,牡,3,石橋脩,美浦 牧,先行,55.0,460,-5,0,0,7,20.8,12,115.9,41.0,5.0,2026-07-25,1勝クラス,1.0
9076,新潟,1800,ダート,稍重,長い,フラット,9,アヴァランチ,6,牡,3,田辺,美浦 加藤士,追い込み,55.0,468,0,0,0,5,11.5,13,116.7,40.8,12.0,2026-07-25,1勝クラス,1.0
9076,新潟,1800,ダート,稍重,長い,フラット,9,ゴールドビリーヴ,5,牝,3,石神道,美浦 鈴木慎,逃げ,53.0,490,-6,0,0,2,4.5,1,117.0,40.9,3.0,2026-07-25,未勝利,0.0
9076,新潟,1800,ダート,稍重,長い,フラット,8,メジロピオラ,5,牝,3,今村,美浦 武井,差し,53.0,480,12,0,0,4,7.0,2,117.1,40.0,9.0,2026-07-25,未勝利,0.0
9076,新潟,1800,ダート,稍重,長い,フラット,12,カーボフリオ,7,牝,3,佐藤,美浦 高木,先行,52.0,444,-8,0,0,1,3.5,3,117.3,40.5,6.0,2026-07-25,未勝利,0.0
9076,新潟,1800,ダート,稍重,長い,フラット,14,バーヴァンシー,8,牝,3,横山典,美浦 村田,先行,55.0,474,2,0,0,3,5.8,4,117.6,40.7,6.0,2026-07-25,未勝利,0.0
9076,新潟,1800,ダート,稍重,長い,フラット,3,ベアエクスプレス,2,牝,3,田口,美浦 柄崎,逃げ,55.0,486,10,0,0,8,18.3,5,117.7,41.9,2.0,2026-07-25,未勝利,0.0
9076,新潟,1800,ダート,稍重,長い,フラット,4,マイトリックスター,3,牝,3,小崎,美浦 和田勇,追い込み,55.0,426,-4,0,0,15,234.1,6,118.2,40.8,12.0,2026-07-25,未勝利,0.0
9076,新潟,1800,ダート,稍重,長い,フラット,1,シェリーシュシュ,1,牝,3,荻野極,美浦 大竹,差し,55.0,446,-8,0,0,5,8.0,7,118.7,42.2,6.0,2026-07-25,未勝利,0.0
9076,新潟,1800,ダート,稍重,長い,フラット,11,オリエンタルガール,6,牝,3,石田,美浦 相沢,追い込み,52.0,384,8,0,0,13,183.1,8,118.8,41.6,12.0,2026-07-25,未勝利,0.0
9076,新潟,1800,ダート,稍重,長い,フラット,13,アドバンスジェンヌ,7,牝,3,原,美浦 小手川,差し,55.0,480,8,0,0,9,23.3,9,119.8,43.2,9.0,2026-07-25,未勝利,0.0
9076,新潟,1800,ダート,稍重,長い,フラット,6,ディレクティオ,4,牝,3,上里,美浦 金成,逃げ,52.0,446,4,0,0,11,50.0,10,119.9,44.2,1.0,2026-07-25,未勝利,0.0
9076,新潟,1800,ダート,稍重,長い,フラット,7,ミュージックレイン,4,牝,3,江田照,美浦 村田,先行,55.0,448,0,0,0,7,16.7,11,121.1,45.1,3.0,2026-07-25,未勝利,0.0
9076,新潟,1800,ダート,稍重,長い,フラット,10,ナックレジーナ,6,牝,3,吉田豊,美浦 小野,先行,55.0,496,2,0,0,10,47.6,12,121.3,45.2,3.0,2026-07-25,未勝利,0.0
9076,新潟,1800,ダート,稍重,長い,フラット,5,ナツミカンチャン,3,牝,3,菊沢,美浦 千葉,差し,55.0,456,-8,0,0,6,12.5,13,121.3,44.8,11.0,2026-07-25,未勝利,0.0
9076,新潟,1800,ダート,稍重,長い,フラット,2,ミウ,2,牝,3,木幡巧,美浦 加藤征,追い込み,55.0,466,0,0,0,12,60.1,14,124.4,47.2,15.0,2026-07-25,未勝利,0.0
9076,新潟,1800,ダート,稍重,長い,フラット,15,アジャイブ,8,牝,3,水沼,美浦 小笠,追い込み,52.0,462,8,0,0,14,215.0,15,125.1,48.0,14.0,2026-07-25,未勝利,0.0
9077,新潟,1000,芝,良,長い,フラット,4,リオクリスハーレー,2,牝,3,荻野極,美浦 矢野,先行,55.0,458,10,0,0,4,10.3,1,55.3,32.8,6.0,2026-07-25,未勝利,0.0
9077,新潟,1000,芝,良,長い,フラット,8,ソレム,4,牝,3,石神道,美浦 稲垣,差し,53.0,420,2,0,0,14,96.4,2,55.6,32.3,13.0,2026-07-25,未勝利,0.0
9077,新潟,1000,芝,良,長い,フラット,2,ルディドゥゲンジ,1,牝,3,嶋田,美浦 蛯名利,追い込み,55.0,424,2,0,0,13,89.4,3,56.0,32.5,15.0,2026-07-25,未勝利,0.0
9077,新潟,1000,芝,良,長い,フラット,16,シルバーアックス,8,牡,3,横山典,美浦 村田,先行,57.0,452,2,0,0,1,2.4,4,56.1,33.6,6.0,2026-07-25,未勝利,0.0
9077,新潟,1000,芝,良,長い,フラット,17,リオハリソンメリー,8,牝,3,上里,美浦 加藤征,逃げ,52.0,418,0,0,0,6,19.7,5,56.2,34.0,1.0,2026-07-25,未勝利,0.0
9077,新潟,1000,芝,良,長い,フラット,5,ムーンシェイド,3,牝,3,木幡巧,美浦 牧,逃げ,55.0,458,0,0,0,7,43.0,6,56.3,33.9,4.0,2026-07-25,未勝利,0.0
9077,新潟,1000,芝,良,長い,フラット,13,ケイツーキップ,7,牝,3,水沼,美浦 清水英,差し,52.0,400,8,0,0,15,113.6,7,56.4,33.6,10.0,2026-07-25,未勝利,0.0
9077,新潟,1000,芝,良,長い,フラット,3,アリアファブラ,2,牝,3,斎藤,美浦 尾関,差し,55.0,410,0,0,0,9,59.9,8,56.4,33.4,11.0,2026-07-25,未勝利,0.0
9077,新潟,1000,芝,良,長い,フラット,10,ノーブルラホーヤ,5,牝,3,石田,美浦 深山,逃げ,52.0,392,2,0,0,3,7.6,9,56.5,34.2,3.0,2026-07-25,未勝利,0.0
9077,新潟,1000,芝,良,長い,フラット,18,ジョイアミーア,8,牝,3,武藤,美浦 高柳瑞,逃げ,55.0,462,-2,0,0,2,2.7,10,56.5,34.3,1.0,2026-07-25,未勝利,0.0
9077,新潟,1000,芝,良,長い,フラット,14,ユイノササヤキ,7,牡,3,木幡初,美浦 深山,追い込み,57.0,418,18,0,0,8,50.9,11,56.8,33.4,14.0,2026-07-25,未勝利,0.0
9077,新潟,1000,芝,良,長い,フラット,6,マイエラ,3,牡,3,小崎,美浦 蛯名正,差し,57.0,472,-2,0,0,12,77.9,12,56.8,33.8,11.0,2026-07-25,未勝利,0.0
9077,新潟,1000,芝,良,長い,フラット,15,テラシエスタ,7,牡,3,佐藤,美浦 黒岩,追い込み,54.0,460,0,0,0,10,62.7,13,56.9,33.4,15.0,2026-07-25,未勝利,0.0
9077,新潟,1000,芝,良,長い,フラット,7,アイファーアイドル,4,牡,3,松岡,美浦 蛯名利,先行,57.0,492,20,0,0,11,76.5,14,56.9,34.4,6.0,2026-07-25,未勝利,0.0
9077,新潟,1000,芝,良,長い,フラット,12,タツナナイロ,6,牝,3,野中,美浦 的場,先行,55.0,434,0,0,0,17,244.2,15,57.2,34.8,4.0,2026-07-25,未勝利,0.0
9077,新潟,1000,芝,良,長い,フラット,11,ミヤザキムスメ,6,牝,3,柴田大,美浦 和田雄,追い込み,55.0,404,10,0,0,18,319.6,16,57.3,33.5,17.0,2026-07-25,未勝利,0.0
9077,新潟,1000,芝,良,長い,フラット,9,セランディア,5,牝,3,菊沢,美浦 小野,先行,55.0,458,4,0,0,5,17.4,17,57.3,34.8,6.0,2026-07-25,未勝利,0.0
9077,新潟,1000,芝,良,長い,フラット,1,ユニベールクイーン,1,牝,3,杉原,美浦 武市,追い込み,55.0,486,16,0,0,16,146.0,18,58.0,34.0,18.0,2026-07-25,未勝利,0.0
9075,新潟,1400,芝,良,長い,フラット,7,ロジャリーマイン,4,牝,4,大野,美浦 久保田,差し,56.0,440,12,0,0,10,34.6,1,80.3,33.8,9.0,2026-07-25,未勝利,0.0
9075,新潟,1400,芝,良,長い,フラット,13,ジョワイユノエル,7,牝,4,小崎,栗東 辻野,差し,56.0,470,2,0,0,11,41.8,2,80.3,33.5,11.0,2026-07-25,未勝利,0.0
9075,新潟,1400,芝,良,長い,フラット,12,ワディアルリヤハ,6,牝,3,武藤,美浦 中舘,逃げ,53.0,446,-6,0,0,4,8.9,3,80.4,34.4,3.0,2026-07-25,未勝利,0.0
9075,新潟,1400,芝,良,長い,フラット,9,カフェラバー,5,牝,3,石神道,美浦 和田郎,先行,51.0,414,6,0,0,7,15.1,4,80.5,34.3,6.0,2026-07-25,未勝利,0.0
9075,新潟,1400,芝,良,長い,フラット,4,ルージュダリア,2,牝,3,荻野極,美浦 林,追い込み,53.0,464,16,0,0,3,5.2,5,80.5,33.6,13.0,2026-07-25,未勝利,0.0
9075,新潟,1400,芝,良,長い,フラット,5,リアライズリバティ,3,牝,3,石川,美浦 池上,逃げ,53.0,456,-2,0,0,6,13.7,6,80.5,34.4,3.0,2026-07-25,未勝利,0.0
9075,新潟,1400,芝,良,長い,フラット,17,メイリー,8,牝,4,吉田豊,美浦 鈴木慎,追い込み,56.0,438,-12,0,0,13,72.7,7,80.6,33.6,15.0,2026-07-25,未勝利,0.0
9075,新潟,1400,芝,良,長い,フラット,10,リラベガ,5,牝,3,丸山,美浦 岩戸,追い込み,53.0,432,-2,0,0,12,42.8,8,80.7,33.7,15.0,2026-07-25,未勝利,0.0
9075,新潟,1400,芝,良,長い,フラット,3,クリールスル,2,牝,4,菊沢,美浦 矢野,先行,56.0,472,8,0,0,8,19.6,9,80.8,34.6,3.0,2026-07-25,未勝利,0.0
9075,新潟,1400,芝,良,長い,フラット,8,ウインロゼライト,4,牝,4,木幡巧,美浦 矢嶋,差し,56.0,428,-7,0,0,15,135.3,10,80.8,34.2,11.0,2026-07-25,未勝利,0.0
9075,新潟,1400,芝,良,長い,フラット,15,タイセイフレッサ,8,牝,3,斎藤,美浦 斎藤誠,差し,53.0,472,-2,0,0,2,4.4,11,80.8,34.3,9.0,2026-07-25,未勝利,0.0
9075,新潟,1400,芝,良,長い,フラット,6,ショウナンマリーナ,3,牝,4,石橋脩,美浦 森一,先行,56.0,438,2,0,0,16,182.6,12,80.9,34.5,8.0,2026-07-25,未勝利,0.0
9075,新潟,1400,芝,良,長い,フラット,14,テンハートビート,7,牝,3,杉原,美浦 西田,先行,53.0,464,10,0,0,14,86.1,13,81.0,34.8,6.0,2026-07-25,未勝利,0.0
9075,新潟,1400,芝,良,長い,フラット,16,ブルバンビーナ,8,牝,4,石田,美浦 尾形,追い込み,53.0,406,0,0,0,17,301.2,14,81.1,34.2,13.0,2026-07-25,未勝利,0.0
9075,新潟,1400,芝,良,長い,フラット,11,ガラク,6,牝,4,田辺,美浦 伊坂,追い込み,56.0,440,0,0,0,5,10.8,15,81.3,33.7,17.0,2026-07-25,未勝利,0.0
9075,新潟,1400,芝,良,長い,フラット,2,リラ,1,牝,3,戸崎圭,美浦 蛯名正,逃げ,53.0,418,-8,0,0,1,3.6,16,81.3,35.4,2.0,2026-07-25,未勝利,0.0
9075,新潟,1400,芝,良,長い,フラット,1,ミスバレンシア,1,牝,3,今村,美浦 武井,逃げ,51.0,478,-2,0,0,9,20.8,17,81.6,36.0,1.0,2026-07-25,未勝利,0.0
9078,中京,2000,芝,良,普通,フラット,10,プレスバーン,7,牝,3,川田,栗東 石坂,逃げ,55.0,452,12,0,0,1,2.6,1,120.9,33.8,2.0,2026-07-25,未勝利,0.0
9078,中京,2000,芝,良,普通,フラット,6,コスモフィレンツェ,5,牡,3,幸,栗東 北出,逃げ,57.0,482,-8,0,0,2,3.3,2,121.0,34.0,1.0,2026-07-25,未勝利,0.0
9078,中京,2000,芝,良,普通,フラット,12,フィンガーレイクス,8,牡,3,富田,栗東 藤原,先行,57.0,512,10,0,0,4,8.9,3,121.1,33.6,6.0,2026-07-25,未勝利,0.0
9078,中京,2000,芝,良,普通,フラット,2,レッドブライトン,2,牡,3,西村淳,栗東 奥村豊,先行,57.0,470,4,0,0,3,3.5,4,121.2,33.9,4.0,2026-07-25,未勝利,0.0
9078,中京,2000,芝,良,普通,フラット,5,スマートエラン,5,牡,3,コレッ,栗東 池江,差し,57.0,470,8,0,0,5,11.2,5,121.4,33.8,6.0,2026-07-25,未勝利,0.0
9078,中京,2000,芝,良,普通,フラット,3,チュオンソン,3,牡,3,酒井,栗東 昆,差し,57.0,462,2,0,0,7,46.9,6,121.4,33.6,8.0,2026-07-25,未勝利,0.0
9078,中京,2000,芝,良,普通,フラット,11,ラピス,8,牝,3,Ｍデム,栗東 安田,追い込み,55.0,432,-2,0,0,6,34.5,7,121.8,33.4,12.0,2026-07-25,未勝利,0.0
9078,中京,2000,芝,良,普通,フラット,8,アメジストブリエ,6,牝,3,高倉,栗東 武英,逃げ,55.0,430,-4,0,0,11,156.1,8,121.8,34.6,3.0,2026-07-25,未勝利,0.0
9078,中京,2000,芝,良,普通,フラット,1,デルマトカチ,1,牝,3,国分優,栗東 畑端,差し,55.0,490,0,0,0,10,140.4,9,121.9,34.1,8.0,2026-07-25,未勝利,0.0
9078,中京,2000,芝,良,普通,フラット,9,プロットシッケンズ,7,牡,3,田山,栗東 岡田,追い込み,56.0,482,-2,0,0,8,57.0,10,122.0,33.9,11.0,2026-07-25,未勝利,0.0
9078,中京,2000,芝,良,普通,フラット,4,シンゼンイセ,4,牡,3,団野,栗東 荒川,追い込み,57.0,446,2,0,0,12,247.2,11,122.3,34.3,10.0,2026-07-25,未勝利,0.0
9078,中京,2000,芝,良,普通,フラット,7,マサハヤルージュ,6,牝,3,吉村,栗東 千田,先行,55.0,430,2,0,0,9,94.4,12,122.8,35.5,4.0,2026-07-25,未勝利,0.0
9079,中京,1800,ダート,良,普通,フラット,8,ナウオアネヴァー,4,牡,3,岩田望,栗東 寺島,逃げ,57.0,500,0,0,0,1,3.1,1,116.3,39.6,1.0,2026-07-25,未勝利,0.0
9079,中京,1800,ダート,良,普通,フラット,14,タロ,7,牡,3,田山,栗東 新谷,逃げ,56.0,478,4,0,0,3,5.0,2,116.3,39.2,4.0,2026-07-25,未勝利,0.0
9079,中京,1800,ダート,良,普通,フラット,9,マーゴットショット,5,牡,3,秋山稔,栗東 小林,差し,57.0,450,-6,0,0,15,224.7,3,116.3,38.4,10.0,2026-07-25,未勝利,0.0
9079,中京,1800,ダート,良,普通,フラット,16,アスクハッピーマン,8,牡,3,坂井,栗東 矢作,逃げ,57.0,480,-2,0,0,2,4.8,4,116.4,39.5,2.0,2026-07-25,未勝利,0.0
9079,中京,1800,ダート,良,普通,フラット,11,ボクサークラブ,6,牡,3,松山,栗東 杉山佳,先行,57.0,488,-2,0,0,7,18.0,5,116.5,39.3,5.0,2026-07-25,未勝利,0.0
9079,中京,1800,ダート,良,普通,フラット,6,ロードファイター,3,牡,3,団野,栗東 東田,先行,57.0,474,4,0,0,9,35.6,6,116.6,39.2,7.0,2026-07-25,未勝利,0.0
9079,中京,1800,ダート,良,普通,フラット,13,ジャスティンレビン,7,牡,3,コレッ,栗東 吉岡,先行,57.0,524,10,0,0,5,8.1,7,116.6,39.2,7.0,2026-07-25,未勝利,0.0
9079,中京,1800,ダート,良,普通,フラット,2,ベルアズーロ,1,牡,3,吉村,栗東 西村,逃げ,57.0,546,2,0,0,4,5.3,8,117.3,40.3,2.0,2026-07-25,未勝利,0.0
9079,中京,1800,ダート,良,普通,フラット,5,テイクザスローン,3,牡,3,高倉,栗東 武英,追い込み,57.0,468,-4,0,0,13,165.8,9,117.7,39.3,15.0,2026-07-25,未勝利,0.0
9079,中京,1800,ダート,良,普通,フラット,3,ヴァンドゥーヴル,2,牡,3,西村淳,栗東 石坂,追い込み,57.0,472,0,0,0,6,16.9,10,117.8,39.5,13.0,2026-07-25,未勝利,0.0
9079,中京,1800,ダート,良,普通,フラット,10,ワイドヴィンクルム,5,セ,3,城戸,栗東 奥村豊,追い込み,57.0,536,0,0,0,12,148.5,11,118.7,40.7,13.0,2026-07-25,未勝利,0.0
9079,中京,1800,ダート,良,普通,フラット,15,コーディアリティ,8,牡,3,西塚,栗東 牧浦,先行,57.0,532,0,0,0,10,84.1,12,118.7,41.5,5.0,2026-07-25,未勝利,0.0
9079,中京,1800,ダート,良,普通,フラット,4,テリコス,2,牡,3,川端,栗東 四位,差し,54.0,502,-6,0,0,8,32.5,13,118.8,41.4,7.0,2026-07-25,未勝利,0.0
9079,中京,1800,ダート,良,普通,フラット,1,ヨシノサンキュー,1,牡,3,柴田裕,栗東 中竹,追い込み,55.0,528,38,0,0,14,200.0,14,119.3,40.6,16.0,2026-07-25,未勝利,0.0
9079,中京,1800,ダート,良,普通,フラット,7,グランピアン,4,牝,3,幸,栗東 森田,差し,55.0,468,-4,0,0,16,246.7,15,121.8,44.1,12.0,2026-07-25,未勝利,0.0
9079,中京,1800,ダート,良,普通,フラット,12,アステリアート,6,牡,3,富田,栗東 高橋忠,差し,57.0,468,-10,0,0,11,137.3,16,122.2,45.1,10.0,2026-07-25,未勝利,0.0
9080,中京,1600,芝,良,普通,フラット,12,ファルカータ,6,牝,3,坂井,栗東 友道,逃げ,55.0,466,18,0,0,1,2.0,1,92.5,33.9,1.0,2026-07-25,未勝利,0.0
9080,中京,1600,芝,良,普通,フラット,3,イルミナジーティー,2,牝,3,吉村,栗東 西園翔,先行,55.0,438,2,0,0,7,53.1,2,93.0,34.0,5.0,2026-07-25,未勝利,0.0
9080,中京,1600,芝,良,普通,フラット,4,ペガサスジルシ,2,牝,3,西村淳,栗東 新谷,逃げ,55.0,426,0,0,0,5,11.1,3,93.1,34.3,3.0,2026-07-25,未勝利,0.0
9080,中京,1600,芝,良,普通,フラット,11,セルヴァジオ,6,牝,3,富田,栗東 上村,逃げ,55.0,442,2,0,0,2,4.4,4,93.1,34.2,3.0,2026-07-25,未勝利,0.0
9080,中京,1600,芝,良,普通,フラット,7,ラヴエナストロ,4,牝,3,永島,栗東 石坂,追い込み,53.0,424,38,0,0,15,293.3,5,93.5,33.7,13.0,2026-07-25,未勝利,0.0
9080,中京,1600,芝,良,普通,フラット,16,ダーコ,8,牝,3,田山,栗東 長谷川,差し,54.0,452,0,0,0,8,71.4,6,93.5,33.9,11.0,2026-07-25,未勝利,0.0
9080,中京,1600,芝,良,普通,フラット,8,リアライズアリス,4,牝,3,松若,栗東 杉山晴,先行,55.0,448,2,0,0,4,9.6,7,93.6,34.6,5.0,2026-07-25,未勝利,0.0
9080,中京,1600,芝,良,普通,フラット,13,トレッチェ,7,牝,3,幸,栗東 渡辺,逃げ,55.0,464,18,0,0,12,102.5,8,93.6,34.9,2.0,2026-07-25,未勝利,0.0
9080,中京,1600,芝,良,普通,フラット,9,セイロンブリーズ,5,牝,3,コレッ,栗東 杉山晴,先行,55.0,432,0,0,0,6,47.9,9,93.6,34.3,8.0,2026-07-25,未勝利,0.0
9080,中京,1600,芝,良,普通,フラット,5,セコンドトゥベスト,3,牝,3,岩田望,栗東 上村,差し,55.0,426,-4,0,0,3,4.5,10,93.9,34.6,8.0,2026-07-25,未勝利,0.0
9080,中京,1600,芝,良,普通,フラット,2,ワンダーヴァレル,1,牝,3,高倉,栗東 杉山晴,追い込み,55.0,448,0,0,0,9,74.2,11,94.1,34.0,14.0,2026-07-25,未勝利,0.0
9080,中京,1600,芝,良,普通,フラット,10,ノーブルクインダム,5,牝,3,国分恭,栗東 宮本,先行,55.0,472,0,0,0,13,106.4,12,94.2,35.1,5.0,2026-07-25,未勝利,0.0
9080,中京,1600,芝,良,普通,フラット,6,スレイクイーン,3,牝,3,西塚,栗東 吉岡,追い込み,55.0,438,0,0,0,11,89.4,13,94.3,34.2,14.0,2026-07-25,未勝利,0.0
9080,中京,1600,芝,良,普通,フラット,15,マルモリキャスター,8,牝,3,泉谷,栗東 大橋,差し,55.0,496,10,0,0,10,88.1,14,94.3,34.9,10.0,2026-07-25,未勝利,0.0
9080,中京,1600,芝,良,普通,フラット,14,ヒーナシャム,7,牝,3,酒井,栗東 橋口,差し,55.0,432,8,0,0,16,393.8,15,94.4,34.8,11.0,2026-07-25,未勝利,0.0
9080,中京,1600,芝,良,普通,フラット,1,インヴァイト,1,牝,3,加藤,栗東 杉山晴,追い込み,55.0,458,0,0,0,14,251.6,16,94.6,34.3,16.0,2026-07-25,未勝利,0.0
9081,中京,1400,ダート,良,普通,フラット,12,エブリーポッシブル,6,牝,3,岩田望,栗東 新谷,先行,53.0,458,14,0,0,2,4.6,1,83.8,36.9,6.0,2026-07-25,2勝クラス,2.0
9081,中京,1400,ダート,良,普通,フラット,13,ヘリテージブルーム,7,牡,3,松山,美浦 伊藤圭,逃げ,55.0,454,0,0,0,4,7.9,2,84.2,38.0,2.0,2026-07-25,2勝クラス,2.0
9081,中京,1400,ダート,良,普通,フラット,14,ザックザク,7,牡,4,西村淳,栗東 渡辺,先行,58.0,528,16,0,0,8,31.4,3,84.4,37.2,7.0,2026-07-25,2勝クラス,2.0
9081,中京,1400,ダート,良,普通,フラット,5,アリエスキング,3,牡,5,Ｍデム,栗東 庄野,差し,58.0,460,-4,0,0,7,29.4,4,84.7,36.9,11.0,2026-07-25,2勝クラス,2.0
9081,中京,1400,ダート,良,普通,フラット,9,ポートデラメール,5,牝,4,団野,栗東 斉藤崇,逃げ,56.0,460,10,0,0,3,4.6,5,84.8,38.6,2.0,2026-07-25,2勝クラス,2.0
9081,中京,1400,ダート,良,普通,フラット,11,チュウワチーフ,6,牡,4,コレッ,栗東 小崎,先行,58.0,482,8,0,0,6,23.9,6,84.9,38.2,5.0,2026-07-25,2勝クラス,2.0
9081,中京,1400,ダート,良,普通,フラット,15,ゴルデールスカー,8,牡,6,幸,栗東 加藤公,先行,58.0,478,-2,0,0,15,174.1,7,85.1,37.6,8.0,2026-07-25,2勝クラス,2.0
9081,中京,1400,ダート,良,普通,フラット,7,ホウオウゴールド,4,牡,4,田山,美浦 栗田,差し,58.0,470,-2,0,0,12,66.0,8,85.1,37.2,9.0,2026-07-25,2勝クラス,2.0
9081,中京,1400,ダート,良,普通,フラット,10,モズタチアガレ,5,牡,4,西塚,栗東 中尾,逃げ,58.0,492,-6,0,0,14,84.6,9,85.4,39.1,4.0,2026-07-25,2勝クラス,2.0
9081,中京,1400,ダート,良,普通,フラット,1,スーパージョック,1,牡,4,松若,栗東 橋田,差し,58.0,498,-2,0,0,13,72.5,10,85.4,38.1,9.0,2026-07-25,2勝クラス,2.0
9081,中京,1400,ダート,良,普通,フラット,6,ゼロヴィジビリティ,3,牡,3,坂井,栗東 寺島,逃げ,55.0,504,-2,0,0,1,2.4,11,85.5,39.3,1.0,2026-07-25,2勝クラス,2.0
9081,中京,1400,ダート,良,普通,フラット,3,ヤマニンバロネス,2,牝,4,太宰,栗東 千田,追い込み,56.0,482,10,0,0,9,42.3,12,85.6,37.1,14.0,2026-07-25,2勝クラス,2.0
9081,中京,1400,ダート,良,普通,フラット,8,ジェミート,4,牡,4,角田和,栗東 四位,差し,58.0,492,-2,0,0,10,47.7,13,85.7,37.2,12.0,2026-07-25,2勝クラス,2.0
9081,中京,1400,ダート,良,普通,フラット,16,アレ,8,牡,5,川田,栗東 中内田,追い込み,58.0,508,-2,0,0,11,49.0,14,85.9,37.5,12.0,2026-07-25,2勝クラス,2.0
9081,中京,1400,ダート,良,普通,フラット,4,ステラスプレンダー,2,牝,5,国分優,栗東 石坂,追い込み,56.0,450,-6,0,0,16,201.2,15,86.0,37.5,15.0,2026-07-25,2勝クラス,2.0
9081,中京,1400,ダート,良,普通,フラット,2,モズケイスター,1,牡,4,柴田裕,栗東 高柳大,追い込み,58.0,480,0,0,0,5,17.4,16,86.9,37.9,16.0,2026-07-25,2勝クラス,2.0
9082,中京,2200,芝,良,普通,フラット,1,ミッキーゴールド,1,セ,4,西村淳,栗東 池江,逃げ,58.0,488,-10,0,0,2,3.3,1,130.5,34.0,2.0,2026-07-25,3勝クラス,3.0
9082,中京,2200,芝,良,普通,フラット,10,サダムオプシス,8,牡,5,幸,栗東 平田,先行,58.0,478,-8,0,0,5,13.5,2,130.5,34.0,2.0,2026-07-25,3勝クラス,3.0
9082,中京,2200,芝,良,普通,フラット,7,ハーツコンチェルト,6,牡,6,松山,美浦 武井,先行,58.0,514,0,0,0,3,4.3,3,130.8,34.0,4.0,2026-07-25,3勝クラス,3.0
9082,中京,2200,芝,良,普通,フラット,9,ミュージシャン,7,牡,4,坂井,栗東 杉山晴,逃げ,58.0,484,8,0,0,1,2.5,4,131.0,34.6,1.0,2026-07-25,3勝クラス,3.0
9082,中京,2200,芝,良,普通,フラット,3,リンフレスカンテ,3,牡,8,酒井,栗東 宮本,先行,58.0,444,-6,0,0,11,129.4,5,131.0,34.3,4.0,2026-07-25,3勝クラス,3.0
9082,中京,2200,芝,良,普通,フラット,6,サトノクローク,6,牡,6,富田,栗東 橋口,差し,58.0,468,-12,0,0,6,19.1,6,131.0,34.1,7.0,2026-07-25,3勝クラス,3.0
9082,中京,2200,芝,良,普通,フラット,11,ナムラフッカー,8,牡,5,田山,栗東 長谷川,差し,58.0,474,0,0,0,8,33.4,7,131.1,34.1,7.0,2026-07-25,3勝クラス,3.0
9082,中京,2200,芝,良,普通,フラット,5,ウインデイジー,5,牝,5,松若,栗東 宮,追い込み,56.0,456,-6,0,0,4,11.1,8,131.2,34.0,10.0,2026-07-25,3勝クラス,3.0
9082,中京,2200,芝,良,普通,フラット,2,エイカイマッケンロ,2,セ,7,西塚,栗東 藤原,差し,58.0,482,-6,0,0,9,67.8,9,131.9,35.2,4.0,2026-07-25,3勝クラス,3.0
9082,中京,2200,芝,良,普通,フラット,4,タイセイフェリーク,4,牝,6,藤懸,美浦 青木,追い込み,56.0,424,-2,0,0,7,21.3,10,132.0,34.7,10.0,2026-07-25,3勝クラス,3.0
9082,中京,2200,芝,良,普通,フラット,8,メイショウソウタ,7,牡,5,菱田,栗東 岡田,追い込み,58.0,530,2,0,0,10,121.3,11,133.1,36.1,7.0,2026-07-25,3勝クラス,3.0
9078,中京,2000,芝,良,普通,フラット,8,ロードフィレール,8,牡,3,坂井,栗東 吉岡,逃げ,55.0,522,-2,0,0,1,2.1,1,118.3,33.2,1.0,2026-07-25,1勝クラス,1.0
9078,中京,2000,芝,良,普通,フラット,1,スノースケープ,1,牝,3,川田,栗東 中内田,追い込み,53.0,466,4,0,0,2,3.1,2,118.9,32.9,7.0,2026-07-25,1勝クラス,1.0
9078,中京,2000,芝,良,普通,フラット,2,サラコスティ,2,牡,4,松山,栗東 池添,先行,58.0,480,8,0,0,5,14.2,3,118.9,33.4,3.0,2026-07-25,1勝クラス,1.0
9078,中京,2000,芝,良,普通,フラット,3,サンダーバード,3,牝,3,岩田望,栗東 武幸,逃げ,53.0,436,-6,0,0,6,18.8,4,119.3,34.0,2.0,2026-07-25,1勝クラス,1.0
9078,中京,2000,芝,良,普通,フラット,6,アトレッタ,6,牡,3,幸,栗東 斉藤崇,差し,55.0,436,18,0,0,7,22.3,5,119.4,33.6,5.0,2026-07-25,1勝クラス,1.0
9078,中京,2000,芝,良,普通,フラット,7,サイモンシャリオ,7,牡,3,松若,栗東 梅田,先行,55.0,482,-6,0,0,4,9.1,6,119.4,33.9,3.0,2026-07-25,1勝クラス,1.0
9078,中京,2000,芝,良,普通,フラット,5,ブラックシャリマー,5,牡,3,コレッ,栗東 杉山晴,追い込み,55.0,506,2,0,0,3,5.4,7,119.5,33.6,7.0,2026-07-25,1勝クラス,1.0
9078,中京,2000,芝,良,普通,フラット,4,アンビアンス,4,牝,4,吉村,栗東 清水久,差し,56.0,450,-2,0,0,8,172.1,8,119.6,33.8,5.0,2026-07-25,1勝クラス,1.0
9081,中京,1400,ダート,良,普通,フラット,2,ルビドゥソレイユ,1,牝,3,岩田望,栗東 田中克,逃げ,53.0,502,28,0,0,1,2.6,1,84.3,37.4,4.0,2026-07-25,未勝利,0.0
9081,中京,1400,ダート,良,普通,フラット,9,リンゲルブルーメ,5,牝,4,川端,栗東 佐藤悠,逃げ,53.0,490,-4,0,0,13,169.3,2,84.8,38.2,2.0,2026-07-25,未勝利,0.0
9081,中京,1400,ダート,良,普通,フラット,12,ダンシングドール,6,牝,3,森田,栗東 牧田,追い込み,50.0,464,10,0,0,2,5.2,3,84.8,36.8,13.0,2026-07-25,未勝利,0.0
9081,中京,1400,ダート,良,普通,フラット,4,ナムラティアラ,2,牝,3,西塚,栗東 牧田,先行,53.0,462,-12,0,0,11,141.2,4,85.1,37.9,7.0,2026-07-25,未勝利,0.0
9081,中京,1400,ダート,良,普通,フラット,13,ヴァカンツァ,7,牝,4,角田和,栗東 高橋亮,差し,56.0,494,10,0,0,9,26.0,5,85.1,37.7,10.0,2026-07-25,未勝利,0.0
9081,中京,1400,ダート,良,普通,フラット,14,イーブンベター,7,牝,4,国分恭,栗東 牧浦,差し,56.0,434,-2,0,0,6,10.2,6,85.2,37.8,11.0,2026-07-25,未勝利,0.0
9081,中京,1400,ダート,良,普通,フラット,1,ワイズギャング,1,牝,3,長岡,栗東 河嶋,先行,53.0,454,6,0,0,4,6.4,7,85.8,38.6,7.0,2026-07-25,未勝利,0.0
9081,中京,1400,ダート,良,普通,フラット,16,ステライヴ,8,牝,3,西村淳,栗東 杉山晴,逃げ,53.0,488,6,0,0,3,6.2,8,85.9,39.1,3.0,2026-07-25,未勝利,0.0
9081,中京,1400,ダート,良,普通,フラット,11,ミスヘンリー,6,牝,3,幸,栗東 羽月,先行,53.0,430,-2,0,0,10,83.3,9,86.2,39.2,4.0,2026-07-25,未勝利,0.0
9081,中京,1400,ダート,良,普通,フラット,10,ニーナバイリッカ,5,牝,4,永島,栗東 松下,追い込み,54.0,430,-4,0,0,12,159.8,10,86.4,38.4,15.0,2026-07-25,未勝利,0.0
9081,中京,1400,ダート,良,普通,フラット,7,オブシディアーナ,4,牝,4,吉村,栗東 池添,逃げ,56.0,470,-6,0,0,8,23.6,11,86.4,39.9,1.0,2026-07-25,未勝利,0.0
9081,中京,1400,ダート,良,普通,フラット,6,ルクスコスモス,3,牝,4,松山,栗東 高橋一,差し,56.0,454,-12,0,0,5,9.3,12,86.5,39.3,7.0,2026-07-25,未勝利,0.0
9081,中京,1400,ダート,良,普通,フラット,5,テーオーアンジェラ,3,牝,3,国分優,栗東 梅田,差し,53.0,458,12,0,0,14,237.0,13,86.6,39.2,11.0,2026-07-25,未勝利,0.0
9081,中京,1400,ダート,良,普通,フラット,3,リカード,2,牝,4,コレッ,栗東 加藤公,先行,56.0,524,7,0,0,7,21.0,14,86.7,39.8,4.0,2026-07-25,未勝利,0.0
9081,中京,1400,ダート,良,普通,フラット,8,ラウルベア,4,牝,4,富田,栗東 柴田,追い込み,56.0,448,0,0,0,16,462.6,15,86.9,39.2,13.0,2026-07-25,未勝利,0.0
9081,中京,1400,ダート,良,普通,フラット,15,ドレドレ,8,牝,3,秋山稔,栗東 井上,追い込み,53.0,450,-15,0,0,15,268.5,16,87.1,38.7,15.0,2026-07-25,未勝利,0.0
9079,中京,1800,ダート,良,普通,フラット,12,リヒトミューレ,8,牡,3,吉村,栗東 中村,逃げ,55.0,510,6,0,0,5,7.9,1,114.6,38.9,2.0,2026-07-25,未勝利,0.0
9079,中京,1800,ダート,良,普通,フラット,13,サイモンゼスト,8,牡,3,酒井,栗東 谷,逃げ,55.0,500,2,0,0,3,6.5,2,114.7,39.3,1.0,2026-07-25,未勝利,0.0
9079,中京,1800,ダート,良,普通,フラット,9,アスクチャンスマン,6,牡,3,川田,栗東 梅田,先行,55.0,442,-2,0,0,1,2.5,3,114.8,38.4,6.0,2026-07-25,未勝利,0.0
9079,中京,1800,ダート,良,普通,フラット,6,ステイクオール,5,セ,4,岩田望,栗東 上村,差し,58.0,480,2,0,0,6,11.7,4,115.4,38.5,9.0,2026-07-25,未勝利,0.0
9079,中京,1800,ダート,良,普通,フラット,4,インシオン,4,牡,3,西塚,栗東 藤原,先行,55.0,540,12,0,0,7,11.9,5,115.5,39.3,5.0,2026-07-25,未勝利,0.0
9079,中京,1800,ダート,良,普通,フラット,3,ルルフィーユ,3,牝,5,永島,栗東 谷,先行,54.0,468,-6,0,0,8,182.2,6,115.5,39.4,4.0,2026-07-25,未勝利,0.0
9079,中京,1800,ダート,良,普通,フラット,2,ガウラディスコ,2,牡,3,松山,栗東 高柳大,逃げ,55.0,564,2,0,0,2,3.9,7,115.6,40.0,2.0,2026-07-25,未勝利,0.0
9079,中京,1800,ダート,良,普通,フラット,11,リアルペガサス,7,牡,5,国分優,栗東 大橋,差し,58.0,460,0,0,0,10,225.3,8,116.3,39.9,7.0,2026-07-25,未勝利,0.0
9079,中京,1800,ダート,良,普通,フラット,8,タマモヒロイン,6,牝,3,長岡,栗東 緒方,差し,53.0,444,2,0,0,11,233.4,9,116.5,39.8,8.0,2026-07-25,未勝利,0.0
9079,中京,1800,ダート,良,普通,フラット,10,ブルーストレイル,7,牡,5,城戸,栗東 荒川,追い込み,58.0,462,-8,0,0,12,350.2,10,116.9,39.9,9.0,2026-07-25,未勝利,0.0
9079,中京,1800,ダート,良,普通,フラット,1,ミランド,1,牡,3,西村淳,栗東 小林,追い込み,55.0,452,2,0,0,4,7.1,11,117.1,40.1,12.0,2026-07-25,未勝利,0.0
9079,中京,1800,ダート,良,普通,フラット,5,タイセイフリーデン,4,牡,3,森田,栗東 大橋,追い込み,52.0,482,5,0,0,9,217.6,12,119.7,43.1,11.0,2026-07-25,未勝利,0.0
9079,中京,1800,ダート,良,普通,フラット,7,コルヴァス,5,牡,3,坂井,栗東 矢作,追い込み,55.0,0,0,0,0,0,0.0,99,,,,2026-07-25,未勝利,0.0
9083,中京,1200,芝,良,普通,フラット,3,ルージュスプリヤ,3,牝,3,森田,栗東 斉藤崇,逃げ,50.0,446,0,0,0,1,1.5,1,67.6,33.4,1.0,2026-07-25,未勝利,0.0
9083,中京,1200,芝,良,普通,フラット,7,ケールハイム,7,牝,3,坂井,栗東 福永,先行,53.0,454,12,0,0,2,2.8,2,67.8,33.2,4.0,2026-07-25,未勝利,0.0
9083,中京,1200,芝,良,普通,フラット,2,ベランジェール,2,牝,5,Ｍデム,栗東 西村,追い込み,56.0,478,2,0,0,5,29.0,3,67.9,33.0,7.0,2026-07-25,未勝利,0.0
9083,中京,1200,芝,良,普通,フラット,5,ニシノトリビュート,5,牡,3,田山,栗東 新谷,差し,54.0,498,4,0,0,3,9.3,4,68.2,33.6,4.0,2026-07-25,未勝利,0.0
9083,中京,1200,芝,良,普通,フラット,1,フェブリノ,1,牝,3,松若,栗東 加藤公,差し,53.0,402,0,0,0,8,43.1,5,68.2,33.7,4.0,2026-07-25,未勝利,0.0
9083,中京,1200,芝,良,普通,フラット,4,アウクソー,4,牝,6,秋山稔,栗東 平田,逃げ,56.0,436,0,0,0,6,30.3,6,68.4,34.0,2.0,2026-07-25,未勝利,0.0
9083,中京,1200,芝,良,普通,フラット,8,ビーグラッド,8,牝,5,幸,栗東 岡田,先行,56.0,448,0,0,0,4,22.5,7,68.4,34.0,2.0,2026-07-25,未勝利,0.0
9083,中京,1200,芝,良,普通,フラット,6,サヨノパララックス,6,牡,3,菱田,栗東 羽月,追い込み,55.0,434,2,0,0,7,31.0,8,68.5,33.6,7.0,2026-07-25,未勝利,0.0
9080,中京,1600,芝,良,普通,フラット,3,ムーンライトダイヤ,2,牝,3,秋山稔,栗東 河嶋,差し,55.0,414,-2,0,0,5,9.7,1,92.4,33.7,12.0,2026-07-25,未勝利,0.0
9080,中京,1600,芝,良,普通,フラット,4,ビッグヒーロー,2,牡,3,川田,栗東 福永,逃げ,57.0,486,-6,0,0,2,3.4,2,92.5,34.8,3.0,2026-07-25,未勝利,0.0
9080,中京,1600,芝,良,普通,フラット,8,ララディアーブル,4,牡,3,松山,栗東 松下,差し,57.0,470,-6,0,0,4,7.2,3,92.5,34.3,9.0,2026-07-25,未勝利,0.0
9080,中京,1600,芝,良,普通,フラット,10,レインボーステート,5,牡,3,坂井,栗東 茶木,差し,57.0,442,0,0,0,3,6.6,4,92.6,34.2,10.0,2026-07-25,未勝利,0.0
9080,中京,1600,芝,良,普通,フラット,1,オースミサイファー,1,牡,3,幸,栗東 宮本,先行,57.0,474,-2,0,0,11,60.0,5,92.9,35.0,7.0,2026-07-25,未勝利,0.0
9080,中京,1600,芝,良,普通,フラット,7,アスクブームキセキ,4,牡,3,西塚,栗東 藤原,先行,57.0,462,2,0,0,9,43.8,6,93.0,34.9,8.0,2026-07-25,未勝利,0.0
9080,中京,1600,芝,良,普通,フラット,16,ラミエルノムスコ,8,牡,3,岩田望,栗東 千田,先行,57.0,480,-8,0,0,6,13.2,7,93.1,35.3,5.0,2026-07-25,未勝利,0.0
9080,中京,1600,芝,良,普通,フラット,13,ミッキーラヴィータ,7,牝,3,団野,栗東 高橋亮,逃げ,55.0,442,4,0,0,1,3.1,8,93.2,35.7,2.0,2026-07-25,未勝利,0.0
9080,中京,1600,芝,良,普通,フラット,14,オーケーキュート,7,牝,3,富田,栗東 笹田,追い込み,55.0,424,-2,0,0,14,266.2,9,93.2,34.6,12.0,2026-07-25,未勝利,0.0
9080,中京,1600,芝,良,普通,フラット,11,レッドピアレス,6,牡,3,中井,栗東 中内田,先行,57.0,464,4,0,0,10,56.7,10,93.5,35.7,5.0,2026-07-25,未勝利,0.0
9080,中京,1600,芝,良,普通,フラット,5,オレンジフィールド,3,牝,3,亀田,栗東 北出,差し,55.0,456,-4,0,0,7,17.2,11,93.6,35.3,10.0,2026-07-25,未勝利,0.0
9080,中京,1600,芝,良,普通,フラット,9,サーブルディアマン,5,牡,3,Ｍデム,栗東 坂口,追い込み,57.0,468,-4,0,0,8,30.5,12,94.1,35.0,14.0,2026-07-25,未勝利,0.0
9080,中京,1600,芝,良,普通,フラット,15,シャンジュマン,8,牡,3,森田,栗東 奥村豊,追い込み,54.0,490,4,0,0,16,406.8,13,94.1,35.1,14.0,2026-07-25,未勝利,0.0
9080,中京,1600,芝,良,普通,フラット,6,リザレクティア,3,牝,3,永島,栗東 高橋康,逃げ,53.0,444,-12,0,0,15,307.7,14,95.5,38.0,1.0,2026-07-25,未勝利,0.0
9080,中京,1600,芝,良,普通,フラット,12,マーチャンシップ,6,牡,3,吉村,栗東 杉山佳,逃げ,57.0,518,4,0,0,13,112.7,15,95.6,37.9,3.0,2026-07-25,未勝利,0.0
9080,中京,1600,芝,良,普通,フラット,2,カフラー,1,牡,3,菱田,栗東 矢作,追い込み,57.0,460,0,0,0,12,94.7,16,96.4,36.7,16.0,2026-07-25,未勝利,0.0
9084,札幌,1000,ダート,良,短い,フラット,7,カレンココナ,7,牝,3,小林美,栗東 小林,逃げ,52.0,434,-2,0,0,3,3.8,1,58.7,35.2,1.0,2026-07-25,未勝利,0.0
9084,札幌,1000,ダート,良,短い,フラット,5,アイビーミャーオ,5,牝,3,舟山,栗東 小林,逃げ,54.0,444,-4,0,0,2,3.3,2,58.8,35.2,2.0,2026-07-25,未勝利,0.0
9084,札幌,1000,ダート,良,短い,フラット,3,カッサンドラ,3,牝,3,横山琉,栗東 高橋忠,先行,55.0,418,-4,0,0,1,2.3,3,59.0,35.3,3.0,2026-07-25,未勝利,0.0
9084,札幌,1000,ダート,良,短い,フラット,6,ロングフルスペック,6,牝,3,古川吉,栗東 大根田,先行,55.0,456,-6,0,0,4,12.6,4,59.9,36.2,4.0,2026-07-25,未勝利,0.0
9084,札幌,1000,ダート,良,短い,フラット,4,クリコイーコ,4,牝,3,吉田隼,栗東 荒川,差し,55.0,448,4,0,0,5,16.4,5,60.2,36.2,6.0,2026-07-25,未勝利,0.0
9084,札幌,1000,ダート,良,短い,フラット,1,カプリースカラー,1,牝,3,丹内,美浦 金成,差し,55.0,408,4,0,0,6,18.4,6,60.3,36.3,5.0,2026-07-25,未勝利,0.0
9084,札幌,1000,ダート,良,短い,フラット,8,レヴヴィ,8,牝,3,松本,栗東 新谷,追い込み,55.0,442,6,0,0,8,42.0,7,60.4,36.5,7.0,2026-07-25,未勝利,0.0
9084,札幌,1000,ダート,良,短い,フラット,2,テイクマイハート,2,牝,3,池添,栗東 森田,追い込み,55.0,470,0,0,0,7,19.4,8,60.8,36.7,7.0,2026-07-25,未勝利,0.0
9044,札幌,1700,ダート,良,短い,フラット,3,ヤマメイッカ,3,牡,3,佐々木,美浦 久保田,先行,57.0,500,4,0,0,1,2.4,1,106.6,37.7,3.0,2026-07-25,未勝利,0.0
9044,札幌,1700,ダート,良,短い,フラット,8,ブルーフレア,7,牡,3,横山武,美浦 辻,逃げ,57.0,494,2,0,0,3,4.8,2,106.9,38.3,1.0,2026-07-25,未勝利,0.0
9044,札幌,1700,ダート,良,短い,フラット,6,アオイミズホ,6,牡,3,横山和,美浦 古賀慎,先行,57.0,516,-8,0,0,2,3.3,3,107.0,37.2,4.0,2026-07-25,未勝利,0.0
9044,札幌,1700,ダート,良,短い,フラット,7,メイショウノヴァス,7,牡,3,小沢,栗東 大橋,逃げ,57.0,460,-2,0,0,7,24.2,4,107.0,38.3,2.0,2026-07-25,未勝利,0.0
9044,札幌,1700,ダート,良,短い,フラット,10,マクローリン,8,牡,3,和田陽,栗東 加藤公,追い込み,54.0,460,-4,0,0,10,156.5,5,107.7,37.9,8.0,2026-07-25,未勝利,0.0
9044,札幌,1700,ダート,良,短い,フラット,4,ダンツアラーム,4,牝,3,池添,栗東 本田,先行,55.0,432,2,0,0,6,19.6,6,108.4,39.1,5.0,2026-07-25,未勝利,0.0
9044,札幌,1700,ダート,良,短い,フラット,2,クロームクロス,2,牡,3,鮫島駿,栗東 西園翔,追い込み,57.0,460,4,0,0,8,27.1,7,108.5,39.1,8.0,2026-07-25,未勝利,0.0
9044,札幌,1700,ダート,良,短い,フラット,1,ゴーントゥファー,1,セ,3,長浜,美浦 小島,追い込み,56.0,470,2,0,0,9,64.3,8,108.7,37.9,10.0,2026-07-25,未勝利,0.0
9044,札幌,1700,ダート,良,短い,フラット,9,ワンダーゾルダート,8,牡,3,松本,栗東 羽月,差し,57.0,436,0,0,0,5,13.0,9,109.0,39.7,7.0,2026-07-25,未勝利,0.0
9044,札幌,1700,ダート,良,短い,フラット,5,メイショウシンガン,5,牡,3,横山琉,栗東 高橋忠,差し,57.0,462,0,0,0,4,8.9,10,109.2,40.3,5.0,2026-07-25,未勝利,0.0
9085,札幌,1500,芝,良,短い,フラット,11,フレッチャアズーラ,7,牝,3,横山和,栗東 四位,逃げ,55.0,474,0,0,0,1,2.9,1,87.9,35.1,2.0,2026-07-25,未勝利,0.0
9085,札幌,1500,芝,良,短い,フラット,6,ペカリーナ,4,牝,3,小林美,美浦 竹内,逃げ,52.0,464,4,0,0,2,4.3,2,87.9,35.2,1.0,2026-07-25,未勝利,0.0
9085,札幌,1500,芝,良,短い,フラット,4,エアヴァイブス,3,牝,3,武豊,栗東 福永,差し,55.0,426,-2,0,0,3,4.5,3,88.2,34.3,10.0,2026-07-25,未勝利,0.0
9085,札幌,1500,芝,良,短い,フラット,1,レイナデルアイレ,1,牝,3,石川倭,美浦 矢嶋,逃げ,55.0,434,-2,0,0,8,32.9,4,88.3,35.1,3.0,2026-07-25,未勝利,0.0
9085,札幌,1500,芝,良,短い,フラット,2,サンエンジェルス,2,牝,3,浜中,栗東 谷,先行,55.0,412,-2,0,0,5,9.6,5,88.6,35.2,4.0,2026-07-25,未勝利,0.0
9085,札幌,1500,芝,良,短い,フラット,8,サンセリテ,5,牝,3,舟山,美浦 鹿戸,追い込み,54.0,446,6,0,0,6,9.8,6,88.8,34.8,10.0,2026-07-25,未勝利,0.0
9085,札幌,1500,芝,良,短い,フラット,3,アロハ,3,牝,3,丹内,栗東 橋田,差し,55.0,452,-2,0,0,4,6.7,7,89.0,35.3,8.0,2026-07-25,未勝利,0.0
9085,札幌,1500,芝,良,短い,フラット,9,イノリ,6,牝,3,和田陽,栗東 高橋康,差し,52.0,424,16,0,0,12,165.0,8,89.1,35.6,8.0,2026-07-25,未勝利,0.0
9085,札幌,1500,芝,良,短い,フラット,14,ロジマギー,8,牝,3,佐々木,美浦 宮田,先行,55.0,466,6,0,0,7,25.5,9,89.1,35.9,7.0,2026-07-25,未勝利,0.0
9085,札幌,1500,芝,良,短い,フラット,7,ビップジョワ,5,牝,3,遠藤,美浦 高柳瑞,先行,52.0,420,0,0,0,9,102.5,10,89.2,36.0,4.0,2026-07-25,未勝利,0.0
9085,札幌,1500,芝,良,短い,フラット,5,スパークルレイ,4,牝,3,松本,美浦 的場,追い込み,55.0,474,-10,0,0,13,295.0,11,89.5,35.8,10.0,2026-07-25,未勝利,0.0
9085,札幌,1500,芝,良,短い,フラット,10,フローズンクイーン,6,牝,3,鮫島駿,栗東 藤岡健,追い込み,55.0,416,0,0,0,10,131.9,12,90.3,36.0,13.0,2026-07-25,未勝利,0.0
9085,札幌,1500,芝,良,短い,フラット,13,カスタニッチャ,8,牝,3,小沢,栗東 高柳大,先行,55.0,434,6,0,0,11,152.3,13,91.1,38.1,4.0,2026-07-25,未勝利,0.0
9085,札幌,1500,芝,良,短い,フラット,12,イヌボウノシオカゼ,7,牝,3,横山琉,美浦 大和田,追い込み,55.0,436,2,0,0,14,317.1,14,93.4,39.7,14.0,2026-07-25,未勝利,0.0
9086,札幌,1800,芝,良,短い,フラット,9,テンレディーゴー,6,牡,3,佐々木,美浦 菊川,逃げ,57.0,482,-6,0,0,10,35.3,1,107.9,35.4,1.0,2026-07-25,未勝利,0.0
9086,札幌,1800,芝,良,短い,フラット,10,コワンニシタガウ,6,牡,3,武豊,栗東 庄野,逃げ,57.0,482,-4,0,0,2,3.8,2,108.5,35.5,3.0,2026-07-25,未勝利,0.0
9086,札幌,1800,芝,良,短い,フラット,4,ケナゲ,3,牝,3,河原田,美浦 和田雄,先行,51.0,428,-10,0,0,6,14.5,3,108.5,35.3,5.0,2026-07-25,未勝利,0.0
9086,札幌,1800,芝,良,短い,フラット,5,グランフルス,4,牡,3,鮫島駿,美浦 矢野,追い込み,57.0,456,-4,0,0,12,94.1,4,108.7,35.2,11.0,2026-07-25,未勝利,0.0
9086,札幌,1800,芝,良,短い,フラット,1,インフィオラータ,1,牝,3,浜中,栗東 須貝,差し,55.0,440,-2,0,0,1,3.4,5,108.7,35.5,8.0,2026-07-25,未勝利,0.0
9086,札幌,1800,芝,良,短い,フラット,7,アート,5,牡,3,横山武,栗東 杉山晴,逃げ,57.0,436,-8,0,0,4,7.8,6,108.7,36.3,2.0,2026-07-25,未勝利,0.0
9086,札幌,1800,芝,良,短い,フラット,2,フォルストランキル,2,牝,3,小林美,栗東 池江,差し,52.0,426,-4,0,0,7,14.6,7,108.8,35.2,10.0,2026-07-25,未勝利,0.0
9086,札幌,1800,芝,良,短い,フラット,6,ヘクセンハウス,4,牝,3,丹内,栗東 吉田,先行,55.0,420,-2,0,0,3,6.7,8,108.9,35.9,5.0,2026-07-25,未勝利,0.0
9086,札幌,1800,芝,良,短い,フラット,3,トランスマリーン,3,牡,3,和田陽,栗東 平田,先行,54.0,486,-2,0,0,9,32.5,9,109.0,36.3,5.0,2026-07-25,未勝利,0.0
9086,札幌,1800,芝,良,短い,フラット,14,セイントクーヤ,8,牡,3,長浜,美浦 黒岩,先行,56.0,484,0,0,0,11,42.1,10,109.3,36.6,3.0,2026-07-25,未勝利,0.0
9086,札幌,1800,芝,良,短い,フラット,13,ルージュアイラ,8,牝,3,古川奈,栗東 池江,追い込み,53.0,406,-2,0,0,13,130.3,11,109.7,36.5,11.0,2026-07-25,未勝利,0.0
9086,札幌,1800,芝,良,短い,フラット,11,ルナティックブルー,7,牝,3,小沢,栗東 今野,差し,55.0,432,0,0,0,5,8.4,12,109.7,36.8,8.0,2026-07-25,未勝利,0.0
9086,札幌,1800,芝,良,短い,フラット,8,ウインアベリア,5,牝,3,遠藤,美浦 和田郎,追い込み,52.0,418,-2,0,0,14,160.4,13,110.1,36.6,11.0,2026-07-25,未勝利,0.0
9086,札幌,1800,芝,良,短い,フラット,12,ギルランダ,7,牝,3,舟山,美浦 中舘,追い込み,54.0,418,8,0,0,8,15.8,14,111.0,38.0,11.0,2026-07-25,未勝利,0.0
9042,札幌,1200,芝,良,短い,フラット,13,グランテレーズ,7,牝,5,小沢,栗東 渡辺,逃げ,56.0,460,2,0,0,11,61.2,1,69.1,34.6,2.0,2026-07-25,未勝利,0.0
9042,札幌,1200,芝,良,短い,フラット,7,ニシノサリーナ,4,牝,3,池添,栗東 橋口,逃げ,53.0,458,8,0,0,1,3.6,2,69.1,34.7,1.0,2026-07-25,未勝利,0.0
9042,札幌,1200,芝,良,短い,フラット,2,ハッピーラッキー,2,牡,3,横山和,美浦 武市,先行,55.0,456,2,0,0,5,10.8,3,69.1,34.2,7.0,2026-07-25,未勝利,0.0
9042,札幌,1200,芝,良,短い,フラット,12,ジーティーエスピ,7,牡,4,丹内,栗東 中村,差し,58.0,466,2,0,0,3,4.7,4,69.4,34.4,7.0,2026-07-25,未勝利,0.0
9042,札幌,1200,芝,良,短い,フラット,3,ナンナンプー,2,牝,4,石川倭,美浦 水野,差し,56.0,456,0,0,0,12,71.2,5,69.4,34.3,11.0,2026-07-25,未勝利,0.0
9042,札幌,1200,芝,良,短い,フラット,4,シュークリーム,3,牝,5,鮫島駿,栗東 西村,逃げ,56.0,432,-6,0,0,6,11.5,6,69.5,34.8,3.0,2026-07-25,未勝利,0.0
9042,札幌,1200,芝,良,短い,フラット,9,カイショー,5,牝,3,横山武,栗東 長谷川,先行,53.0,456,4,0,0,2,4.0,7,69.5,34.7,5.0,2026-07-25,未勝利,0.0
9042,札幌,1200,芝,良,短い,フラット,10,アイアムステキ,6,牝,3,武豊,美浦 奥平,追い込み,53.0,452,6,0,0,9,26.6,8,69.5,34.3,11.0,2026-07-25,未勝利,0.0
9042,札幌,1200,芝,良,短い,フラット,1,ペイシャアーサー,1,牡,4,遠藤,美浦 本間,追い込み,55.0,476,-4,0,0,15,87.2,9,69.6,34.2,13.0,2026-07-25,未勝利,0.0
9042,札幌,1200,芝,良,短い,フラット,14,イズルード,8,牡,4,長浜,美浦 田島,追い込み,57.0,484,2,0,0,14,86.4,10,69.7,33.9,14.0,2026-07-25,未勝利,0.0
9042,札幌,1200,芝,良,短い,フラット,5,ランプローグ,3,牝,3,佐々木,美浦 矢野,先行,53.0,410,-6,0,0,10,27.2,11,69.7,34.9,5.0,2026-07-25,未勝利,0.0
9042,札幌,1200,芝,良,短い,フラット,6,セガンティーニ,4,牝,4,舟山,栗東 坂口,差し,55.0,470,0,0,0,4,8.6,12,69.7,34.7,7.0,2026-07-25,未勝利,0.0
9042,札幌,1200,芝,良,短い,フラット,15,マティンデ,8,牝,3,横山琉,栗東 清水久,差し,53.0,452,-6,0,0,13,80.3,13,69.7,34.5,10.0,2026-07-25,未勝利,0.0
9042,札幌,1200,芝,良,短い,フラット,8,サトノカスターニャ,5,牝,3,北村友,栗東 吉岡,先行,53.0,434,0,0,0,7,22.3,14,70.5,36.0,3.0,2026-07-25,未勝利,0.0
9042,札幌,1200,芝,良,短い,フラット,11,ペガサスノース,6,牝,4,小林美,栗東 高柳大,追い込み,53.0,494,-2,0,0,8,26.0,15,87.6,51.5,15.0,2026-07-25,未勝利,0.0
9044,札幌,1700,ダート,良,短い,フラット,7,オンザムービー,6,牡,3,横山和,栗東 牧田,逃げ,55.0,488,8,0,0,1,2.0,1,103.9,36.5,2.0,2026-07-25,未勝利,0.0
9044,札幌,1700,ダート,良,短い,フラット,6,ザハント,5,セ,4,小沢,栗東 田中克,逃げ,58.0,488,0,0,0,7,43.3,2,105.7,39.3,3.0,2026-07-25,未勝利,0.0
9044,札幌,1700,ダート,良,短い,フラット,5,ジェネラスキング,5,牡,3,横山武,美浦 久保田,先行,55.0,490,4,0,0,3,8.6,3,105.9,38.0,6.0,2026-07-25,未勝利,0.0
9044,札幌,1700,ダート,良,短い,フラット,1,ビービーバザーク,1,牡,4,和田陽,栗東 武幸,追い込み,55.0,492,-12,0,0,6,22.8,4,106.0,37.4,11.0,2026-07-25,未勝利,0.0
9044,札幌,1700,ダート,良,短い,フラット,12,ピエナオルカ,8,牡,3,小林美,栗東 谷,逃げ,52.0,474,0,0,0,2,2.5,5,106.1,40.3,1.0,2026-07-25,未勝利,0.0
9044,札幌,1700,ダート,良,短い,フラット,3,カフェブーケット,3,牡,4,長浜,美浦 柄崎,差し,57.0,472,-8,0,0,11,186.8,6,106.3,38.4,8.0,2026-07-25,未勝利,0.0
9044,札幌,1700,ダート,良,短い,フラット,4,リュミナーズ,4,牝,4,佐々木,美浦 堀内,差し,56.0,472,20,0,0,10,60.9,7,106.4,38.0,9.0,2026-07-25,未勝利,0.0
9044,札幌,1700,ダート,良,短い,フラット,9,ハイライトニング,7,セ,3,池添,美浦 嘉藤,先行,55.0,466,-10,0,0,9,51.9,8,106.8,40.0,4.0,2026-07-25,未勝利,0.0
9044,札幌,1700,ダート,良,短い,フラット,8,タイキルッジェーロ,6,牡,3,北村友,栗東 高野,追い込み,55.0,514,2,0,0,5,19.2,9,107.2,39.0,9.0,2026-07-25,未勝利,0.0
9044,札幌,1700,ダート,良,短い,フラット,10,ファンタイムギフト,7,セ,4,丹内,美浦 相沢,先行,58.0,504,14,0,0,4,17.9,10,107.2,40.6,4.0,2026-07-25,未勝利,0.0
9044,札幌,1700,ダート,良,短い,フラット,11,アルニラム,8,セ,5,古川吉,美浦 伊藤大,差し,58.0,456,-14,0,0,12,316.1,11,107.4,39.9,6.0,2026-07-25,未勝利,0.0
9044,札幌,1700,ダート,良,短い,フラット,2,マーベリックシチー,2,牡,5,鮫島駿,栗東 岡田,追い込み,58.0,468,0,0,0,8,46.4,12,107.9,39.4,12.0,2026-07-25,未勝利,0.0
9086,札幌,1800,芝,良,短い,フラット,1,ガーネットフレア,1,牝,3,北村友,栗東 杉山佳,逃げ,53.0,444,-6,0,0,6,24.7,1,108.5,34.4,1.0,2026-07-25,未勝利,0.0
9086,札幌,1800,芝,良,短い,フラット,8,ディヒターリーベ,7,牝,4,石川倭,美浦 高橋文,追い込み,56.0,474,12,0,0,9,88.1,2,109.1,34.2,9.0,2026-07-25,未勝利,0.0
9086,札幌,1800,芝,良,短い,フラット,10,ナムラヒナギク,8,牝,3,小沢,栗東 大橋,先行,53.0,484,14,0,0,4,6.6,3,109.4,35.1,3.0,2026-07-25,未勝利,0.0
9086,札幌,1800,芝,良,短い,フラット,2,ニシノエピカリ,2,牝,4,河原田,美浦 秋本,先行,52.0,410,4,0,0,7,25.5,4,109.4,35.0,3.0,2026-07-25,未勝利,0.0
9086,札幌,1800,芝,良,短い,フラット,5,シニャンガ,5,牝,3,横山武,美浦 鹿戸,差し,53.0,470,0,0,0,1,2.9,5,109.4,34.9,6.0,2026-07-25,未勝利,0.0
9086,札幌,1800,芝,良,短い,フラット,9,キタノサリスカ,8,牝,3,和田陽,栗東 羽月,差し,50.0,426,-4,0,0,10,123.7,6,109.4,34.7,6.0,2026-07-25,未勝利,0.0
9086,札幌,1800,芝,良,短い,フラット,7,ジャストビート,7,牝,3,鮫島駿,栗東 安達,追い込み,53.0,426,8,0,0,8,25.9,7,109.5,34.9,6.0,2026-07-25,未勝利,0.0
9086,札幌,1800,芝,良,短い,フラット,4,ジェルブロア,4,牝,4,古川奈,栗東 矢作,追い込み,54.0,420,0,0,0,3,4.5,8,109.7,35.0,9.0,2026-07-25,未勝利,0.0
9086,札幌,1800,芝,良,短い,フラット,3,ルーチェフィオーレ,3,牝,3,横山和,美浦 嘉藤,逃げ,53.0,458,16,0,0,2,3.0,9,109.9,35.7,2.0,2026-07-25,未勝利,0.0
9086,札幌,1800,芝,良,短い,フラット,6,ラコンチャビエン,6,牝,3,武豊,栗東 藤原,先行,53.0,452,22,0,0,5,12.5,10,109.9,35.6,3.0,2026-07-25,未勝利,0.0
9087,札幌,2600,芝,良,短い,フラット,5,ボンドロア,5,牡,4,横山武,栗東 松永幹,先行,58.0,468,6,0,0,5,10.5,1,161.0,35.1,5.0,2026-07-25,2勝クラス,2.0
9087,札幌,2600,芝,良,短い,フラット,7,ジュンツバメガエシ,6,牡,6,岩田康,栗東 友道,差し,58.0,504,-10,0,0,2,4.3,2,161.2,35.3,5.0,2026-07-25,2勝クラス,2.0
9087,札幌,2600,芝,良,短い,フラット,3,ライフセービング,3,牡,5,古川吉,栗東 宮,差し,58.0,460,-2,0,0,10,44.6,3,161.4,35.3,8.0,2026-07-25,2勝クラス,2.0
9087,札幌,2600,芝,良,短い,フラット,6,アスクデッドヒート,6,牡,4,古川奈,栗東 矢作,追い込み,58.0,484,4,0,0,4,4.8,4,161.6,35.5,8.0,2026-07-25,2勝クラス,2.0
9087,札幌,2600,芝,良,短い,フラット,4,レイデラルース,4,牡,5,丹内,美浦 西田,逃げ,58.0,486,6,0,0,7,22.9,5,161.9,36.3,2.0,2026-07-25,2勝クラス,2.0
9087,札幌,2600,芝,良,短い,フラット,10,ドッビアーコ,8,セ,5,小沢,栗東 奥村豊,逃げ,58.0,556,-8,0,0,11,55.0,6,161.9,36.4,1.0,2026-07-25,2勝クラス,2.0
9087,札幌,2600,芝,良,短い,フラット,9,バースライト,7,牡,4,浜中,栗東 武幸,先行,58.0,506,-10,0,0,3,4.6,7,162.0,36.3,2.0,2026-07-25,2勝クラス,2.0
9087,札幌,2600,芝,良,短い,フラット,2,リギーロ,2,牡,4,佐々木,美浦 栗田,追い込み,58.0,478,-2,0,0,6,20.5,8,162.1,35.9,10.0,2026-07-25,2勝クラス,2.0
9087,札幌,2600,芝,良,短い,フラット,8,レイヤードレッド,7,牡,4,長浜,美浦 手塚久,差し,58.0,490,0,0,0,8,32.6,9,162.2,36.4,5.0,2026-07-25,2勝クラス,2.0
9087,札幌,2600,芝,良,短い,フラット,11,ウェイクフィールド,8,牡,3,横山和,美浦 嘉藤,先行,55.0,482,-4,0,0,1,3.2,10,162.2,36.4,2.0,2026-07-25,2勝クラス,2.0
9087,札幌,2600,芝,良,短い,フラット,1,ヴァイザーバルコ,1,セ,6,石川倭,美浦 水野,追い込み,58.0,466,2,0,0,9,40.4,11,162.5,36.4,11.0,2026-07-25,2勝クラス,2.0
9042,札幌,1200,芝,良,短い,フラット,7,ロジケープ,6,牡,3,丹内,美浦 尾形,差し,55.0,498,-2,0,0,1,2.1,1,68.1,33.3,7.0,2026-07-25,3勝クラス,3.0
9042,札幌,1200,芝,良,短い,フラット,5,メルトユアハート,5,牝,5,横山和,栗東 長谷川,逃げ,56.0,504,-2,0,0,4,9.1,2,68.4,34.1,3.0,2026-07-25,3勝クラス,3.0
9042,札幌,1200,芝,良,短い,フラット,3,サウスバンク,3,牝,4,横山武,栗東 吉岡,逃げ,56.0,488,-2,0,0,2,5.0,3,68.5,34.5,2.0,2026-07-25,3勝クラス,3.0
9042,札幌,1200,芝,良,短い,フラット,4,ルーフ,4,牝,6,佐々木,栗東 清水久,先行,56.0,508,0,0,0,6,14.2,4,68.5,34.0,5.0,2026-07-25,3勝クラス,3.0
9042,札幌,1200,芝,良,短い,フラット,1,エヴァンスウィート,1,牝,5,鮫島駿,栗東 友道,差し,56.0,450,-10,0,0,9,35.9,5,68.6,33.6,8.0,2026-07-25,3勝クラス,3.0
9042,札幌,1200,芝,良,短い,フラット,12,パクスロマーナ,8,牝,6,舟山,栗東 加藤公,逃げ,56.0,442,4,0,0,8,18.9,6,68.6,34.8,1.0,2026-07-25,3勝クラス,3.0
9042,札幌,1200,芝,良,短い,フラット,6,ウィルオレオール,5,牡,4,石川倭,地方 小国博,追い込み,58.0,492,-10,0,0,11,122.3,7,68.7,33.4,10.0,2026-07-25,3勝クラス,3.0
9042,札幌,1200,芝,良,短い,フラット,9,クリエープキー,7,牝,3,古川吉,美浦 牧,先行,53.0,446,8,0,0,10,38.1,8,68.7,34.2,5.0,2026-07-25,3勝クラス,3.0
9042,札幌,1200,芝,良,短い,フラット,11,ゴールドサーベル,8,牡,5,荻野琢,栗東 大久保,追い込み,58.0,476,0,0,0,12,191.0,9,68.9,33.6,10.0,2026-07-25,3勝クラス,3.0
9042,札幌,1200,芝,良,短い,フラット,2,シカゴスティング,2,牝,5,浜中,栗東 庄野,追い込み,56.0,452,-2,0,0,5,11.0,10,68.9,33.3,12.0,2026-07-25,3勝クラス,3.0
9042,札幌,1200,芝,良,短い,フラット,8,アンジュプロミス,6,牝,3,古川奈,栗東 矢作,先行,53.0,456,4,0,0,7,15.7,11,69.1,34.9,3.0,2026-07-25,3勝クラス,3.0
9042,札幌,1200,芝,良,短い,フラット,10,アスクケンタッキー,7,牡,3,武豊,栗東 藤原,差し,55.0,474,6,0,0,3,7.7,12,69.3,34.2,8.0,2026-07-25,3勝クラス,3.0
9044,札幌,1700,ダート,良,短い,フラット,5,セボンサデッセ,5,牡,4,武豊,栗東 橋口,逃げ,58.0,492,-12,0,0,2,3.6,1,105.4,36.1,2.0,2026-07-25,2勝クラス,2.0
9044,札幌,1700,ダート,良,短い,フラット,9,ライフゲート,7,セ,4,丹内,美浦 伊藤圭,先行,58.0,510,-2,0,0,4,6.8,2,105.4,35.9,3.0,2026-07-25,2勝クラス,2.0
9044,札幌,1700,ダート,良,短い,フラット,8,ベラジオワールド,7,牡,4,横山和,美浦 伊藤大,先行,57.0,494,0,0,0,1,2.0,3,105.5,35.6,4.0,2026-07-25,2勝クラス,2.0
9044,札幌,1700,ダート,良,短い,フラット,1,リメンバーヒム,1,牡,4,鮫島駿,栗東 浜田,先行,58.0,448,-12,0,0,7,50.8,4,105.9,36.3,4.0,2026-07-25,2勝クラス,2.0
9044,札幌,1700,ダート,良,短い,フラット,7,ハイクオリティ,6,牡,4,佐々木,栗東 今野,逃げ,58.0,476,2,0,0,3,4.6,5,105.9,36.6,1.0,2026-07-25,2勝クラス,2.0
9044,札幌,1700,ダート,良,短い,フラット,11,ヒルノピレネー,8,牡,6,浜中,栗東 北出,差し,58.0,462,12,0,0,10,125.8,6,105.9,36.1,4.0,2026-07-25,2勝クラス,2.0
9044,札幌,1700,ダート,良,短い,フラット,4,ギマール,4,牡,5,石川倭,栗東 岡田,差し,58.0,454,2,0,0,5,24.5,7,106.5,36.4,7.0,2026-07-25,2勝クラス,2.0
9044,札幌,1700,ダート,良,短い,フラット,10,マッスルバック,8,牡,5,黛,栗東 秋山,追い込み,58.0,484,0,0,0,11,204.6,8,106.8,36.7,9.0,2026-07-25,2勝クラス,2.0
9044,札幌,1700,ダート,良,短い,フラット,3,ショウナンヤッホー,3,牡,4,池添,美浦 栗田,差し,58.0,484,-2,0,0,8,54.2,9,107.1,37.5,7.0,2026-07-25,2勝クラス,2.0
9044,札幌,1700,ダート,良,短い,フラット,2,フェスタリア,2,牡,4,和田陽,美浦 矢野,追い込み,58.0,448,-6,0,0,9,119.0,10,107.2,36.9,9.0,2026-07-25,2勝クラス,2.0
9044,札幌,1700,ダート,良,短い,フラット,6,ジュンラトゥール,6,牡,5,小沢,栗東 浜田,追い込み,58.0,450,4,0,0,6,34.3,11,108.0,37.9,11.0,2026-07-25,2勝クラス,2.0
9088,福島,2000,芝,良,短い,フラット,16,クレアノア,8,牝,3,戸崎圭,美浦 久保田,逃げ,55.0,402,-4,0,0,1,3.4,1,119.4,35.1,4.0,2026-07-19,未勝利,0.0
9088,福島,2000,芝,良,短い,フラット,15,クリスタルドレス,8,牝,3,江田照,美浦 高橋文,逃げ,55.0,428,0,0,0,4,6.0,2,119.4,35.3,2.0,2026-07-19,未勝利,0.0
9088,福島,2000,芝,良,短い,フラット,13,アマンヘセル,7,牝,3,田辺,美浦 蛯名正,先行,55.0,464,-6,0,0,6,22.0,3,119.8,35.2,7.0,2026-07-19,未勝利,0.0
9088,福島,2000,芝,良,短い,フラット,5,フジサン,3,牝,3,大野,美浦 大竹,先行,55.0,408,0,0,0,9,28.2,4,120.0,35.9,4.0,2026-07-19,未勝利,0.0
9088,福島,2000,芝,良,短い,フラット,7,キリスパークル,4,牝,3,石橋脩,美浦 勢司,先行,55.0,444,12,0,0,12,115.0,5,120.4,36.1,7.0,2026-07-19,未勝利,0.0
9088,福島,2000,芝,良,短い,フラット,1,ジェイエルグリーン,1,牝,3,原,美浦 平岩,差し,55.0,456,4,0,0,13,137.3,6,120.9,36.3,10.0,2026-07-19,未勝利,0.0
9088,福島,2000,芝,良,短い,フラット,9,アオゾラランチ,5,牝,3,吉田豊,美浦 戸田,差し,55.0,410,-2,0,0,10,99.9,7,121.0,36.4,10.0,2026-07-19,未勝利,0.0
9088,福島,2000,芝,良,短い,フラット,8,サトノスターライト,4,牝,3,坂井,美浦 森一,先行,55.0,428,-2,0,0,5,7.3,8,121.1,37.1,4.0,2026-07-19,未勝利,0.0
9088,福島,2000,芝,良,短い,フラット,2,ジャストビコーズ,1,牝,3,三浦,美浦 武井,差し,55.0,472,-8,0,0,3,4.5,9,121.1,36.9,7.0,2026-07-19,未勝利,0.0
9088,福島,2000,芝,良,短い,フラット,14,ピースフルマインド,7,牝,3,荻野極,美浦 伊坂,逃げ,55.0,438,-2,0,0,2,4.1,10,121.1,37.2,2.0,2026-07-19,未勝利,0.0
9088,福島,2000,芝,良,短い,フラット,6,グレイスルーラー,3,牝,3,佐藤,美浦 尾形,追い込み,52.0,462,10,0,0,8,27.6,11,121.4,36.5,13.0,2026-07-19,未勝利,0.0
9088,福島,2000,芝,良,短い,フラット,3,ダイナマイトメロン,2,牝,3,菊沢,美浦 伊藤大,追い込み,55.0,464,0,0,0,11,113.9,12,121.9,37.0,14.0,2026-07-19,未勝利,0.0
9088,福島,2000,芝,良,短い,フラット,11,ジャストマイウェイ,6,牝,3,石川,美浦 奥村武,逃げ,55.0,510,6,0,0,7,24.0,13,122.0,38.4,1.0,2026-07-19,未勝利,0.0
9088,福島,2000,芝,良,短い,フラット,4,ルビーサンセット,2,牝,3,石田,美浦 柄崎,追い込み,52.0,414,2,0,0,16,356.3,14,123.1,38.0,16.0,2026-07-19,未勝利,0.0
9088,福島,2000,芝,良,短い,フラット,10,ロジタイガー,5,牝,3,松岡,美浦 古賀慎,差し,55.0,402,-2,0,0,14,230.2,15,123.3,39.5,10.0,2026-07-19,未勝利,0.0
9088,福島,2000,芝,良,短い,フラット,12,チョコスコーン,6,牝,3,伊藤,美浦 林,追い込み,55.0,406,2,0,0,15,334.7,16,124.4,40.4,14.0,2026-07-19,未勝利,0.0
9089,福島,1800,芝,良,短い,フラット,8,ペプチドドリーム,4,牡,3,団野,美浦 松尾,逃げ,57.0,470,4,0,0,1,1.9,1,107.8,35.6,1.0,2026-07-19,未勝利,0.0
9089,福島,1800,芝,良,短い,フラット,13,ベルランコントル,7,牝,3,原,美浦 伊藤大,逃げ,55.0,458,4,0,0,6,19.2,2,108.1,35.7,2.0,2026-07-19,未勝利,0.0
9089,福島,1800,芝,良,短い,フラット,2,ラクシオンデクラ,1,牡,3,菊沢,美浦 尾関,先行,57.0,438,6,0,0,11,156.3,3,108.3,35.7,6.0,2026-07-19,未勝利,0.0
9089,福島,1800,芝,良,短い,フラット,4,ランウェイミューズ,2,牝,3,坂井,美浦 竹内,逃げ,55.0,388,-2,0,0,4,10.8,4,108.5,36.0,3.0,2026-07-19,未勝利,0.0
9089,福島,1800,芝,良,短い,フラット,14,シャルムグリーン,7,牡,3,津村,美浦 相沢,先行,57.0,474,-12,0,0,2,4.6,5,108.6,35.8,6.0,2026-07-19,未勝利,0.0
9089,福島,1800,芝,良,短い,フラット,3,カタカムナ,2,牝,3,木幡巧,美浦 蛯名利,差し,55.0,428,0,0,0,13,313.5,6,108.6,35.7,9.0,2026-07-19,未勝利,0.0
9089,福島,1800,芝,良,短い,フラット,16,ブラーヴジャン,8,牡,3,田辺,美浦 和田勇,差し,57.0,422,-8,0,0,5,10.9,7,108.6,35.0,12.0,2026-07-19,未勝利,0.0
9089,福島,1800,芝,良,短い,フラット,6,グランマエストロ,3,牡,3,戸崎圭,美浦 木村,逃げ,57.0,500,4,0,0,3,5.5,8,108.7,36.1,3.0,2026-07-19,未勝利,0.0
9089,福島,1800,芝,良,短い,フラット,10,レッドフリーマン,5,牡,3,荻野極,美浦 大竹,先行,57.0,460,-10,0,0,9,88.8,9,108.7,36.4,3.0,2026-07-19,未勝利,0.0
9089,福島,1800,芝,良,短い,フラット,5,ルージュラベル,3,牝,3,佐藤,美浦 鹿戸,差し,52.0,424,-2,0,0,10,140.4,10,109.0,35.9,11.0,2026-07-19,未勝利,0.0
9089,福島,1800,芝,良,短い,フラット,9,シルバーゴールド,5,牝,3,吉田豊,美浦 戸田,先行,55.0,434,-4,0,0,7,22.5,11,109.3,36.4,6.0,2026-07-19,未勝利,0.0
9089,福島,1800,芝,良,短い,フラット,11,カキュウ,6,牝,3,小崎,美浦 佐藤吉,差し,55.0,430,-2,0,0,16,699.7,12,109.8,37.1,9.0,2026-07-19,未勝利,0.0
9089,福島,1800,芝,良,短い,フラット,1,アロハオエ,1,牝,3,江田照,美浦 中川,追い込み,55.0,438,0,0,0,14,412.6,13,110.2,37.0,12.0,2026-07-19,未勝利,0.0
9089,福島,1800,芝,良,短い,フラット,12,ルアグロール,6,セ,3,小林脩,美浦 嘉藤,追い込み,57.0,462,12,0,0,12,188.9,14,110.4,37.2,14.0,2026-07-19,未勝利,0.0
9089,福島,1800,芝,良,短い,フラット,15,ボールドフロント,8,牡,3,石田,美浦 尾形,追い込み,54.0,462,28,0,0,15,442.3,15,111.4,38.3,15.0,2026-07-19,未勝利,0.0
9089,福島,1800,芝,良,短い,フラット,7,チャチャット,4,牝,3,横山典,美浦 柄崎,追い込み,55.0,404,-8,0,0,8,63.0,16,111.6,37.5,15.0,2026-07-19,未勝利,0.0
9090,福島,1700,ダート,良,短い,フラット,2,アーティラリー,2,牝,3,石川,美浦 松山,逃げ,55.0,480,-14,0,0,6,9.7,1,106.9,39.5,3.0,2026-07-19,未勝利,0.0
9090,福島,1700,ダート,良,短い,フラット,5,デルマザオウ,3,牝,3,小崎,美浦 松山,先行,55.0,486,-4,0,0,4,7.4,2,106.9,39.2,4.0,2026-07-19,未勝利,0.0
9090,福島,1700,ダート,良,短い,フラット,9,ユニバーサルラヴ,5,牝,3,三浦,美浦 尾関,逃げ,55.0,428,-8,0,0,2,4.6,3,107.0,39.8,1.0,2026-07-19,未勝利,0.0
9090,福島,1700,ダート,良,短い,フラット,4,トラストレガート,3,牝,3,吉田豊,美浦 高橋文,差し,55.0,446,-10,0,0,10,36.7,4,107.2,39.2,8.0,2026-07-19,未勝利,0.0
9090,福島,1700,ダート,良,短い,フラット,13,アルティソナンテ,7,牝,3,大野,美浦 大竹,差し,55.0,432,-12,0,0,7,21.8,5,107.3,39.0,10.0,2026-07-19,未勝利,0.0
9090,福島,1700,ダート,良,短い,フラット,15,ジーティーヒラリ,8,牝,3,佐藤,美浦 加藤和,先行,52.0,420,4,0,0,8,32.3,6,107.4,39.3,5.0,2026-07-19,未勝利,0.0
9090,福島,1700,ダート,良,短い,フラット,7,ペタルズダンス,4,牝,3,菊沢,美浦 嘉藤,先行,55.0,470,20,0,0,5,8.1,7,107.8,39.9,5.0,2026-07-19,未勝利,0.0
9090,福島,1700,ダート,良,短い,フラット,10,ハピネスドリーム,6,牝,3,杉原,美浦 木村,差し,55.0,416,8,0,0,9,34.1,8,108.5,40.2,10.0,2026-07-19,未勝利,0.0
9090,福島,1700,ダート,良,短い,フラット,3,フェスティヴハート,2,牝,3,柴田大,美浦 畠山,逃げ,55.0,490,-6,0,0,1,3.2,9,109.2,42.2,2.0,2026-07-19,未勝利,0.0
9090,福島,1700,ダート,良,短い,フラット,6,カムオンオーバー,4,牝,3,小林脩,美浦 斎藤誠,追い込み,55.0,476,16,0,0,11,62.4,10,109.8,42.1,10.0,2026-07-19,未勝利,0.0
9090,福島,1700,ダート,良,短い,フラット,14,マッドヘッドラブ,8,牝,3,武藤,美浦 戸田,先行,55.0,472,-4,0,0,14,195.0,11,110.0,42.9,5.0,2026-07-19,未勝利,0.0
9090,福島,1700,ダート,良,短い,フラット,1,ヤマニンルーバス,1,牝,3,江田照,美浦 村田,追い込み,55.0,464,-4,0,0,12,116.5,12,110.2,41.5,13.0,2026-07-19,未勝利,0.0
9090,福島,1700,ダート,良,短い,フラット,11,ハリコミチュウ,6,牝,3,木幡初,美浦 竹内,追い込み,55.0,496,0,0,0,3,5.0,13,110.8,41.3,14.0,2026-07-19,未勝利,0.0
9090,福島,1700,ダート,良,短い,フラット,8,ランランリンリン,5,牝,3,上里,美浦 辻,差し,52.0,416,-4,0,0,13,189.0,14,110.9,43.5,9.0,2026-07-19,未勝利,0.0
9090,福島,1700,ダート,良,短い,フラット,12,ウィッシュリスト,7,牝,3,石神道,美浦 松尾,追い込み,53.0,496,-2,0,0,15,330.8,15,112.3,43.4,15.0,2026-07-19,未勝利,0.0
9090,福島,1700,ダート,良,短い,フラット,3,チェイサー,2,牡,3,佐藤,美浦 相沢,逃げ,54.0,422,2,0,0,1,2.7,1,106.4,37.9,1.0,2026-07-19,未勝利,0.0
9090,福島,1700,ダート,良,短い,フラット,7,ユイノサダハル,4,牡,3,江田照,美浦 古賀慎,先行,57.0,470,4,0,0,6,15.8,2,107.1,38.1,5.0,2026-07-19,未勝利,0.0
9090,福島,1700,ダート,良,短い,フラット,13,ファイアリービート,7,牡,3,大野,美浦 鈴木慎,逃げ,57.0,454,-2,0,0,4,8.7,3,107.2,38.5,2.0,2026-07-19,未勝利,0.0
9090,福島,1700,ダート,良,短い,フラット,5,キタノドンカルロ,3,牡,3,柴田大,美浦 粕谷,逃げ,57.0,432,0,0,0,3,5.2,4,107.6,39.0,2.0,2026-07-19,未勝利,0.0
9090,福島,1700,ダート,良,短い,フラット,8,ジュングロワール,5,牡,3,石川,美浦 堀内,差し,57.0,482,0,0,0,8,41.4,5,108.5,38.5,11.0,2026-07-19,未勝利,0.0
9090,福島,1700,ダート,良,短い,フラット,10,パワポケグッド,6,牡,3,上里,美浦 大和田,差し,54.0,434,6,0,0,13,303.3,6,108.6,39.0,9.0,2026-07-19,未勝利,0.0
9090,福島,1700,ダート,良,短い,フラット,9,ファナティカル,5,牡,3,原,美浦 中川,先行,57.0,456,-2,0,0,5,15.1,7,108.6,40.0,2.0,2026-07-19,未勝利,0.0
9090,福島,1700,ダート,良,短い,フラット,11,リアルパラダイス,6,牡,3,木幡巧,美浦 西田,先行,57.0,436,-2,0,0,12,238.1,8,108.8,39.5,7.0,2026-07-19,未勝利,0.0
9090,福島,1700,ダート,良,短い,フラット,6,ラヴィプランドール,4,牝,3,小林脩,美浦 浅利,差し,55.0,410,0,0,0,10,107.1,9,108.9,39.6,7.0,2026-07-19,未勝利,0.0
9090,福島,1700,ダート,良,短い,フラット,2,サイモングリーマン,2,牡,3,木幡育,美浦 的場,追い込み,57.0,482,-4,0,0,15,517.0,10,109.9,39.9,14.0,2026-07-19,未勝利,0.0
9090,福島,1700,ダート,良,短い,フラット,15,テキサスバローズ,8,牡,3,菊沢,美浦 蛯名正,差し,57.0,502,-12,0,0,7,24.4,11,109.9,40.6,10.0,2026-07-19,未勝利,0.0
9090,福島,1700,ダート,良,短い,フラット,12,マイトリックスター,7,牝,3,石田,美浦 和田勇,追い込み,52.0,430,-6,0,0,11,167.0,12,110.0,40.2,11.0,2026-07-19,未勝利,0.0
9090,福島,1700,ダート,良,短い,フラット,4,イントゥザウインド,3,牡,3,坂井,美浦 尾関,先行,57.0,420,0,0,0,2,2.8,13,110.2,41.1,6.0,2026-07-19,未勝利,0.0
9090,福島,1700,ダート,良,短い,フラット,1,ライヴギムレット,1,牝,3,野中,美浦 大和田,追い込み,55.0,472,-4,0,0,14,408.9,14,110.3,40.3,11.0,2026-07-19,未勝利,0.0
9090,福島,1700,ダート,良,短い,フラット,14,スルーザゴールド,8,牡,3,杉原,美浦 青木,追い込み,57.0,524,0,0,0,9,100.4,99,,,15.0,2026-07-19,未勝利,0.0
9089,福島,1800,芝,良,短い,フラット,13,ピエナフェーヴル,7,牡,4,田辺,美浦 萱野,差し,58.0,458,-19,0,0,8,22.0,1,106.9,34.4,12.0,2026-07-19,未勝利,0.0
9089,福島,1800,芝,良,短い,フラット,3,スイートオレンジ,2,牝,4,菊沢,美浦 中川,先行,56.0,456,10,0,0,7,9.7,2,107.1,35.4,6.0,2026-07-19,未勝利,0.0
9089,福島,1800,芝,良,短い,フラット,6,ミッドセンチュリー,3,牡,4,嶋田,美浦 松山,追い込み,58.0,462,0,0,0,12,47.6,3,107.1,34.9,12.0,2026-07-19,未勝利,0.0
9089,福島,1800,芝,良,短い,フラット,9,モウエエデショー,5,牡,3,野中,美浦 萱野,先行,55.0,474,4,0,0,4,7.8,4,107.2,35.1,6.0,2026-07-19,未勝利,0.0
9089,福島,1800,芝,良,短い,フラット,7,リスレジャンデール,4,牝,3,杉原,美浦 栗田,逃げ,53.0,468,-2,0,0,5,8.7,5,107.3,35.5,4.0,2026-07-19,未勝利,0.0
9089,福島,1800,芝,良,短い,フラット,14,コズミックボックス,7,牝,3,武藤,美浦 中舘,逃げ,53.0,428,-2,0,0,13,53.9,6,107.4,36.1,1.0,2026-07-19,未勝利,0.0
9089,福島,1800,芝,良,短い,フラット,11,アレクレア,6,牝,4,松岡,美浦 蛯名利,先行,56.0,438,-2,0,0,14,176.0,7,107.5,35.5,8.0,2026-07-19,未勝利,0.0
9089,福島,1800,芝,良,短い,フラット,16,コスモアチーブ,8,牡,4,石神道,美浦 相沢,追い込み,56.0,472,2,0,0,10,37.2,8,107.5,35.1,14.0,2026-07-19,未勝利,0.0
9089,福島,1800,芝,良,短い,フラット,5,ポッドロルフ,3,牡,4,三浦,美浦 小野,差し,58.0,458,-4,0,0,9,35.1,9,107.6,35.6,8.0,2026-07-19,未勝利,0.0
9089,福島,1800,芝,良,短い,フラット,15,トーセンブリラーレ,8,牡,3,津村,美浦 小笠,逃げ,55.0,494,-16,0,0,2,5.4,10,107.7,36.3,2.0,2026-07-19,未勝利,0.0
9089,福島,1800,芝,良,短い,フラット,8,アメテュストス,4,牡,3,戸崎圭,美浦 加藤士,逃げ,55.0,452,-8,0,0,1,3.3,11,107.8,36.2,2.0,2026-07-19,未勝利,0.0
9089,福島,1800,芝,良,短い,フラット,2,ロスパレドネス,1,牡,3,坂井,美浦 木村,差し,55.0,500,10,0,0,3,7.0,12,107.8,35.7,11.0,2026-07-19,未勝利,0.0
9089,福島,1800,芝,良,短い,フラット,4,ジャグアール,2,牡,5,石橋脩,美浦 矢野,差し,58.0,462,-2,0,0,11,39.8,13,107.9,35.8,8.0,2026-07-19,未勝利,0.0
9089,福島,1800,芝,良,短い,フラット,12,ミエノストロング,6,牡,3,石川,美浦 上原佑,先行,55.0,468,0,0,0,6,9.1,14,108.8,37.2,4.0,2026-07-19,未勝利,0.0
9089,福島,1800,芝,良,短い,フラット,1,クラウンテック,1,牡,4,木幡育,美浦 松永康,追い込み,58.0,420,-28,0,0,15,571.3,15,109.3,36.6,16.0,2026-07-19,未勝利,0.0
9089,福島,1800,芝,良,短い,フラット,10,インヴェスター,5,セ,5,菅原隆,美浦 佐藤吉,追い込み,58.0,454,-14,0,0,16,770.0,16,109.5,36.8,15.0,2026-07-19,未勝利,0.0
9091,福島,1200,芝,良,短い,フラット,13,ハッピーエンジェル,7,牝,3,三浦,美浦 武市,逃げ,53.0,436,4,0,0,2,4.0,1,68.3,33.7,4.0,2026-07-19,2勝クラス,2.0
9091,福島,1200,芝,良,短い,フラット,8,セイウンデセオ,4,牝,5,菊沢,美浦 小手川,先行,56.0,500,2,0,0,6,19.7,2,68.6,33.6,8.0,2026-07-19,2勝クラス,2.0
9091,福島,1200,芝,良,短い,フラット,1,ガラベイヤ,1,牝,3,石川,美浦 加藤士,差し,53.0,436,2,0,0,3,5.1,3,68.7,33.5,11.0,2026-07-19,2勝クラス,2.0
9091,福島,1200,芝,良,短い,フラット,2,ダンケルド,1,セ,4,杉原,美浦 森一,逃げ,58.0,494,-16,0,0,11,38.1,4,68.8,34.3,2.0,2026-07-19,2勝クラス,2.0
9091,福島,1200,芝,良,短い,フラット,15,ロードトレゾール,8,牡,5,団野,栗東 清水久,逃げ,58.0,540,0,0,0,5,9.8,5,68.8,34.5,1.0,2026-07-19,2勝クラス,2.0
9091,福島,1200,芝,良,短い,フラット,3,ヴァンヴィーヴ,2,牡,5,戸崎圭,栗東 牧浦,差し,58.0,510,-4,0,0,1,3.9,6,68.8,33.8,8.0,2026-07-19,2勝クラス,2.0
9091,福島,1200,芝,良,短い,フラット,11,ファビュラススター,6,牡,5,原,美浦 大竹,差し,58.0,504,-4,0,0,8,27.3,7,69.1,34.2,8.0,2026-07-19,2勝クラス,2.0
9091,福島,1200,芝,良,短い,フラット,16,クレオズニードル,8,牝,4,野中,美浦 和田勇,逃げ,56.0,458,-22,0,0,16,123.3,8,69.2,34.8,2.0,2026-07-19,2勝クラス,2.0
9091,福島,1200,芝,良,短い,フラット,7,キョウエイボニータ,4,牝,4,松岡,美浦 伊藤伸,先行,56.0,456,-8,0,0,10,34.0,9,69.3,34.6,5.0,2026-07-19,2勝クラス,2.0
9091,福島,1200,芝,良,短い,フラット,5,マイネルラッシュ,3,牡,6,武藤,美浦 水野,差し,58.0,454,-8,0,0,15,117.3,10,69.3,33.8,11.0,2026-07-19,2勝クラス,2.0
9091,福島,1200,芝,良,短い,フラット,6,ヴェントゥーラ,3,牝,4,田辺,栗東 小栗,追い込み,56.0,488,4,0,0,4,6.2,11,69.4,33.9,16.0,2026-07-19,2勝クラス,2.0
9091,福島,1200,芝,良,短い,フラット,9,イグニション,5,牡,6,石橋脩,栗東 畑端,先行,58.0,468,4,0,0,13,68.8,12,69.5,34.7,7.0,2026-07-19,2勝クラス,2.0
9091,福島,1200,芝,良,短い,フラット,10,プリティディーヴァ,5,牝,4,坂井,美浦 田中博,追い込み,56.0,478,-4,0,0,12,45.6,13,69.8,34.6,13.0,2026-07-19,2勝クラス,2.0
9091,福島,1200,芝,良,短い,フラット,12,ルージュブリッツ,6,牝,3,津村,美浦 古賀慎,先行,53.0,438,-2,0,0,9,29.3,14,69.9,35.2,5.0,2026-07-19,2勝クラス,2.0
9091,福島,1200,芝,良,短い,フラット,4,カリーシ,2,牝,5,大野,美浦 武井,追い込み,56.0,444,-4,0,0,14,81.3,15,69.9,34.4,14.0,2026-07-19,2勝クラス,2.0
9091,福島,1200,芝,良,短い,フラット,14,ポッドデスペア,7,牡,3,荻野極,美浦 畠山,追い込み,55.0,484,8,0,0,7,20.4,16,72.9,37.7,14.0,2026-07-19,2勝クラス,2.0
9088,福島,2000,芝,良,短い,フラット,7,ルールーリマ,6,牝,4,荻野極,美浦 大竹,逃げ,56.0,422,-4,0,0,2,3.6,1,120.2,35.2,1.0,2026-07-19,2勝クラス,2.0
9088,福島,2000,芝,良,短い,フラット,4,アロンズロッド,4,牡,4,戸崎圭,美浦 宮田,先行,58.0,484,-6,0,0,1,2.8,2,120.2,34.7,6.0,2026-07-19,2勝クラス,2.0
9088,福島,2000,芝,良,短い,フラット,6,コスモイシュタル,5,牝,4,松岡,美浦 深山,先行,56.0,444,4,0,0,4,4.9,3,120.6,35.3,4.0,2026-07-19,2勝クラス,2.0
9088,福島,2000,芝,良,短い,フラット,10,クラヴァンス,7,牡,4,坂井,栗東 友道,逃げ,58.0,490,4,0,0,3,4.5,4,120.6,35.5,2.0,2026-07-19,2勝クラス,2.0
9088,福島,2000,芝,良,短い,フラット,12,バードウォッチャー,8,牡,5,津村,美浦 中舘,先行,58.0,476,2,0,0,6,23.2,5,121.2,35.9,4.0,2026-07-19,2勝クラス,2.0
9088,福島,2000,芝,良,短い,フラット,5,バセリーナ,5,牡,4,野中,美浦 松山,差し,58.0,466,2,0,0,9,87.1,6,121.2,35.6,8.0,2026-07-19,2勝クラス,2.0
9088,福島,2000,芝,良,短い,フラット,3,ビッグデイメイク,3,牝,4,柴田大,美浦 和田雄,差し,56.0,426,-4,0,0,12,387.7,7,121.2,35.4,8.0,2026-07-19,2勝クラス,2.0
9088,福島,2000,芝,良,短い,フラット,8,レッセパッセ,6,牝,5,原,美浦 柄崎,追い込み,56.0,398,4,0,0,8,34.9,8,121.5,35.6,10.0,2026-07-19,2勝クラス,2.0
9088,福島,2000,芝,良,短い,フラット,9,ヤマニンガラッシア,7,牡,9,木幡巧,美浦 辻,逃げ,58.0,450,4,0,0,5,20.0,9,121.8,36.7,2.0,2026-07-19,2勝クラス,2.0
9088,福島,2000,芝,良,短い,フラット,1,ジェットブレード,1,牡,4,菊沢,美浦 青木,差し,58.0,484,-16,0,0,7,23.7,10,121.8,36.4,6.0,2026-07-19,2勝クラス,2.0
9088,福島,2000,芝,良,短い,フラット,11,ヨシヒロ,8,牡,4,木幡育,美浦 松永康,追い込み,58.0,490,-4,0,0,11,199.3,11,121.8,36.1,12.0,2026-07-19,2勝クラス,2.0
9088,福島,2000,芝,良,短い,フラット,2,ゴーソーファー,2,牝,4,嶋田,美浦 手塚久,追い込み,56.0,476,-2,0,0,10,100.6,12,122.9,37.3,10.0,2026-07-19,2勝クラス,2.0
9092,福島,1150,ダート,良,短い,フラット,2,ジョーローリット,1,牝,5,武藤,栗東 中竹,逃げ,55.0,506,12,0,0,10,22.2,1,67.1,36.5,1.0,2026-07-19,オープン,4.0
9092,福島,1150,ダート,良,短い,フラット,7,ガビーズシスター,4,牝,5,戸崎圭,美浦 森一,差し,57.0,0,0,0,0,3,6.0,2,67.1,35.5,12.0,2026-07-19,オープン,4.0
9092,福島,1150,ダート,良,短い,フラット,14,ファムエレガンテ,7,牝,4,三浦,栗東 中村,逃げ,55.0,482,12,0,0,5,8.4,3,67.1,36.2,4.0,2026-07-19,オープン,4.0
9092,福島,1150,ダート,良,短い,フラット,1,メイショウホウレン,1,牡,5,坂井,栗東 安達,逃げ,58.0,518,-2,0,0,6,9.0,4,67.2,36.5,2.0,2026-07-19,オープン,4.0
9092,福島,1150,ダート,良,短い,フラット,13,ユキマル,7,牡,6,田辺,美浦 尾形,先行,57.0,500,4,0,0,2,4.9,5,67.4,36.3,6.0,2026-07-19,オープン,4.0
9092,福島,1150,ダート,良,短い,フラット,10,ゲッティヴィラ,5,牡,4,石川,栗東 小栗,先行,57.0,460,-4,0,0,13,82.9,6,67.5,36.0,8.0,2026-07-19,オープン,4.0
9092,福島,1150,ダート,良,短い,フラット,11,プレゼンティーア,6,牝,5,大野,栗東 田中克,逃げ,55.0,492,-4,0,0,8,15.8,7,67.5,36.8,3.0,2026-07-19,オープン,4.0
9092,福島,1150,ダート,良,短い,フラット,3,ロードアウォード,2,セ,6,津村,栗東 吉岡,先行,58.0,480,-6,0,0,9,20.8,8,67.8,36.9,4.0,2026-07-19,オープン,4.0
9092,福島,1150,ダート,良,短い,フラット,5,エコロアゼル,3,牡,4,団野,栗東 森秀,追い込み,57.0,532,-2,0,0,1,4.8,9,67.8,36.1,12.0,2026-07-19,オープン,4.0
9092,福島,1150,ダート,良,短い,フラット,12,グッジョブ,6,牡,6,菊沢,栗東 牧浦,追い込み,57.0,454,-12,0,0,12,48.5,10,67.9,35.6,15.0,2026-07-19,オープン,4.0
9092,福島,1150,ダート,良,短い,フラット,16,ルディック,8,牡,5,原,栗東 高野,差し,57.0,528,-2,0,0,11,28.0,11,68.1,36.8,8.0,2026-07-19,オープン,4.0
9092,福島,1150,ダート,良,短い,フラット,4,カズゴルティス,2,セ,5,小崎,栗東 西園翔,先行,57.0,488,0,0,0,15,179.7,12,68.2,37.0,6.0,2026-07-19,オープン,4.0
9092,福島,1150,ダート,良,短い,フラット,9,ジャスパーゴールド,5,セ,8,松岡,栗東 森秀,追い込み,58.0,462,-8,0,0,14,158.1,13,68.4,36.7,15.0,2026-07-19,オープン,4.0
9092,福島,1150,ダート,良,短い,フラット,15,ショウナンアビアス,8,牡,6,石橋脩,美浦 加藤士,差し,57.0,504,0,0,0,7,15.5,14,68.4,37.1,11.0,2026-07-19,オープン,4.0
9092,福島,1150,ダート,良,短い,フラット,6,ケイアイアニラ,3,牡,6,丸田,栗東 吉岡,追い込み,57.0,530,-6,0,0,16,181.6,15,69.2,37.9,12.0,2026-07-19,オープン,4.0
9092,福島,1150,ダート,良,短い,フラット,8,マニバドラ,4,牡,6,荻野極,栗東 森秀,差し,58.0,524,8,0,0,4,7.2,16,69.4,38.1,8.0,2026-07-19,オープン,4.0
9090,福島,1700,ダート,良,短い,フラット,11,エアトベーレ,6,牝,3,嶋田,美浦 手塚久,先行,53.0,416,-2,0,0,1,3.6,1,105.5,38.4,5.0,2026-07-19,未勝利,0.0
9090,福島,1700,ダート,良,短い,フラット,4,ジーティーブラック,3,牡,3,菊沢,美浦 菊沢,先行,55.0,518,2,0,0,7,13.5,2,105.6,38.2,7.0,2026-07-19,未勝利,0.0
9090,福島,1700,ダート,良,短い,フラット,6,サムシングニュー,4,牡,3,石神道,美浦 鹿戸,先行,53.0,486,6,0,0,5,9.5,3,106.3,39.2,5.0,2026-07-19,未勝利,0.0
9090,福島,1700,ダート,良,短い,フラット,10,ノーウェアマン,6,牡,3,田辺,美浦 浅利,逃げ,55.0,490,12,0,0,9,16.1,4,106.5,40.5,2.0,2026-07-19,未勝利,0.0
9090,福島,1700,ダート,良,短い,フラット,15,ヘルヴェティオス,8,牡,4,坂井,美浦 金成,逃げ,58.0,448,-6,0,0,3,6.6,5,106.9,40.0,3.0,2026-07-19,未勝利,0.0
9090,福島,1700,ダート,良,短い,フラット,12,ウインドワンピース,7,牡,6,野中,美浦 新開,差し,58.0,496,-8,0,0,14,268.9,6,107.0,39.0,10.0,2026-07-19,未勝利,0.0
9090,福島,1700,ダート,良,短い,フラット,2,メリーサウンド,2,牝,4,大野,美浦 小笠,追い込み,56.0,460,-10,0,0,11,162.5,7,107.0,38.7,12.0,2026-07-19,未勝利,0.0
9090,福島,1700,ダート,良,短い,フラット,5,ノアチュロス,3,牝,4,杉原,美浦 中舘,差し,56.0,484,16,0,0,12,163.0,8,107.4,39.9,9.0,2026-07-19,未勝利,0.0
9090,福島,1700,ダート,良,短い,フラット,9,キングプロフィット,5,牡,5,石田,美浦 天間,追い込み,55.0,486,0,0,0,15,284.9,9,107.8,39.1,14.0,2026-07-19,未勝利,0.0
9090,福島,1700,ダート,良,短い,フラット,3,ソナタン,2,牡,4,津村,美浦 和田勇,先行,58.0,460,-6,0,0,8,15.2,10,108.0,41.4,3.0,2026-07-19,未勝利,0.0
9090,福島,1700,ダート,良,短い,フラット,14,リポジノ,8,牝,4,小崎,美浦 秋本,逃げ,56.0,484,-4,0,0,6,9.6,11,108.0,42.0,1.0,2026-07-19,未勝利,0.0
9090,福島,1700,ダート,良,短い,フラット,13,カイトヴィント,7,牡,4,柴田大,美浦 和田雄,追い込み,58.0,492,-10,0,0,10,35.7,12,108.1,38.8,15.0,2026-07-19,未勝利,0.0
9090,福島,1700,ダート,良,短い,フラット,8,スーパーホース,5,セ,4,石川,美浦 堀内,差し,58.0,494,8,0,0,13,189.3,13,108.4,40.3,10.0,2026-07-19,未勝利,0.0
9090,福島,1700,ダート,良,短い,フラット,1,アルデキングダム,1,牡,3,横山典,美浦 村田,追い込み,55.0,482,10,0,0,4,7.0,14,108.6,40.4,12.0,2026-07-19,未勝利,0.0
9090,福島,1700,ダート,良,短い,フラット,7,イサチルシーキング,4,牡,3,木幡巧,美浦 辻,差し,55.0,532,-8,0,0,2,4.5,15,109.5,42.4,7.0,2026-07-19,未勝利,0.0
9093,小倉,1200,芝,良,短い,フラット,2,ハクサンテドリガワ,1,牝,3,松若,栗東 小崎,逃げ,55.0,434,-2,0,0,3,6.0,1,68.0,34.7,1.0,2026-07-19,未勝利,0.0
9093,小倉,1200,芝,良,短い,フラット,3,グレンセロース,2,牝,3,吉村,栗東 池添,逃げ,55.0,436,-6,0,0,4,10.3,2,68.1,34.6,3.0,2026-07-19,未勝利,0.0
9093,小倉,1200,芝,良,短い,フラット,5,ルナフィオーレ,3,牝,3,西村淳,栗東 庄野,逃げ,55.0,474,2,0,0,2,5.3,3,68.5,35.1,2.0,2026-07-19,未勝利,0.0
9093,小倉,1200,芝,良,短い,フラット,4,ショウナンライラ,2,牡,3,富田,栗東 松下,先行,57.0,466,2,0,0,10,57.9,4,68.5,34.7,5.0,2026-07-19,未勝利,0.0
9093,小倉,1200,芝,良,短い,フラット,9,ナデシコザクラ,5,牝,3,Ｍデム,栗東 秋山,先行,55.0,408,-10,0,0,8,45.2,5,68.6,34.5,8.0,2026-07-19,未勝利,0.0
9093,小倉,1200,芝,良,短い,フラット,6,カルロット,3,牡,3,松山,栗東 武幸,先行,57.0,500,-2,0,0,1,1.8,6,68.8,35.0,5.0,2026-07-19,未勝利,0.0
9093,小倉,1200,芝,良,短い,フラット,16,ルーセントムーン,8,牡,3,渡辺竜,栗東 高橋一,追い込み,57.0,478,-1,0,0,15,267.8,7,68.8,34.3,15.0,2026-07-19,未勝利,0.0
9093,小倉,1200,芝,良,短い,フラット,15,タマモマリアージュ,7,牝,3,角田和,栗東 井上,先行,55.0,428,-10,0,0,13,196.5,8,68.8,34.8,8.0,2026-07-19,未勝利,0.0
9093,小倉,1200,芝,良,短い,フラット,7,ケイアイブラック,4,牡,3,藤懸,栗東 梅田,差し,57.0,474,0,0,0,11,80.2,9,68.8,34.8,8.0,2026-07-19,未勝利,0.0
9093,小倉,1200,芝,良,短い,フラット,13,ヒッグスボソン,7,牡,3,秋山稔,栗東 高橋忠,差し,57.0,420,-6,0,0,6,16.9,10,68.8,34.4,11.0,2026-07-19,未勝利,0.0
9093,小倉,1200,芝,良,短い,フラット,17,ドゥボヌール,8,牝,3,永島,栗東 奥村豊,逃げ,53.0,402,-4,0,0,7,40.7,11,68.9,35.5,3.0,2026-07-19,未勝利,0.0
9093,小倉,1200,芝,良,短い,フラット,14,ホッコームジカ,7,牝,3,幸,栗東 飯田,差し,55.0,422,-4,0,0,9,53.0,12,69.2,34.5,13.0,2026-07-19,未勝利,0.0
9093,小倉,1200,芝,良,短い,フラット,1,トウカイジーク,1,牡,3,今村,栗東 野中,差し,55.0,428,-6,0,0,5,13.4,13,69.3,35.1,11.0,2026-07-19,未勝利,0.0
9093,小倉,1200,芝,良,短い,フラット,8,トウカイツバキ,4,牝,3,亀田,栗東 北出,追い込み,55.0,394,2,0,0,14,209.0,14,69.3,35.1,15.0,2026-07-19,未勝利,0.0
9093,小倉,1200,芝,良,短い,フラット,11,ムーンリットビーチ,6,牝,3,川端,栗東 西園翔,先行,52.0,446,6,0,0,12,84.0,15,69.4,35.7,5.0,2026-07-19,未勝利,0.0
9093,小倉,1200,芝,良,短い,フラット,18,レガリアーナ,8,牝,3,森田,栗東 安達,追い込み,52.0,376,0,0,0,18,472.4,16,69.8,35.6,13.0,2026-07-19,未勝利,0.0
9093,小倉,1200,芝,良,短い,フラット,12,スマイリングスカイ,6,牝,3,城戸,栗東 奥村豊,追い込み,55.0,492,2,0,0,16,401.3,17,70.0,35.6,15.0,2026-07-19,未勝利,0.0
9093,小倉,1200,芝,良,短い,フラット,10,クリノゴージャス,5,牝,3,太宰,栗東 荒川,追い込み,55.0,420,0,0,0,17,413.8,18,70.3,35.5,18.0,2026-07-19,未勝利,0.0
9094,小倉,1700,ダート,良,短い,フラット,12,テクノピーチ,6,牝,3,田山,栗東 橋口,逃げ,54.0,454,6,0,0,5,10.5,1,106.7,39.5,1.0,2026-07-19,未勝利,0.0
9094,小倉,1700,ダート,良,短い,フラット,14,エレーデサンライズ,7,牝,3,幸,栗東 平田,逃げ,55.0,454,-2,0,0,3,6.9,2,107.6,40.0,4.0,2026-07-19,未勝利,0.0
9094,小倉,1700,ダート,良,短い,フラット,6,メイショウメゴヒメ,3,牝,3,田口,栗東 大橋,先行,55.0,456,-4,0,0,2,4.4,3,107.7,39.5,6.0,2026-07-19,未勝利,0.0
9094,小倉,1700,ダート,良,短い,フラット,3,ルージュマデイラ,2,牝,3,富田,栗東 上村,先行,55.0,450,-6,0,0,4,10.2,4,108.2,40.6,4.0,2026-07-19,未勝利,0.0
9094,小倉,1700,ダート,良,短い,フラット,7,ヤマニンエルファバ,4,牝,3,高杉,栗東 千田,先行,55.0,472,16,0,0,1,2.7,5,108.2,40.2,6.0,2026-07-19,未勝利,0.0
9094,小倉,1700,ダート,良,短い,フラット,15,デアアテナ,8,牝,3,国分恭,栗東 田中克,逃げ,55.0,450,10,0,0,10,28.4,6,108.3,40.9,2.0,2026-07-19,未勝利,0.0
9094,小倉,1700,ダート,良,短い,フラット,11,ヒデガミティアラ,6,牝,3,森田,栗東 浜田,差し,52.0,410,4,0,0,13,79.1,7,108.7,40.1,9.0,2026-07-19,未勝利,0.0
9094,小倉,1700,ダート,良,短い,フラット,10,クレスコフェーヴ,5,牝,3,藤懸,栗東 羽月,追い込み,55.0,388,-18,0,0,14,132.1,8,109.0,40.0,13.0,2026-07-19,未勝利,0.0
9094,小倉,1700,ダート,良,短い,フラット,2,グリミスティ,1,牝,3,菱田,栗東 森田,差し,55.0,432,-4,0,0,8,22.5,9,109.1,40.4,11.0,2026-07-19,未勝利,0.0
9094,小倉,1700,ダート,良,短い,フラット,8,ハツアカネ,4,牝,3,松若,栗東 小崎,先行,55.0,478,-6,0,0,11,31.0,10,109.1,41.4,8.0,2026-07-19,未勝利,0.0
9094,小倉,1700,ダート,良,短い,フラット,16,エイシンキタールン,8,牝,3,吉村,栗東 野中,逃げ,55.0,508,-6,0,0,9,27.9,11,109.2,41.9,2.0,2026-07-19,未勝利,0.0
9094,小倉,1700,ダート,良,短い,フラット,13,スマイルガーデン,7,牝,3,西村淳,栗東 西村,差し,55.0,474,-10,0,0,6,13.8,12,110.0,41.9,10.0,2026-07-19,未勝利,0.0
9094,小倉,1700,ダート,良,短い,フラット,9,エンジェルグラース,5,牝,3,永島,栗東 高橋康,差し,53.0,420,-2,0,0,7,16.1,13,110.1,41.9,12.0,2026-07-19,未勝利,0.0
9094,小倉,1700,ダート,良,短い,フラット,4,カフジラクレット,2,牝,3,長岡,栗東 杉山佳,追い込み,55.0,460,-8,0,0,16,272.5,14,110.2,41.2,14.0,2026-07-19,未勝利,0.0
9094,小倉,1700,ダート,良,短い,フラット,1,ブライトベリル,1,牝,3,中井,栗東 中内田,追い込み,55.0,512,2,0,0,12,56.4,15,110.6,41.6,14.0,2026-07-19,未勝利,0.0
9094,小倉,1700,ダート,良,短い,フラット,5,ヴェルサイユローズ,3,牝,3,酒井,栗東 大久保,追い込み,55.0,434,8,0,0,15,271.9,16,113.7,44.9,16.0,2026-07-19,未勝利,0.0
9095,小倉,2000,芝,良,短い,フラット,8,ダンツウルス,5,牡,3,田口,栗東 谷,逃げ,57.0,462,0,0,0,2,3.5,1,120.9,35.5,2.0,2026-07-19,未勝利,0.0
9095,小倉,2000,芝,良,短い,フラット,3,ホウオウモチーヴ,3,牡,3,松山,栗東 矢作,逃げ,57.0,484,-10,0,0,3,5.9,2,120.9,35.6,3.0,2026-07-19,未勝利,0.0
9095,小倉,2000,芝,良,短い,フラット,11,アラムシャピラス,7,牡,3,川田,栗東 池江,逃げ,57.0,490,0,0,0,1,1.8,3,121.3,36.0,1.0,2026-07-19,未勝利,0.0
9095,小倉,2000,芝,良,短い,フラット,12,ブルーザー,7,牡,3,田山,栗東 池添,先行,56.0,496,2,0,0,4,7.9,4,121.6,36.0,5.0,2026-07-19,未勝利,0.0
9095,小倉,2000,芝,良,短い,フラット,13,ルクスディグニティ,8,牡,3,幸,栗東 昆,先行,57.0,452,-6,0,0,6,29.1,5,122.0,36.3,6.0,2026-07-19,未勝利,0.0
9095,小倉,2000,芝,良,短い,フラット,5,ヴィーラー,4,牝,3,富田,栗東 矢作,差し,55.0,420,-6,0,0,8,70.6,6,122.0,36.1,9.0,2026-07-19,未勝利,0.0
9095,小倉,2000,芝,良,短い,フラット,7,メイショウユウゲン,5,牡,3,森田,栗東 安達,先行,54.0,434,-2,0,0,12,267.8,7,122.0,36.7,3.0,2026-07-19,未勝利,0.0
9095,小倉,2000,芝,良,短い,フラット,9,ドットカモン,6,牡,3,西塚,栗東 笹田,追い込み,57.0,480,-4,0,0,10,155.9,8,122.4,36.2,12.0,2026-07-19,未勝利,0.0
9095,小倉,2000,芝,良,短い,フラット,2,カフジマリボー,2,牡,3,柴田裕,栗東 中竹,追い込み,55.0,460,2,0,0,13,394.9,9,122.7,36.7,11.0,2026-07-19,未勝利,0.0
9095,小倉,2000,芝,良,短い,フラット,4,レイワノキセキ,3,牡,3,高倉,栗東 本田,差し,57.0,464,2,0,0,7,69.6,10,122.9,37.0,9.0,2026-07-19,未勝利,0.0
9095,小倉,2000,芝,良,短い,フラット,6,ニテンイチリュウ,4,牡,3,永島,栗東 高橋康,先行,55.0,488,2,0,0,14,463.1,11,123.1,37.4,6.0,2026-07-19,未勝利,0.0
9095,小倉,2000,芝,良,短い,フラット,10,デルマタイセツ,6,牝,3,藤懸,栗東 庄野,差し,55.0,450,12,0,0,11,194.8,12,123.3,37.6,8.0,2026-07-19,未勝利,0.0
9095,小倉,2000,芝,良,短い,フラット,1,アクティブヘイロー,1,牡,3,コレッ,栗東 鈴木孝,追い込み,57.0,472,6,0,0,9,135.5,13,124.1,38.1,12.0,2026-07-19,未勝利,0.0
9095,小倉,2000,芝,良,短い,フラット,14,アイスフォーク,8,牡,3,Ｍデム,栗東 武幸,追い込み,57.0,498,0,0,0,5,17.9,99,,,14.0,2026-07-19,未勝利,0.0
9094,小倉,1700,ダート,良,短い,フラット,13,コズミックフレア,8,牝,3,幸,栗東 吉田,先行,55.0,464,-4,0,0,4,9.1,1,107.7,39.2,4.0,2026-07-19,未勝利,0.0
9094,小倉,1700,ダート,良,短い,フラット,6,リリーサンダー,4,牡,3,田山,栗東 緒方,逃げ,56.0,418,6,0,0,3,7.3,2,107.8,39.6,1.0,2026-07-19,未勝利,0.0
9094,小倉,1700,ダート,良,短い,フラット,11,レッドフレーザー,7,牡,3,松若,栗東 矢作,差し,57.0,494,-12,0,0,8,32.1,3,108.5,39.3,9.0,2026-07-19,未勝利,0.0
9094,小倉,1700,ダート,良,短い,フラット,9,ビーウィナー,6,牡,3,秋山稔,栗東 羽月,差し,57.0,548,10,0,0,14,254.4,4,108.6,39.3,9.0,2026-07-19,未勝利,0.0
9094,小倉,1700,ダート,良,短い,フラット,3,トゥレネヴェリテ,3,牡,3,柴田裕,栗東 中竹,先行,55.0,458,3,0,0,10,50.3,5,108.8,40.1,6.0,2026-07-19,未勝利,0.0
9094,小倉,1700,ダート,良,短い,フラット,1,テーオータウンズ,1,牡,3,高杉,栗東 藤岡健,逃げ,57.0,504,2,0,0,11,80.9,6,109.3,41.1,2.0,2026-07-19,未勝利,0.0
9094,小倉,1700,ダート,良,短い,フラット,5,アイアン,4,牡,3,Ｍデム,栗東 辻野,追い込み,57.0,430,-4,0,0,5,9.7,7,109.5,40.1,12.0,2026-07-19,未勝利,0.0
9094,小倉,1700,ダート,良,短い,フラット,2,テイエムファントム,2,牡,3,田口,栗東 鈴木孝,先行,57.0,484,-2,0,0,6,14.3,8,109.6,40.8,6.0,2026-07-19,未勝利,0.0
9094,小倉,1700,ダート,良,短い,フラット,4,フレアオブセンス,3,牡,3,西村淳,栗東 高野,追い込み,57.0,484,4,0,0,1,2.7,9,109.6,40.7,9.0,2026-07-19,未勝利,0.0
9094,小倉,1700,ダート,良,短い,フラット,14,サカトクフェイス,8,牡,3,長岡,栗東 今野,逃げ,57.0,448,4,0,0,12,94.3,10,109.7,41.5,3.0,2026-07-19,未勝利,0.0
9094,小倉,1700,ダート,良,短い,フラット,10,サトノライトニング,6,牡,3,コレッ,栗東 田中克,追い込み,57.0,482,0,0,0,9,34.6,11,110.0,40.4,13.0,2026-07-19,未勝利,0.0
9094,小倉,1700,ダート,良,短い,フラット,12,メイショウゲッコウ,7,牡,3,西塚,栗東 笹田,先行,57.0,476,0,0,0,7,19.3,12,110.0,41.6,5.0,2026-07-19,未勝利,0.0
9094,小倉,1700,ダート,良,短い,フラット,8,ウルトラハート,5,牡,3,角田和,栗東 中尾,差し,57.0,502,8,0,0,2,3.2,13,110.1,41.4,8.0,2026-07-19,未勝利,0.0
9094,小倉,1700,ダート,良,短い,フラット,7,テーオーレックス,5,牡,3,菱田,栗東 岡田,追い込み,57.0,458,-4,0,0,13,209.5,14,115.8,44.5,14.0,2026-07-19,未勝利,0.0
9093,小倉,1200,芝,良,短い,フラット,1,ピアストイヤーズ,1,牡,4,田山,栗東 小崎,差し,57.0,446,4,0,0,1,4.5,1,68.2,34.6,9.0,2026-07-19,未勝利,0.0
9093,小倉,1200,芝,良,短い,フラット,10,ダイアナクイーン,5,牝,4,酒井,栗東 高橋康,逃げ,56.0,500,-6,0,0,3,6.2,2,68.2,35.1,1.0,2026-07-19,未勝利,0.0
9093,小倉,1200,芝,良,短い,フラット,13,マウンテンバローズ,7,牡,3,コレッ,栗東 清水久,先行,55.0,542,10,0,0,8,15.1,3,68.3,34.5,7.0,2026-07-19,未勝利,0.0
9093,小倉,1200,芝,良,短い,フラット,2,ウェルカムソング,1,牡,3,松若,栗東 河嶋,逃げ,55.0,468,6,0,0,2,5.9,4,68.3,34.9,4.0,2026-07-19,未勝利,0.0
9093,小倉,1200,芝,良,短い,フラット,9,キョラムン,5,牝,4,太宰,栗東 石橋,差し,56.0,462,-2,0,0,7,10.9,5,68.4,34.6,12.0,2026-07-19,未勝利,0.0
9093,小倉,1200,芝,良,短い,フラット,5,アーリントンロウ,3,牡,4,西村淳,栗東 松下,先行,58.0,518,2,0,0,5,7.6,6,68.5,35.1,4.0,2026-07-19,未勝利,0.0
9093,小倉,1200,芝,良,短い,フラット,7,フィラーエ,4,牝,3,国分恭,栗東 高橋康,差し,53.0,450,-6,0,0,6,8.3,7,68.7,35.1,9.0,2026-07-19,未勝利,0.0
9093,小倉,1200,芝,良,短い,フラット,3,アスクザアメリカン,2,牡,4,富田,栗東 野中,追い込み,58.0,500,-2,0,0,16,170.3,8,68.9,35.1,12.0,2026-07-19,未勝利,0.0
9093,小倉,1200,芝,良,短い,フラット,11,ミライハーモニー,6,牝,5,今村,栗東 飯田,先行,54.0,418,0,0,0,4,6.4,9,69.0,35.6,4.0,2026-07-19,未勝利,0.0
9093,小倉,1200,芝,良,短い,フラット,14,レオナルドスター,7,セ,5,永島,栗東 秋山,先行,56.0,444,-8,0,0,10,36.3,10,69.1,35.5,7.0,2026-07-19,未勝利,0.0
9093,小倉,1200,芝,良,短い,フラット,6,ラブアイミー,3,牝,4,松山,栗東 森田,追い込み,56.0,410,6,0,0,11,38.7,11,69.1,35.0,14.0,2026-07-19,未勝利,0.0
9093,小倉,1200,芝,良,短い,フラット,4,ヒットザグラウンド,2,牝,4,吉村,栗東 四位,差し,56.0,452,-4,0,0,9,36.0,12,69.3,35.7,9.0,2026-07-19,未勝利,0.0
9093,小倉,1200,芝,良,短い,フラット,12,ペルフェツィオーネ,6,牡,5,長岡,栗東 杉山佳,追い込み,58.0,448,-6,0,0,15,157.7,13,69.5,35.1,15.0,2026-07-19,未勝利,0.0
9093,小倉,1200,芝,良,短い,フラット,17,イリスアスール,8,牝,5,田口,栗東 角田,逃げ,56.0,452,-6,0,0,12,48.6,14,69.6,36.4,2.0,2026-07-19,未勝利,0.0
9093,小倉,1200,芝,良,短い,フラット,16,バーケンティン,8,牡,5,Ｍデム,栗東 平田,追い込み,58.0,500,16,0,0,13,67.0,15,69.7,35.3,15.0,2026-07-19,未勝利,0.0
9093,小倉,1200,芝,良,短い,フラット,15,ソリスディエス,8,牡,4,菱田,栗東 小崎,逃げ,58.0,482,-4,0,0,14,93.0,16,70.5,37.3,2.0,2026-07-19,未勝利,0.0
9093,小倉,1200,芝,良,短い,フラット,8,タガノアルブラック,4,牝,3,幸,栗東 千田,追い込み,53.0,442,-6,0,0,0,0.0,99,,,,2026-07-19,未勝利,0.0
9096,小倉,1000,ダート,良,短い,フラット,12,ジャンシ,7,牡,3,コレッ,栗東 森秀,逃げ,55.0,476,8,0,0,10,59.6,1,58.3,35.6,2.0,2026-07-19,未勝利,0.0
9096,小倉,1000,ダート,良,短い,フラット,14,ミヤラティーニ,8,牝,3,松若,栗東 東田,逃げ,53.0,430,-6,0,0,9,25.3,2,58.3,35.6,2.0,2026-07-19,未勝利,0.0
9096,小倉,1000,ダート,良,短い,フラット,7,ペルセポネ,5,牝,3,吉村,栗東 渡辺,先行,53.0,474,-2,0,0,4,6.2,3,58.6,35.7,4.0,2026-07-19,未勝利,0.0
9096,小倉,1000,ダート,良,短い,フラット,1,アイカンアズーラ,1,牝,3,酒井,栗東 河嶋,先行,53.0,438,-4,0,0,2,4.6,4,58.8,35.7,4.0,2026-07-19,未勝利,0.0
9096,小倉,1000,ダート,良,短い,フラット,4,アメリカンビヨンド,3,牡,4,西塚,栗東 藤原,差し,58.0,528,2,0,0,6,12.0,5,58.8,35.2,10.0,2026-07-19,未勝利,0.0
9096,小倉,1000,ダート,良,短い,フラット,5,ヨドノゴールド,4,牡,8,角田和,栗東 橋田,先行,58.0,488,4,0,0,11,69.5,6,59.2,36.1,7.0,2026-07-19,未勝利,0.0
9096,小倉,1000,ダート,良,短い,フラット,11,スレッドザニードル,7,牡,4,国分恭,栗東 安達,差し,58.0,474,4,0,0,13,129.6,7,59.2,35.8,9.0,2026-07-19,未勝利,0.0
9096,小倉,1000,ダート,良,短い,フラット,6,サンライズジュピタ,4,牡,4,西村淳,栗東 石坂,追い込み,58.0,510,-8,0,0,7,16.6,8,59.5,35.6,13.0,2026-07-19,未勝利,0.0
9096,小倉,1000,ダート,良,短い,フラット,8,ナンヨークリスタル,5,セ,6,泉谷,栗東 松永幹,追い込み,58.0,490,-4,0,0,14,137.4,9,59.6,35.9,12.0,2026-07-19,未勝利,0.0
9096,小倉,1000,ダート,良,短い,フラット,10,プルミエールパス,6,牝,5,柴田裕,栗東 河嶋,先行,54.0,488,8,0,0,5,8.9,10,59.6,36.8,4.0,2026-07-19,未勝利,0.0
9096,小倉,1000,ダート,良,短い,フラット,13,ミヤフロント,8,牝,3,幸,栗東 斉藤崇,逃げ,53.0,456,4,0,0,8,23.1,11,60.0,37.4,1.0,2026-07-19,未勝利,0.0
9096,小倉,1000,ダート,良,短い,フラット,2,イイデカンタロウ,2,牡,5,菱田,栗東 北出,追い込み,58.0,522,8,0,0,12,70.8,12,60.1,36.6,10.0,2026-07-19,未勝利,0.0
9096,小倉,1000,ダート,良,短い,フラット,3,スマッシング,3,牝,3,田山,栗東 佐藤悠,差し,52.0,464,2,0,0,1,3.7,13,60.7,37.5,8.0,2026-07-19,未勝利,0.0
9096,小倉,1000,ダート,良,短い,フラット,9,ドラムメジャー,6,牝,3,松山,栗東 東田,追い込み,53.0,488,6,0,0,3,4.7,14,61.4,38.4,14.0,2026-07-19,未勝利,0.0
9097,小倉,1800,芝,良,短い,フラット,7,クスクス,7,牝,5,酒井,栗東 松下,逃げ,56.0,492,-6,0,0,3,7.0,1,109.2,34.4,1.0,2026-07-19,2勝クラス,2.0
9097,小倉,1800,芝,良,短い,フラット,3,タンテドヴィーヴル,3,牡,4,亀田,栗東 斉藤崇,先行,58.0,506,6,0,0,1,1.6,2,109.5,34.2,4.0,2026-07-19,2勝クラス,2.0
9097,小倉,1800,芝,良,短い,フラット,6,ゼンノインヴォーク,6,セ,7,松山,栗東 緒方,先行,58.0,446,-2,0,0,2,5.3,3,109.5,34.5,3.0,2026-07-19,2勝クラス,2.0
9097,小倉,1800,芝,良,短い,フラット,2,ヤマニンループ,2,牡,7,藤懸,栗東 松永幹,差し,58.0,456,6,0,0,6,13.0,4,109.7,34.2,6.0,2026-07-19,2勝クラス,2.0
9097,小倉,1800,芝,良,短い,フラット,1,キーウェーブ,1,牡,5,城戸,栗東 宮地,差し,58.0,436,-4,0,0,7,32.1,5,109.8,34.6,4.0,2026-07-19,2勝クラス,2.0
9097,小倉,1800,芝,良,短い,フラット,8,ユメハハテシナク,8,牡,6,松若,栗東 石坂,逃げ,58.0,484,-4,0,0,5,10.7,6,109.9,35.0,2.0,2026-07-19,2勝クラス,2.0
9097,小倉,1800,芝,良,短い,フラット,4,モアニ,4,牝,5,永島,栗東 高橋康,追い込み,56.0,476,2,0,0,4,9.1,7,110.0,34.5,6.0,2026-07-19,2勝クラス,2.0
9097,小倉,1800,芝,良,短い,フラット,5,ハイディージェン,5,セ,5,幸,栗東 森田,追い込み,58.0,470,-8,0,0,8,45.9,8,110.5,34.8,8.0,2026-07-19,2勝クラス,2.0
9094,小倉,1700,ダート,良,短い,フラット,4,グランキングオー,2,牡,4,渡辺竜,栗東 高橋康,逃げ,54.0,458,0,0,0,8,17.0,1,104.9,38.0,3.0,2026-07-19,3勝クラス,3.0
9094,小倉,1700,ダート,良,短い,フラット,1,ジューンエオス,1,牝,4,西村淳,栗東 武英,逃げ,54.0,496,-2,0,0,2,5.1,2,105.0,38.4,1.0,2026-07-19,3勝クラス,3.0
9094,小倉,1700,ダート,良,短い,フラット,7,プロミシングスター,4,牡,5,秋山稔,栗東 高橋忠,先行,54.0,452,0,0,0,11,24.4,3,105.2,37.9,6.0,2026-07-19,3勝クラス,3.0
9094,小倉,1700,ダート,良,短い,フラット,2,メイショウシナノ,1,牡,6,菱田,栗東 大橋,差し,55.0,496,-16,0,0,9,23.2,4,105.5,37.6,9.0,2026-07-19,3勝クラス,3.0
9094,小倉,1700,ダート,良,短い,フラット,13,レヴァンテシチー,7,牡,4,松山,栗東 柴田,差し,55.0,506,8,0,0,1,5.0,5,105.6,37.5,12.0,2026-07-19,3勝クラス,3.0
9094,小倉,1700,ダート,良,短い,フラット,15,インザモーメント,8,セ,5,高杉,栗東 田中克,先行,56.0,490,-10,0,0,13,33.4,6,105.7,38.3,8.0,2026-07-19,3勝クラス,3.0
9094,小倉,1700,ダート,良,短い,フラット,12,サイモンシュバリエ,6,牡,4,吉村,栗東 梅田,逃げ,56.0,500,4,0,0,7,12.6,7,105.8,39.0,3.0,2026-07-19,3勝クラス,3.0
9094,小倉,1700,ダート,良,短い,フラット,16,アレナパラシオ,8,牡,5,富田,栗東 四位,先行,56.0,470,4,0,0,3,5.8,8,106.2,39.1,6.0,2026-07-19,3勝クラス,3.0
9094,小倉,1700,ダート,良,短い,フラット,14,カルパ,7,牡,5,酒井,栗東 須貝,差し,55.0,448,-2,0,0,4,8.8,9,106.3,38.5,9.0,2026-07-19,3勝クラス,3.0
9094,小倉,1700,ダート,良,短い,フラット,8,モズカトレア,4,牝,4,田山,栗東 井上,逃げ,52.0,486,6,0,0,5,9.6,10,106.6,39.9,2.0,2026-07-19,3勝クラス,3.0
9094,小倉,1700,ダート,良,短い,フラット,6,カミノレアル,3,牡,4,田口,栗東 今野,追い込み,55.0,522,6,0,0,6,11.5,11,106.6,38.5,12.0,2026-07-19,3勝クラス,3.0
9094,小倉,1700,ダート,良,短い,フラット,5,テーオールビー,3,牝,5,藤懸,栗東 宮,先行,52.0,460,-4,0,0,14,39.6,12,106.7,39.8,3.0,2026-07-19,3勝クラス,3.0
9094,小倉,1700,ダート,良,短い,フラット,9,マッシャーブルム,5,牡,5,鮫島良,栗東 河嶋,差し,56.0,526,2,0,0,12,30.2,13,106.9,39.2,9.0,2026-07-19,3勝クラス,3.0
9094,小倉,1700,ダート,良,短い,フラット,3,ダノンスウィッチ,2,牡,5,松若,栗東 東田,追い込み,55.0,488,-6,0,0,10,23.8,14,107.5,39.2,14.0,2026-07-19,3勝クラス,3.0
9094,小倉,1700,ダート,良,短い,フラット,11,メイショウオーロラ,6,牝,6,高倉,栗東 本田,追い込み,51.0,522,4,0,0,16,78.7,15,107.6,38.1,16.0,2026-07-19,3勝クラス,3.0
9094,小倉,1700,ダート,良,短い,フラット,10,ナヴォーナ,5,牡,6,幸,栗東 矢作,追い込み,55.0,486,4,0,0,15,51.1,16,108.4,39.4,15.0,2026-07-19,3勝クラス,3.0
9095,小倉,2000,芝,良,短い,フラット,1,ゼンダンハヤブサ,1,牡,4,酒井,栗東 橋田,先行,52.0,442,-6,0,0,10,33.1,1,118.0,34.7,6.0,2026-07-19,G3,5.0
9095,小倉,2000,芝,良,短い,フラット,17,ジョバンニ,8,牡,4,コレッ,栗東 杉山晴,先行,57.5,474,4,0,0,1,2.6,2,118.1,34.9,6.0,2026-07-19,G3,5.0
9095,小倉,2000,芝,良,短い,フラット,18,レーゼドラマ,8,牝,4,松若,栗東 辻野,逃げ,55.5,468,-2,0,0,6,12.6,3,118.2,35.8,2.0,2026-07-19,G3,5.0
9095,小倉,2000,芝,良,短い,フラット,6,ガイアメンテ,3,牡,5,川田,栗東 須貝,逃げ,57.0,492,0,0,0,2,6.0,4,118.3,35.2,3.0,2026-07-19,G3,5.0
9095,小倉,2000,芝,良,短い,フラット,3,ナムラエイハブ,2,牡,5,田山,栗東 長谷川,逃げ,56.0,510,-4,0,0,12,48.1,5,118.4,35.7,3.0,2026-07-19,G3,5.0
9095,小倉,2000,芝,良,短い,フラット,9,ジーティーアダマン,5,牡,4,松山,栗東 上村,先行,57.0,500,-12,0,0,3,6.6,6,118.5,35.5,5.0,2026-07-19,G3,5.0
9095,小倉,2000,芝,良,短い,フラット,7,トータルクラリティ,4,セ,4,国分優,栗東 池添,逃げ,53.0,468,-8,0,0,17,265.0,7,118.6,36.3,1.0,2026-07-19,G3,5.0
9095,小倉,2000,芝,良,短い,フラット,14,ウエストナウ,7,牡,5,高杉,栗東 寺島,先行,57.5,504,8,0,0,5,11.4,8,118.7,35.3,8.0,2026-07-19,G3,5.0
9095,小倉,2000,芝,良,短い,フラット,2,タガノアビー,1,牝,4,幸,栗東 千田,先行,54.0,516,2,0,0,4,7.3,9,118.7,35.0,8.0,2026-07-19,G3,5.0
9095,小倉,2000,芝,良,短い,フラット,10,マイネルメモリー,5,牡,6,菱田,栗東 宮,差し,54.0,456,-8,0,0,11,47.5,10,118.8,34.8,13.0,2026-07-19,G3,5.0
9095,小倉,2000,芝,良,短い,フラット,8,サフィラ,4,牝,5,西村淳,栗東 池添,差し,55.5,468,-8,0,0,8,20.8,11,119.1,35.7,8.0,2026-07-19,G3,5.0
9095,小倉,2000,芝,良,短い,フラット,12,ケイズレーヴ,6,牡,4,渡辺竜,地方 榎屋充,追い込み,56.0,418,-4,0,0,16,191.5,12,119.3,35.0,16.0,2026-07-19,G3,5.0
9095,小倉,2000,芝,良,短い,フラット,11,カネフラ,6,牡,6,富田,栗東 高橋康,追い込み,53.0,446,-6,0,0,14,134.7,13,119.4,35.5,15.0,2026-07-19,G3,5.0
9095,小倉,2000,芝,良,短い,フラット,4,コパノサントス,2,牡,6,藤懸,栗東 梅田,追い込み,53.0,480,-4,0,0,15,159.9,14,119.4,35.8,13.0,2026-07-19,G3,5.0
9095,小倉,2000,芝,良,短い,フラット,13,カエルム,7,牡,5,Ｍデム,栗東 安田,差し,52.0,464,-8,0,0,13,50.2,15,119.4,35.4,11.0,2026-07-19,G3,5.0
9095,小倉,2000,芝,良,短い,フラット,16,ノーランサンライズ,8,牝,4,今村,栗東 佐藤悠,差し,50.0,510,8,0,0,9,29.1,16,119.8,36.2,11.0,2026-07-19,G3,5.0
9095,小倉,2000,芝,良,短い,フラット,15,テーオーソラネル,7,牡,7,田口,栗東 須貝,追い込み,55.0,502,-2,0,0,18,308.8,17,120.6,36.3,17.0,2026-07-19,G3,5.0
9095,小倉,2000,芝,良,短い,フラット,5,エヒト,3,牡,9,吉村,栗東 森秀,追い込み,58.0,468,2,0,0,7,19.3,99,,,13.0,2026-07-19,G3,5.0
9097,小倉,1800,芝,良,短い,フラット,7,ミッキージャンプ,7,牡,3,高杉,栗東 池江,差し,55.0,464,4,0,0,1,2.2,1,106.5,35.6,5.0,2026-07-19,1勝クラス,1.0
9097,小倉,1800,芝,良,短い,フラット,2,ヴィーナスバブル,2,牝,4,松若,栗東 東田,先行,56.0,436,-4,0,0,7,38.4,2,107.1,36.1,3.0,2026-07-19,1勝クラス,1.0
9097,小倉,1800,芝,良,短い,フラット,4,ロングトールサリー,4,牝,3,西村淳,栗東 福永,先行,53.0,494,4,0,0,2,2.4,3,107.2,36.5,3.0,2026-07-19,1勝クラス,1.0
9097,小倉,1800,芝,良,短い,フラット,6,オーシンエス,6,牡,4,渡辺竜,栗東 宮,差し,58.0,490,8,0,0,5,19.5,4,107.4,36.3,5.0,2026-07-19,1勝クラス,1.0
9097,小倉,1800,芝,良,短い,フラット,9,ゼットエイト,8,牡,4,森田,栗東 宮地,追い込み,58.0,464,4,0,0,8,45.7,5,107.8,36.7,7.0,2026-07-19,1勝クラス,1.0
9097,小倉,1800,芝,良,短い,フラット,1,アウローラシエル,1,牡,6,幸,栗東 森田,逃げ,58.0,506,-8,0,0,6,36.8,6,108.1,38.7,1.0,2026-07-19,1勝クラス,1.0
9097,小倉,1800,芝,良,短い,フラット,8,グラスベルグ,8,牝,3,亀田,栗東 斉藤崇,追い込み,53.0,422,2,0,0,3,7.3,7,108.2,37.1,8.0,2026-07-19,1勝クラス,1.0
9097,小倉,1800,芝,良,短い,フラット,5,フレイムスター,5,牡,3,吉村,栗東 清水久,逃げ,55.0,516,-10,0,0,4,7.5,8,109.0,39.0,2.0,2026-07-19,1勝クラス,1.0
9097,小倉,1800,芝,良,短い,フラット,3,ブリッツアロング,3,牡,4,菱田,美浦 上原博,追い込み,58.0,500,-4,0,0,9,118.5,9,110.5,39.0,9.0,2026-07-19,1勝クラス,1.0
9098,函館,1000,ダート,不良,短い,フラット,7,ミスチヴマリアンヌ,7,牝,3,佐々木,美浦 小野,逃げ,55.0,436,-4,0,0,4,12.8,1,58.7,35.6,2.0,2026-07-19,未勝利,0.0
9098,函館,1000,ダート,不良,短い,フラット,4,ジャーナーリア,4,牡,3,池添,栗東 本田,先行,57.0,528,0,0,0,1,2.1,2,59.0,35.8,3.0,2026-07-19,未勝利,0.0
9098,函館,1000,ダート,不良,短い,フラット,1,デルマハルナ,1,牝,3,和田陽,美浦 天間,差し,52.0,462,-4,0,0,8,44.9,3,59.5,36.0,6.0,2026-07-19,未勝利,0.0
9098,函館,1000,ダート,不良,短い,フラット,8,エコロセレナ,7,牝,3,斎藤,美浦 斎藤誠,先行,55.0,470,0,0,0,2,2.7,4,59.5,36.2,5.0,2026-07-19,未勝利,0.0
9098,函館,1000,ダート,不良,短い,フラット,2,ラブデウザ,2,牝,3,河原田,美浦 加藤和,逃げ,51.0,398,-2,0,0,7,37.2,5,59.6,36.7,1.0,2026-07-19,未勝利,0.0
9098,函館,1000,ダート,不良,短い,フラット,10,トルークマクト,8,牝,3,鷲頭,栗東 福永,差し,53.0,448,-4,0,0,3,6.1,6,59.8,36.3,6.0,2026-07-19,未勝利,0.0
9098,函館,1000,ダート,不良,短い,フラット,6,ホワイトラバーズ,6,牝,3,古川吉,栗東 大根田,追い込み,55.0,478,-8,0,0,6,24.8,7,60.0,36.3,8.0,2026-07-19,未勝利,0.0
9098,函館,1000,ダート,不良,短い,フラット,5,ミスマラッカ,5,牝,3,丹内,美浦 本間,先行,55.0,442,-2,0,0,5,16.2,8,60.1,37.1,3.0,2026-07-19,未勝利,0.0
9098,函館,1000,ダート,不良,短い,フラット,9,アルマフレイヤ,8,牝,3,遠藤,美浦 伊藤伸,追い込み,52.0,396,-4,0,0,10,102.6,9,60.1,36.2,9.0,2026-07-19,未勝利,0.0
9098,函館,1000,ダート,不良,短い,フラット,3,ハネマン,3,牝,3,原田和,美浦 伊坂,追い込み,55.0,420,-10,0,0,9,97.9,10,60.3,36.0,10.0,2026-07-19,未勝利,0.0
9099,函館,1700,ダート,不良,短い,フラット,9,ブレイズランナー,6,牡,3,長浜,美浦 蛯名正,先行,56.0,480,2,0,0,2,5.0,1,104.5,37.5,6.0,2026-07-19,未勝利,0.0
9099,函館,1700,ダート,不良,短い,フラット,3,ルージュリヴィエラ,3,牝,3,横山和,美浦 嘉藤,逃げ,55.0,402,-8,0,0,4,5.7,2,104.5,38.2,3.0,2026-07-19,未勝利,0.0
9099,函館,1700,ダート,不良,短い,フラット,11,ホウオウファラオ,7,牡,3,岩田康,美浦 奥村武,逃げ,57.0,476,0,0,0,3,5.0,3,104.8,38.8,1.0,2026-07-19,未勝利,0.0
9099,函館,1700,ダート,不良,短い,フラット,1,サクセスゴールド,1,牡,3,吉田隼,美浦 久保田,先行,57.0,478,0,0,0,8,24.4,4,105.0,38.3,4.0,2026-07-19,未勝利,0.0
9099,函館,1700,ダート,不良,短い,フラット,2,デルマバンダイサン,2,牡,3,松本,栗東 井上,先行,57.0,456,7,0,0,6,8.9,5,105.8,38.7,7.0,2026-07-19,未勝利,0.0
9099,函館,1700,ダート,不良,短い,フラット,4,ロジクリスエス,3,セ,3,黛,美浦 新開,差し,57.0,480,2,0,0,10,67.2,6,105.9,38.4,10.0,2026-07-19,未勝利,0.0
9099,函館,1700,ダート,不良,短い,フラット,12,スマートコーラル,7,牝,3,舟山,栗東 石坂,逃げ,54.0,498,8,0,0,5,8.5,7,106.0,40.0,2.0,2026-07-19,未勝利,0.0
9099,函館,1700,ダート,不良,短い,フラット,5,マスカルポーネ,4,牝,3,丹内,美浦 水野,差し,55.0,440,-2,0,0,9,40.2,8,106.2,39.1,9.0,2026-07-19,未勝利,0.0
9099,函館,1700,ダート,不良,短い,フラット,8,トーレス,5,牡,3,古川吉,栗東 秋山,追い込み,57.0,462,-2,0,0,14,347.6,9,106.6,38.6,12.0,2026-07-19,未勝利,0.0
9099,函館,1700,ダート,不良,短い,フラット,7,キセログラフィカ,5,牡,3,佐々木,美浦 大和田,先行,57.0,510,8,0,0,7,12.7,10,106.7,40.3,4.0,2026-07-19,未勝利,0.0
9099,函館,1700,ダート,不良,短い,フラット,13,ニシノモリミチ,8,牡,3,横山武,美浦 高木,差し,57.0,484,2,0,0,1,3.7,11,107.0,40.5,7.0,2026-07-19,未勝利,0.0
9099,函館,1700,ダート,不良,短い,フラット,10,ドゥブルヴェ,6,牝,3,河原田,栗東 池添,追い込み,51.0,476,-10,0,0,13,185.4,12,107.2,39.2,14.0,2026-07-19,未勝利,0.0
9099,函館,1700,ダート,不良,短い,フラット,14,ダイユウアドバンス,8,牝,3,斎藤,美浦 松永康,追い込み,55.0,510,10,0,0,12,129.4,13,107.3,40.4,10.0,2026-07-19,未勝利,0.0
9099,函館,1700,ダート,不良,短い,フラット,6,キヨタリート,4,牡,3,落合玄,栗東 小崎,追い込み,57.0,508,-6,0,0,11,82.0,14,107.5,40.0,12.0,2026-07-19,未勝利,0.0
9100,函館,2000,芝,重,短い,フラット,8,レイヌドプランタン,6,牝,3,横山琉,美浦 矢嶋,先行,55.0,426,-2,0,0,9,20.1,1,123.3,36.1,5.0,2026-07-19,未勝利,0.0
9100,函館,2000,芝,重,短い,フラット,3,ウインカトリーヌ,3,牝,3,横山武,栗東 西園翔,逃げ,55.0,508,8,0,0,2,5.8,2,123.6,37.1,1.0,2026-07-19,未勝利,0.0
9100,函館,2000,芝,重,短い,フラット,11,マコトアディントン,7,牡,3,丹内,栗東 前川,追い込み,57.0,426,-8,0,0,4,7.3,3,124.0,36.4,11.0,2026-07-19,未勝利,0.0
9100,函館,2000,芝,重,短い,フラット,7,ギオンバヤシ,5,牡,3,武豊,栗東 鈴木孝,追い込み,57.0,430,-2,0,0,1,2.8,4,124.2,36.6,11.0,2026-07-19,未勝利,0.0
9100,函館,2000,芝,重,短い,フラット,1,フクチャンブラック,1,牡,3,松本,栗東 高橋康,逃げ,57.0,482,2,0,0,12,109.0,5,124.3,37.4,3.0,2026-07-19,未勝利,0.0
9100,函館,2000,芝,重,短い,フラット,2,プリュイドール,2,牝,3,古川奈,栗東 矢作,先行,53.0,462,-4,0,0,7,14.1,6,124.3,37.4,3.0,2026-07-19,未勝利,0.0
9100,函館,2000,芝,重,短い,フラット,5,ヤクジョ,4,牡,3,原田和,美浦 松永康,先行,57.0,450,-2,0,0,13,129.5,7,124.6,37.3,5.0,2026-07-19,未勝利,0.0
9100,函館,2000,芝,重,短い,フラット,6,ワダツミ,5,牝,3,和田陽,栗東 笹田,差し,52.0,448,2,0,0,6,13.9,8,124.7,37.5,8.0,2026-07-19,未勝利,0.0
9100,函館,2000,芝,重,短い,フラット,9,コスモブラック,6,牡,3,池添,栗東 武英,差し,57.0,474,0,0,0,10,24.1,9,124.7,37.3,8.0,2026-07-19,未勝利,0.0
9100,函館,2000,芝,重,短い,フラット,10,シークレットシティ,7,牡,3,斎藤,美浦 辻,逃げ,57.0,450,0,0,0,5,8.1,10,125.6,39.0,2.0,2026-07-19,未勝利,0.0
9100,函館,2000,芝,重,短い,フラット,12,フローレンスフーガ,8,牡,3,横山和,栗東 四位,差し,57.0,482,4,0,0,3,7.3,11,125.7,38.6,5.0,2026-07-19,未勝利,0.0
9100,函館,2000,芝,重,短い,フラット,4,フィエスタ,4,牝,3,鮫島駿,栗東 西村,追い込み,55.0,432,4,0,0,11,85.8,12,127.2,39.8,13.0,2026-07-19,未勝利,0.0
9100,函館,2000,芝,重,短い,フラット,13,コティノス,8,牡,3,舟山,栗東 須貝,追い込み,56.0,474,2,0,0,8,15.5,13,127.4,40.7,8.0,2026-07-19,未勝利,0.0
1028,函館,1200,芝,重,短い,フラット,1,コスモファーブロス,1,牝,3,横山武,栗東 吉田,逃げ,55.0,422,-4,0,0,2,3.4,1,70.7,36.3,1.0,2026-07-19,未勝利,0.0
1028,函館,1200,芝,重,短い,フラット,9,リネアベルタ,5,牝,3,岩田康,栗東 宮地,逃げ,55.0,422,-4,0,0,5,14.0,2,70.9,35.9,3.0,2026-07-19,未勝利,0.0
1028,函館,1200,芝,重,短い,フラット,10,マメーアップル,5,牝,3,横山琉,美浦 岩戸,逃げ,55.0,434,-4,0,0,1,2.8,3,70.9,36.1,2.0,2026-07-19,未勝利,0.0
1028,函館,1200,芝,重,短い,フラット,2,セイカユウヒ,1,牡,3,佐々木,美浦 石栗,先行,57.0,408,-2,0,0,12,44.7,4,71.0,35.7,5.0,2026-07-19,未勝利,0.0
1028,函館,1200,芝,重,短い,フラット,5,ソワンドヴィクター,3,牝,3,長浜,美浦 高橋文,差し,54.0,408,-2,0,0,6,17.4,5,71.0,34.9,11.0,2026-07-19,未勝利,0.0
1028,函館,1200,芝,重,短い,フラット,8,アウェイクネス,4,牝,3,古川奈,栗東 前川,差し,53.0,440,2,0,0,15,110.7,6,71.1,35.7,9.0,2026-07-19,未勝利,0.0
1028,函館,1200,芝,重,短い,フラット,12,クープグラッセ,6,牝,3,池添,栗東 岡田,先行,55.0,430,2,0,0,7,19.8,7,71.2,36.0,5.0,2026-07-19,未勝利,0.0
1028,函館,1200,芝,重,短い,フラット,3,ライトオブジアース,2,牝,3,丹内,栗東 松永幹,逃げ,55.0,498,-2,0,0,3,7.1,8,71.4,36.5,3.0,2026-07-19,未勝利,0.0
1028,函館,1200,芝,重,短い,フラット,6,マリノリュミエール,3,牝,3,河原田,美浦 村田,差し,51.0,456,2,0,0,4,10.2,9,71.5,35.7,10.0,2026-07-19,未勝利,0.0
1028,函館,1200,芝,重,短い,フラット,4,ノブピースオブラブ,2,セ,3,斎藤,美浦 小島,先行,57.0,462,-6,0,0,14,102.8,10,72.2,37.0,5.0,2026-07-19,未勝利,0.0
1028,函館,1200,芝,重,短い,フラット,11,リアライズブルーム,6,牝,3,舟山,栗東 須貝,追い込み,54.0,486,-4,0,0,8,25.0,11,72.5,36.2,16.0,2026-07-19,未勝利,0.0
1028,函館,1200,芝,重,短い,フラット,16,ディサイドオンミー,8,牝,3,古川吉,美浦 堀内,差し,55.0,414,-2,0,0,9,28.9,12,72.6,36.9,12.0,2026-07-19,未勝利,0.0
1028,函館,1200,芝,重,短い,フラット,7,スカイプレリュード,4,牡,3,遠藤,美浦 室井,追い込み,54.0,472,-6,0,0,16,158.9,13,72.6,36.8,12.0,2026-07-19,未勝利,0.0
1028,函館,1200,芝,重,短い,フラット,14,トゥルージョワ,7,牡,3,鷲頭,栗東 福永,追い込み,55.0,494,4,0,0,10,30.0,14,72.8,36.9,15.0,2026-07-19,未勝利,0.0
1028,函館,1200,芝,重,短い,フラット,15,チェサピークベイ,8,牡,3,小沢,栗東 中内田,追い込み,57.0,478,0,0,0,11,40.5,15,73.2,37.9,12.0,2026-07-19,未勝利,0.0
1028,函館,1200,芝,重,短い,フラット,13,ジューンマロン,7,牝,3,吉田隼,栗東 武英,先行,55.0,442,2,0,0,13,97.8,16,73.6,38.7,5.0,2026-07-19,未勝利,0.0
9099,函館,1700,ダート,不良,短い,フラット,4,プリンセスアツコ,3,牝,3,鮫島駿,栗東 河嶋,逃げ,53.0,420,2,0,0,1,3.3,1,103.1,36.9,2.0,2026-07-19,未勝利,0.0
9099,函館,1700,ダート,不良,短い,フラット,6,ビーチイン,4,牝,3,横山和,美浦 和田勇,先行,53.0,420,0,0,0,3,4.5,2,103.1,35.9,4.0,2026-07-19,未勝利,0.0
9099,函館,1700,ダート,不良,短い,フラット,10,ゴールドドレッサ,6,牝,3,横山武,美浦 中川,先行,53.0,440,2,0,0,7,23.1,3,104.1,37.4,4.0,2026-07-19,未勝利,0.0
9099,函館,1700,ダート,不良,短い,フラット,9,ミリオンアップ,6,牝,3,河原田,栗東 野中,先行,50.0,458,4,0,0,8,38.5,4,104.2,37.4,6.0,2026-07-19,未勝利,0.0
9099,函館,1700,ダート,不良,短い,フラット,14,ヴァレンティーニ,8,牝,3,吉田隼,美浦 新開,逃げ,53.0,484,0,0,0,2,4.4,5,104.5,38.0,3.0,2026-07-19,未勝利,0.0
9099,函館,1700,ダート,不良,短い,フラット,2,ライラックデューン,2,牝,4,和田陽,栗東 緒方,差し,53.0,464,-2,0,0,13,111.3,6,104.5,37.4,9.0,2026-07-19,未勝利,0.0
9099,函館,1700,ダート,不良,短い,フラット,7,ジーティーアリア,5,牝,3,北村友,栗東 田中克,逃げ,53.0,446,-4,0,0,4,5.4,7,104.6,38.3,1.0,2026-07-19,未勝利,0.0
9099,函館,1700,ダート,不良,短い,フラット,5,ブーケドグレイス,4,牝,5,横山琉,美浦 相沢,追い込み,56.0,468,-10,0,0,11,87.9,8,104.9,37.4,13.0,2026-07-19,未勝利,0.0
9099,函館,1700,ダート,不良,短い,フラット,1,フェニーチェドーロ,1,牝,4,荻野琢,栗東 宮本,追い込み,56.0,472,0,0,0,12,103.9,9,104.9,37.7,13.0,2026-07-19,未勝利,0.0
9099,函館,1700,ダート,不良,短い,フラット,12,リピース,7,牝,3,鷲頭,栗東 前川,先行,51.0,422,-6,0,0,5,8.9,10,105.3,39.0,6.0,2026-07-19,未勝利,0.0
9099,函館,1700,ダート,不良,短い,フラット,11,ストラニエーロ,7,牝,4,佐々木,美浦 尾関,差し,56.0,460,7,0,0,9,44.3,11,106.0,38.9,10.0,2026-07-19,未勝利,0.0
9099,函館,1700,ダート,不良,短い,フラット,8,クッカユフラ,5,牝,3,斎藤,美浦 池上,追い込み,53.0,444,-2,0,0,10,80.9,12,106.1,39.5,10.0,2026-07-19,未勝利,0.0
9099,函館,1700,ダート,不良,短い,フラット,3,ゴールドヴィーナス,3,牝,3,松本,栗東 森秀,差し,53.0,462,4,0,0,6,14.2,13,107.3,40.7,6.0,2026-07-19,未勝利,0.0
9099,函館,1700,ダート,不良,短い,フラット,13,スタンピー,8,牝,4,黛,美浦 深山,追い込み,56.0,462,-6,0,0,14,371.4,14,108.0,41.2,12.0,2026-07-19,未勝利,0.0
9098,函館,1000,ダート,不良,短い,フラット,8,フレンズプラス,7,牝,3,荻野琢,栗東 宮本,差し,53.0,412,6,0,0,5,7.7,1,58.0,33.9,7.0,2026-07-19,未勝利,0.0
9098,函館,1000,ダート,不良,短い,フラット,4,ワイドデコラシオン,4,牡,4,横山武,栗東 辻野,先行,58.0,510,0,0,0,2,5.4,2,58.1,34.6,5.0,2026-07-19,未勝利,0.0
9098,函館,1000,ダート,不良,短い,フラット,5,グレイトソン,5,牡,3,和田陽,栗東 鈴木孝,逃げ,52.0,454,-6,0,0,4,6.8,3,58.1,35.1,2.0,2026-07-19,未勝利,0.0
9098,函館,1000,ダート,不良,短い,フラット,1,レストプレドゥモア,1,牝,4,小沢,栗東 小林,先行,56.0,472,2,0,0,6,8.9,4,58.2,35.0,4.0,2026-07-19,未勝利,0.0
9098,函館,1000,ダート,不良,短い,フラット,3,イングラム,3,牡,3,舟山,栗東 千田,逃げ,54.0,486,-12,0,0,1,2.4,5,58.5,35.6,1.0,2026-07-19,未勝利,0.0
9098,函館,1000,ダート,不良,短い,フラット,7,グッバイウェーブ,7,牝,4,丹内,美浦 中川,先行,56.0,460,2,0,0,9,35.4,6,58.6,35.5,3.0,2026-07-19,未勝利,0.0
9098,函館,1000,ダート,不良,短い,フラット,9,メイショウハッブル,8,牡,5,河原田,栗東 石橋,差し,54.0,484,-2,0,0,8,24.1,7,58.7,34.9,6.0,2026-07-19,未勝利,0.0
9098,函館,1000,ダート,不良,短い,フラット,2,プレザントトーン,2,牝,3,佐々木,美浦 秋本,追い込み,53.0,482,2,0,0,10,164.0,8,58.9,34.6,10.0,2026-07-19,未勝利,0.0
9098,函館,1000,ダート,不良,短い,フラット,6,キャンドルマス,6,牡,5,武豊,栗東 小崎,追い込み,58.0,504,0,0,0,3,6.8,9,58.9,34.7,7.0,2026-07-19,未勝利,0.0
9098,函館,1000,ダート,不良,短い,フラット,10,タイセイモノリス,8,牡,3,横山和,美浦 栗田,追い込み,55.0,476,-4,0,0,7,23.4,10,59.1,35.2,7.0,2026-07-19,未勝利,0.0
9101,函館,1800,芝,重,短い,フラット,9,モンローウォーク,6,牝,3,横山和,栗東 上村,逃げ,53.0,452,0,0,0,1,1.5,1,108.4,35.4,2.0,2026-07-19,2勝クラス,2.0
9101,函館,1800,芝,重,短い,フラット,4,アストリル,4,牝,3,丹内,美浦 鈴木慎,先行,53.0,456,8,0,0,2,5.1,2,109.0,35.6,5.0,2026-07-19,2勝クラス,2.0
9101,函館,1800,芝,重,短い,フラット,6,ロートホルン,5,牝,4,斎藤,美浦 加藤征,逃げ,56.0,478,2,0,0,4,11.7,3,109.2,36.4,1.0,2026-07-19,2勝クラス,2.0
9101,函館,1800,芝,重,短い,フラット,1,レーヴドロペラ,1,牝,4,鮫島駿,美浦 加藤士,逃げ,56.0,472,4,0,0,5,18.9,4,109.4,36.2,3.0,2026-07-19,2勝クラス,2.0
9101,函館,1800,芝,重,短い,フラット,2,マイスターヴェルク,2,牝,4,横山武,美浦 勢司,差し,56.0,516,-6,0,0,3,6.5,5,109.6,35.6,9.0,2026-07-19,2勝クラス,2.0
9101,函館,1800,芝,重,短い,フラット,3,ハニードレス,3,牝,4,古川吉,美浦 牧,先行,56.0,448,8,0,0,9,48.9,6,109.8,36.4,5.0,2026-07-19,2勝クラス,2.0
9101,函館,1800,芝,重,短い,フラット,10,マドモアゼルアスク,7,牝,4,武豊,栗東 藤原,差し,56.0,452,8,0,0,7,36.8,7,110.0,36.8,5.0,2026-07-19,2勝クラス,2.0
9101,函館,1800,芝,重,短い,フラット,12,エリム,8,牝,6,原田和,美浦 上原博,差し,56.0,456,-4,0,0,13,582.7,8,110.0,36.3,8.0,2026-07-19,2勝クラス,2.0
9101,函館,1800,芝,重,短い,フラット,13,トレミニョン,8,牝,5,松本,美浦 和田勇,追い込み,56.0,478,-2,0,0,10,58.8,9,110.0,35.8,10.0,2026-07-19,2勝クラス,2.0
9101,函館,1800,芝,重,短い,フラット,11,エーデル,7,牝,5,佐々木,美浦 金成,追い込み,56.0,464,0,0,0,11,167.3,10,110.3,36.3,10.0,2026-07-19,2勝クラス,2.0
9101,函館,1800,芝,重,短い,フラット,8,ハートメテオ,6,牝,4,池添,栗東 笹田,先行,56.0,450,0,0,0,8,40.5,11,111.1,38.0,3.0,2026-07-19,2勝クラス,2.0
9101,函館,1800,芝,重,短い,フラット,7,マルカオペラ,5,牝,5,舟山,栗東 浜田,追い込み,56.0,482,-4,0,0,6,31.4,12,112.6,38.4,13.0,2026-07-19,2勝クラス,2.0
9101,函館,1800,芝,重,短い,フラット,5,タイヨウフレア,4,牝,4,長浜,美浦 杉浦,追い込み,56.0,496,-4,0,0,12,317.4,13,112.6,38.9,12.0,2026-07-19,2勝クラス,2.0
9099,函館,1700,ダート,不良,短い,フラット,9,シーズザスローン,6,牡,3,武豊,栗東 松永幹,先行,55.0,478,0,0,0,2,4.1,1,102.4,36.4,4.0,2026-07-19,2勝クラス,2.0
9099,函館,1700,ダート,不良,短い,フラット,12,タガノエルー,7,牡,3,古川吉,栗東 宮,逃げ,55.0,464,4,0,0,1,1.9,2,102.5,36.7,2.0,2026-07-19,2勝クラス,2.0
9099,函館,1700,ダート,不良,短い,フラット,14,プライベートアイズ,8,牡,4,横山武,栗東 小栗,逃げ,58.0,490,-4,0,0,4,8.5,3,103.3,38.2,1.0,2026-07-19,2勝クラス,2.0
9099,函館,1700,ダート,不良,短い,フラット,10,マンダリンボレロ,6,牡,6,遠藤,美浦 伊藤伸,先行,58.0,500,4,0,0,11,78.2,4,103.6,37.5,6.0,2026-07-19,2勝クラス,2.0
9099,函館,1700,ダート,不良,短い,フラット,8,マーウォルス,5,牡,4,佐々木,栗東 茶木,逃げ,58.0,468,-2,0,0,10,76.4,5,103.6,37.9,2.0,2026-07-19,2勝クラス,2.0
9099,函館,1700,ダート,不良,短い,フラット,1,ウインシャーガス,1,牝,4,鮫島駿,栗東 杉山晴,先行,56.0,478,-4,0,0,3,6.0,6,103.7,37.4,6.0,2026-07-19,2勝クラス,2.0
9099,函館,1700,ダート,不良,短い,フラット,11,メイショウタイピン,7,牡,4,池添,栗東 飯田,追い込み,58.0,502,2,0,0,7,29.0,7,104.2,37.6,13.0,2026-07-19,2勝クラス,2.0
9099,函館,1700,ダート,不良,短い,フラット,2,ヤコブセン,2,牡,4,横山琉,美浦 斎藤誠,差し,58.0,498,-8,0,0,13,227.7,8,104.5,37.9,10.0,2026-07-19,2勝クラス,2.0
9099,函館,1700,ダート,不良,短い,フラット,7,ジュンラトゥール,5,牡,5,浜中,栗東 浜田,差し,58.0,446,-12,0,0,6,26.2,9,104.8,38.5,9.0,2026-07-19,2勝クラス,2.0
9099,函館,1700,ダート,不良,短い,フラット,13,フォーワンセルフ,8,牡,7,荻野琢,美浦 小手川,追い込み,58.0,526,-2,0,0,14,354.3,10,105.5,38.7,11.0,2026-07-19,2勝クラス,2.0
9099,函館,1700,ダート,不良,短い,フラット,6,レイザリオ,4,牡,4,斎藤,栗東 橋口,先行,58.0,486,0,0,0,12,103.2,11,105.9,40.3,5.0,2026-07-19,2勝クラス,2.0
9099,函館,1700,ダート,不良,短い,フラット,3,テルアスワッド,3,セ,4,北村友,栗東 須貝,追い込み,58.0,476,2,0,0,9,52.7,12,106.3,39.9,11.0,2026-07-19,2勝クラス,2.0
9099,函館,1700,ダート,不良,短い,フラット,5,キングベルベット,4,セ,5,丹内,美浦 清水英,差し,58.0,488,4,0,0,5,15.8,13,106.8,41.7,6.0,2026-07-19,2勝クラス,2.0
9099,函館,1700,ダート,不良,短い,フラット,4,ルージュマローネ,3,牝,4,横山和,美浦 栗田,追い込み,56.0,478,2,0,0,8,48.7,14,109.2,42.9,13.0,2026-07-19,2勝クラス,2.0
1028,函館,1200,芝,重,短い,フラット,4,ホウオウヘッセン,3,牡,3,横山武,美浦 田島,逃げ,55.0,464,8,0,0,1,3.3,1,70.3,35.5,2.0,2026-07-19,未勝利,0.0
1028,函館,1200,芝,重,短い,フラット,1,ザカリナン,1,牡,4,斎藤,栗東 小栗,先行,58.0,452,2,0,0,5,10.7,2,70.4,35.3,4.0,2026-07-19,未勝利,0.0
1028,函館,1200,芝,重,短い,フラット,3,マグネシアブリック,3,セ,4,北村友,美浦 中舘,逃げ,58.0,454,2,0,0,3,5.1,3,70.7,35.7,3.0,2026-07-19,未勝利,0.0
1028,函館,1200,芝,重,短い,フラット,9,シャインズオンユー,6,牡,5,岩田康,栗東 藤野,差し,58.0,446,-8,0,0,9,35.7,4,70.7,34.8,9.0,2026-07-19,未勝利,0.0
1028,函館,1200,芝,重,短い,フラット,2,コモンスナイプ,2,牡,4,横山琉,栗東 藤岡健,先行,58.0,462,-2,0,0,4,7.4,5,70.9,35.7,6.0,2026-07-19,未勝利,0.0
1028,函館,1200,芝,重,短い,フラット,7,ミスターバッドガイ,5,牡,3,和田陽,栗東 中尾,差し,52.0,498,0,0,0,6,12.6,6,71.0,34.9,9.0,2026-07-19,未勝利,0.0
1028,函館,1200,芝,重,短い,フラット,5,ロードクラシコ,4,牡,3,丹内,美浦 斎藤誠,逃げ,55.0,488,0,0,0,2,3.6,7,71.0,36.5,1.0,2026-07-19,未勝利,0.0
1028,函館,1200,芝,重,短い,フラット,8,ロードヴェルテクス,5,牡,3,鮫島駿,栗東 奥村豊,先行,55.0,452,2,0,0,10,62.4,8,71.1,35.5,7.0,2026-07-19,未勝利,0.0
1028,函館,1200,芝,重,短い,フラット,13,アヤサンジョリーン,8,牝,3,落合玄,地方 五十冬,追い込み,53.0,454,0,0,0,12,92.8,9,71.2,35.5,9.0,2026-07-19,未勝利,0.0
1028,函館,1200,芝,重,短い,フラット,14,ルクスアドラー,8,牡,5,長浜,美浦 平岩,追い込み,57.0,460,0,0,0,8,33.0,10,71.2,35.3,9.0,2026-07-19,未勝利,0.0
1028,函館,1200,芝,重,短い,フラット,10,マイオウンウェイ,6,セ,3,小沢,栗東 高野,追い込み,55.0,434,0,0,0,13,186.3,11,71.3,35.0,13.0,2026-07-19,未勝利,0.0
1028,函館,1200,芝,重,短い,フラット,6,ブラヴィーノ,4,牡,7,古川吉,美浦 天間,追い込み,58.0,454,-10,0,0,14,267.3,12,71.5,35.5,13.0,2026-07-19,未勝利,0.0
1028,函館,1200,芝,重,短い,フラット,11,フレンドモナコ,7,牡,3,遠藤,美浦 加藤和,差し,52.0,420,6,0,0,11,89.3,13,71.6,36.3,7.0,2026-07-19,未勝利,0.0
1028,函館,1200,芝,重,短い,フラット,12,ソードマスター,7,牡,4,舟山,美浦 小笠,先行,57.0,460,4,0,0,7,13.6,14,72.8,37.7,4.0,2026-07-19,未勝利,0.0
9102,福島,1150,ダート,良,短い,フラット,13,ゲンテン,7,牡,3,戸崎圭,美浦 尾関,逃げ,57.0,504,2,0,0,3,3.7,1,69.5,36.9,2.0,2026-07-18,未勝利,0.0
9102,福島,1150,ダート,良,短い,フラット,6,ニンジャトットリ,3,牡,3,木幡育,美浦 松永康,逃げ,57.0,448,-2,0,0,2,3.2,2,69.6,37.1,1.0,2026-07-18,未勝利,0.0
9102,福島,1150,ダート,良,短い,フラット,9,ハングローズ,5,牝,3,上里,美浦 奥村武,先行,52.0,444,2,0,0,1,3.1,3,69.6,36.6,6.0,2026-07-18,未勝利,0.0
9102,福島,1150,ダート,良,短い,フラット,3,エクスペクタント,2,牡,3,横山典,美浦 平岩,差し,57.0,466,10,0,0,7,53.5,4,69.9,36.7,9.0,2026-07-18,未勝利,0.0
9102,福島,1150,ダート,良,短い,フラット,15,セントリアン,8,牝,3,石田,美浦 萱野,逃げ,52.0,414,-10,0,0,6,18.0,5,70.2,37.4,4.0,2026-07-18,未勝利,0.0
9102,福島,1150,ダート,良,短い,フラット,5,ジャガーライズ,3,牡,3,三浦,美浦 伊藤圭,差し,57.0,474,2,0,0,5,10.1,6,70.2,36.6,10.0,2026-07-18,未勝利,0.0
9102,福島,1150,ダート,良,短い,フラット,12,グラデュエール,6,牝,3,木幡初,美浦 粕谷,差し,55.0,424,0,0,0,15,220.0,7,70.2,36.9,10.0,2026-07-18,未勝利,0.0
9102,福島,1150,ダート,良,短い,フラット,1,プリンセスダーコ,1,牝,3,原,美浦 清水英,先行,55.0,468,-2,0,0,12,155.4,8,70.4,37.5,4.0,2026-07-18,未勝利,0.0
9102,福島,1150,ダート,良,短い,フラット,14,イデアジュアンイハ,7,牝,3,石橋脩,美浦 小野,逃げ,55.0,424,2,0,0,9,82.6,9,70.4,37.7,3.0,2026-07-18,未勝利,0.0
9102,福島,1150,ダート,良,短い,フラット,16,テルケンレンタッチ,8,牡,3,菊沢,美浦 勢司,先行,57.0,516,0,0,0,8,77.8,10,70.6,37.8,6.0,2026-07-18,未勝利,0.0
9102,福島,1150,ダート,良,短い,フラット,4,ヌビアン,2,牡,3,木幡巧,美浦 清水英,差し,57.0,450,4,0,0,11,105.7,11,71.0,37.6,12.0,2026-07-18,未勝利,0.0
9102,福島,1150,ダート,良,短い,フラット,2,サクラボーベル,1,牝,3,小崎,美浦 森一,先行,55.0,480,-4,0,0,4,8.4,12,71.1,38.3,6.0,2026-07-18,未勝利,0.0
9102,福島,1150,ダート,良,短い,フラット,7,ジーティーフクフク,4,牝,3,杉原,美浦 西田,追い込み,55.0,448,-2,0,0,10,92.3,13,71.3,38.0,12.0,2026-07-18,未勝利,0.0
9102,福島,1150,ダート,良,短い,フラット,10,ライブリピュア,5,牝,3,谷原,美浦 尾形,追い込み,51.0,450,6,0,0,14,215.4,14,71.3,36.8,16.0,2026-07-18,未勝利,0.0
9102,福島,1150,ダート,良,短い,フラット,11,レーヴルーバ,6,牝,3,佐藤,美浦 蛯名利,追い込み,52.0,412,-4,0,0,13,192.4,15,71.8,38.1,15.0,2026-07-18,未勝利,0.0
9102,福島,1150,ダート,良,短い,フラット,8,アンセートゥモダン,4,牝,3,野中,美浦 杉浦,追い込み,55.0,430,20,0,0,16,369.3,16,72.2,38.4,14.0,2026-07-18,未勝利,0.0
9103,福島,1200,芝,良,短い,フラット,12,リーデレクオーレ,6,牝,3,柴田大,美浦 秋本,逃げ,55.0,420,2,0,0,1,3.9,1,69.2,35.0,2.0,2026-07-18,未勝利,0.0
9103,福島,1200,芝,良,短い,フラット,4,オンナキュヌヴィ,2,牝,3,津村,美浦 蛯名正,先行,55.0,436,10,0,0,6,8.3,2,69.3,34.5,7.0,2026-07-18,未勝利,0.0
9103,福島,1200,芝,良,短い,フラット,9,エンジェルサン,5,牡,3,石神道,美浦 矢嶋,逃げ,55.0,486,2,0,0,9,21.0,3,69.5,35.1,2.0,2026-07-18,未勝利,0.0
9103,福島,1200,芝,良,短い,フラット,11,ラウンドヒル,6,牝,3,三浦,美浦 田島,逃げ,55.0,458,2,0,0,5,7.4,4,69.7,35.3,4.0,2026-07-18,未勝利,0.0
9103,福島,1200,芝,良,短い,フラット,15,シエラモレーナ,8,牝,3,大野,美浦 古賀慎,差し,55.0,426,-4,0,0,12,87.3,5,69.7,34.7,9.0,2026-07-18,未勝利,0.0
9103,福島,1200,芝,良,短い,フラット,10,ウインドオブヘヴン,5,牡,3,松岡,美浦 戸田,先行,57.0,454,-2,0,0,3,6.1,6,69.7,34.8,7.0,2026-07-18,未勝利,0.0
9103,福島,1200,芝,良,短い,フラット,7,マイネルヴェーゼン,4,牡,3,石川,美浦 相沢,差し,57.0,464,4,0,0,8,15.0,7,69.8,34.5,11.0,2026-07-18,未勝利,0.0
9103,福島,1200,芝,良,短い,フラット,13,スラッシュコード,7,牡,3,菊沢,美浦 伊藤圭,先行,57.0,462,0,0,0,10,45.4,8,69.9,35.3,5.0,2026-07-18,未勝利,0.0
9103,福島,1200,芝,良,短い,フラット,8,ジーティートゥーリ,4,牝,3,杉原,美浦 武市,先行,55.0,446,4,0,0,11,68.8,9,69.9,35.3,5.0,2026-07-18,未勝利,0.0
9103,福島,1200,芝,良,短い,フラット,2,ダイユウルミナス,1,牝,3,佐藤,美浦 松永康,差し,52.0,434,10,0,0,2,6.1,10,70.0,34.5,12.0,2026-07-18,未勝利,0.0
9103,福島,1200,芝,良,短い,フラット,6,バランソワール,3,牝,3,荻野極,美浦 矢野,差し,55.0,418,0,0,0,7,11.7,11,70.1,35.1,9.0,2026-07-18,未勝利,0.0
9103,福島,1200,芝,良,短い,フラット,14,レレリオーナ,7,牝,3,上里,美浦 室井,追い込み,52.0,406,-10,0,0,15,337.9,12,70.2,35.1,12.0,2026-07-18,未勝利,0.0
9103,福島,1200,芝,良,短い,フラット,1,エメラルファイン,1,セ,3,石橋脩,美浦 勢司,追い込み,57.0,470,-14,0,0,13,242.2,13,70.2,34.4,14.0,2026-07-18,未勝利,0.0
9103,福島,1200,芝,良,短い,フラット,3,ハイティー,2,牝,3,戸崎圭,美浦 木村,逃げ,55.0,504,28,0,0,4,6.2,14,70.8,36.8,1.0,2026-07-18,未勝利,0.0
9103,福島,1200,芝,良,短い,フラット,5,フロステリオン,3,牡,3,田辺,美浦 萱野,追い込み,57.0,446,-6,0,0,14,279.0,15,71.1,35.1,15.0,2026-07-18,未勝利,0.0
9103,福島,1200,芝,良,短い,フラット,16,ココニーナ,8,牝,3,小林脩,美浦 加藤和,追い込み,55.0,474,14,0,0,16,620.2,16,75.1,38.7,16.0,2026-07-18,未勝利,0.0
9104,福島,1700,ダート,良,短い,フラット,2,スクイーズアウト,2,牡,3,原,美浦 黒岩,逃げ,57.0,488,2,0,0,6,17.9,1,107.0,38.5,2.0,2026-07-18,未勝利,0.0
9104,福島,1700,ダート,良,短い,フラット,15,アラビアンドリーム,8,牡,3,坂井,美浦 栗田,先行,57.0,500,2,0,0,4,5.6,2,107.0,37.9,6.0,2026-07-18,未勝利,0.0
9104,福島,1700,ダート,良,短い,フラット,3,サンタピア,2,牡,3,木幡巧,美浦 松山,先行,57.0,470,-2,0,0,12,173.4,3,107.1,38.3,4.0,2026-07-18,未勝利,0.0
9104,福島,1700,ダート,良,短い,フラット,7,コパノミラノ,4,牡,3,柴田大,美浦 上原博,差し,57.0,486,2,0,0,7,38.0,4,107.3,38.0,8.0,2026-07-18,未勝利,0.0
9104,福島,1700,ダート,良,短い,フラット,5,カシマライフウ,3,牡,3,松岡,美浦 伊藤伸,先行,57.0,480,-2,0,0,3,5.0,5,107.3,38.3,7.0,2026-07-18,未勝利,0.0
9104,福島,1700,ダート,良,短い,フラット,1,テンオンスゴールド,1,牡,3,江田照,美浦 田中剛,逃げ,57.0,464,-2,0,0,1,3.0,6,107.3,38.8,1.0,2026-07-18,未勝利,0.0
9104,福島,1700,ダート,良,短い,フラット,4,ティンバーライン,3,セ,3,菊沢,美浦 鈴木慎,差し,57.0,460,-12,0,0,10,79.8,7,107.3,37.8,9.0,2026-07-18,未勝利,0.0
9104,福島,1700,ダート,良,短い,フラット,13,オートカリテ,7,牝,3,石橋脩,美浦 牧,先行,55.0,516,0,0,0,5,10.3,8,107.7,39.1,4.0,2026-07-18,未勝利,0.0
9104,福島,1700,ダート,良,短い,フラット,6,エッジランナー,4,牡,3,武藤,美浦 戸田,差し,57.0,430,-6,0,0,13,287.4,9,107.8,38.3,9.0,2026-07-18,未勝利,0.0
9104,福島,1700,ダート,良,短い,フラット,12,アデルフィー,7,牡,3,三浦,美浦 金成,逃げ,57.0,450,-8,0,0,2,3.3,10,108.1,39.5,2.0,2026-07-18,未勝利,0.0
9104,福島,1700,ダート,良,短い,フラット,11,オーパパ,6,牡,3,小林脩,美浦 斎藤誠,追い込み,57.0,490,8,0,0,11,120.5,11,109.0,38.9,14.0,2026-07-18,未勝利,0.0
9104,福島,1700,ダート,良,短い,フラット,9,ナムラドガ,5,牡,3,丸田,美浦 石栗,追い込み,57.0,506,4,0,0,9,69.9,12,109.0,39.1,13.0,2026-07-18,未勝利,0.0
9104,福島,1700,ダート,良,短い,フラット,14,カミノテイオー,8,牡,3,野中,美浦 奥平,追い込み,57.0,466,2,0,0,14,432.8,13,109.4,39.3,12.0,2026-07-18,未勝利,0.0
9104,福島,1700,ダート,良,短い,フラット,10,ベイツリー,6,牡,3,横山典,美浦 村田,追い込み,57.0,396,-2,0,0,8,44.9,14,110.4,39.7,15.0,2026-07-18,未勝利,0.0
9104,福島,1700,ダート,良,短い,フラット,8,サツキジュエル,5,牝,3,菅原隆,美浦 石栗,差し,55.0,442,8,0,0,15,526.7,15,110.5,41.2,11.0,2026-07-18,未勝利,0.0
9105,福島,2000,芝,良,短い,フラット,11,アッシズオブローズ,6,牝,3,戸崎圭,美浦 尾関,逃げ,55.0,472,0,0,0,2,3.9,1,120.4,36.6,2.0,2026-07-18,未勝利,0.0
9105,福島,2000,芝,良,短い,フラット,13,マイネルリーヒム,7,牡,3,菊沢,美浦 武市,逃げ,57.0,464,-8,0,0,11,52.3,2,120.4,36.3,4.0,2026-07-18,未勝利,0.0
9105,福島,2000,芝,良,短い,フラット,7,ブライトエアリー,4,牝,3,木幡巧,美浦 相沢,先行,55.0,448,2,0,0,7,20.9,3,120.6,36.2,7.0,2026-07-18,未勝利,0.0
9105,福島,2000,芝,良,短い,フラット,1,セキテイリノ,1,牡,3,江田照,美浦 田中剛,逃げ,57.0,470,-2,0,0,4,8.4,4,120.8,36.9,2.0,2026-07-18,未勝利,0.0
9105,福島,2000,芝,良,短い,フラット,8,スチールギターラグ,4,牝,3,三浦,美浦 鹿戸,逃げ,55.0,422,2,0,0,5,13.2,5,121.0,37.2,1.0,2026-07-18,未勝利,0.0
9105,福島,2000,芝,良,短い,フラット,5,マイネルオラクル,3,牡,3,石神道,美浦 尾関,先行,55.0,490,2,0,0,8,23.4,6,121.0,36.9,4.0,2026-07-18,未勝利,0.0
9105,福島,2000,芝,良,短い,フラット,12,ベルトラッキ,6,牡,3,坂井,美浦 加藤士,先行,57.0,468,-4,0,0,3,4.2,7,121.0,36.6,8.0,2026-07-18,未勝利,0.0
9105,福島,2000,芝,良,短い,フラット,16,エコロゼット,8,牡,3,佐藤,美浦 岩戸,差し,54.0,440,-4,0,0,14,119.6,8,121.2,36.5,11.0,2026-07-18,未勝利,0.0
9105,福島,2000,芝,良,短い,フラット,9,ラッキースウィッチ,5,牡,3,原,美浦 蛯名正,差し,57.0,470,-6,0,0,9,30.5,9,121.5,37.0,8.0,2026-07-18,未勝利,0.0
9105,福島,2000,芝,良,短い,フラット,2,タッカーヴァンバン,1,牡,3,吉田豊,美浦 田島,差し,57.0,480,2,0,0,12,56.9,10,121.5,36.7,12.0,2026-07-18,未勝利,0.0
9105,福島,2000,芝,良,短い,フラット,4,ベアダイヤモンド,2,牡,3,津村,美浦 松尾,差し,57.0,460,4,0,0,1,3.3,11,121.8,37.4,8.0,2026-07-18,未勝利,0.0
9105,福島,2000,芝,良,短い,フラット,14,サヴマ,7,牡,3,石橋脩,美浦 辻,先行,57.0,436,-2,0,0,6,20.9,12,122.1,38.2,4.0,2026-07-18,未勝利,0.0
9105,福島,2000,芝,良,短い,フラット,15,シーサンタナ,8,セ,3,嶋田,美浦 手塚久,追い込み,57.0,414,0,0,0,10,32.3,13,122.4,36.8,15.0,2026-07-18,未勝利,0.0
9105,福島,2000,芝,良,短い,フラット,3,モンドシュピーゲル,2,牡,3,柴田大,美浦 天間,追い込み,57.0,482,12,0,0,13,81.4,14,122.6,37.9,13.0,2026-07-18,未勝利,0.0
9105,福島,2000,芝,良,短い,フラット,10,ノアソノマ,5,セ,3,小林脩,美浦 武藤,追い込み,57.0,450,-8,0,0,16,196.2,15,122.7,37.8,13.0,2026-07-18,未勝利,0.0
9105,福島,2000,芝,良,短い,フラット,6,ケファロニア,3,牡,3,杉原,美浦 高柳瑞,追い込み,57.0,466,0,0,0,15,181.6,16,125.5,40.2,15.0,2026-07-18,未勝利,0.0
9103,福島,1200,芝,良,短い,フラット,12,コックオーヴァン,6,牝,3,松岡,美浦 伊藤伸,逃げ,53.0,456,6,0,0,4,6.5,1,69.3,34.9,2.0,2026-07-18,未勝利,0.0
9103,福島,1200,芝,良,短い,フラット,11,ブライティアブーケ,6,牝,4,大野,美浦 中舘,逃げ,56.0,430,2,0,0,6,9.9,2,69.4,34.9,2.0,2026-07-18,未勝利,0.0
9103,福島,1200,芝,良,短い,フラット,7,ココボロ,4,牝,5,嶋田,美浦 松山,先行,56.0,510,-2,0,0,15,330.4,3,69.6,34.7,7.0,2026-07-18,未勝利,0.0
9103,福島,1200,芝,良,短い,フラット,10,ダノンゴーイチ,5,牡,6,菊沢,美浦 菊沢,先行,58.0,504,-4,0,0,5,9.1,4,69.6,34.9,5.0,2026-07-18,未勝利,0.0
9103,福島,1200,芝,良,短い,フラット,1,サムハラ,1,牡,3,石田,美浦 新開,逃げ,52.0,448,-2,0,0,3,6.2,5,69.6,35.0,4.0,2026-07-18,未勝利,0.0
9103,福島,1200,芝,良,短い,フラット,13,ルシェロアズーリ,7,牝,4,津村,美浦 鈴木伸,逃げ,56.0,440,2,0,0,1,3.8,6,69.6,35.3,1.0,2026-07-18,未勝利,0.0
9103,福島,1200,芝,良,短い,フラット,5,ロンドンアームズ,3,牝,5,荻野極,美浦 伊坂,先行,56.0,476,2,0,0,2,5.3,7,69.7,34.9,7.0,2026-07-18,未勝利,0.0
9103,福島,1200,芝,良,短い,フラット,14,ミセスリリー,7,牝,4,佐藤,美浦 宮田,差し,53.0,474,-4,0,0,14,187.1,8,69.7,34.5,12.0,2026-07-18,未勝利,0.0
9103,福島,1200,芝,良,短い,フラット,8,リネンタイリン,4,牡,3,小崎,美浦 平岩,差し,55.0,458,0,0,0,11,49.7,9,69.9,34.9,11.0,2026-07-18,未勝利,0.0
9103,福島,1200,芝,良,短い,フラット,2,ブルズアイプリンス,1,牡,3,戸崎圭,栗東 森秀,差し,55.0,424,-10,0,0,8,17.2,10,70.0,35.1,7.0,2026-07-18,未勝利,0.0
9103,福島,1200,芝,良,短い,フラット,6,コルチェスター,3,牡,4,石神道,美浦 尾関,追い込み,56.0,472,8,0,0,9,18.8,11,70.0,34.6,12.0,2026-07-18,未勝利,0.0
9103,福島,1200,芝,良,短い,フラット,3,サトノセレナーデ,2,牝,5,杉原,美浦 古賀慎,追い込み,56.0,524,-6,0,0,13,99.1,12,70.2,35.0,14.0,2026-07-18,未勝利,0.0
9103,福島,1200,芝,良,短い,フラット,9,シークレットイスラ,5,牡,5,上里,美浦 平岩,先行,55.0,462,-4,0,0,10,44.5,13,70.2,35.5,5.0,2026-07-18,未勝利,0.0
9103,福島,1200,芝,良,短い,フラット,16,ウインイルネージュ,8,牝,4,木幡巧,美浦 和田郎,追い込み,56.0,432,0,0,0,12,72.3,14,70.9,35.7,14.0,2026-07-18,未勝利,0.0
9103,福島,1200,芝,良,短い,フラット,15,コパノトーマス,8,牡,3,原,美浦 青木,差し,55.0,478,2,0,0,7,10.6,15,71.1,36.3,7.0,2026-07-18,未勝利,0.0
9103,福島,1200,芝,良,短い,フラット,4,クリノゴッホ,2,セ,6,丸田,美浦 新開,追い込み,58.0,456,0,0,0,0,0.0,99,,,,2026-07-18,未勝利,0.0
9106,福島,2600,芝,良,短い,フラット,8,リュクスパトロール,6,牝,3,丸田,美浦 加藤士,逃げ,53.0,428,-2,0,0,7,30.1,1,161.6,36.0,3.0,2026-07-18,1勝クラス,1.0
9106,福島,2600,芝,良,短い,フラット,11,ノリマル,8,牡,3,田辺,美浦 尾形,逃げ,55.0,466,-10,0,0,2,3.6,2,161.9,36.5,2.0,2026-07-18,1勝クラス,1.0
9106,福島,2600,芝,良,短い,フラット,5,ドリームプレミア,5,牡,3,坂井,栗東 友道,先行,55.0,498,-2,0,0,1,2.0,3,161.9,36.3,6.0,2026-07-18,1勝クラス,1.0
9106,福島,2600,芝,良,短い,フラット,4,テイキットイージー,4,牡,5,菊沢,美浦 萱野,追い込み,58.0,440,0,0,0,6,27.5,4,162.1,35.9,10.0,2026-07-18,1勝クラス,1.0
9106,福島,2600,芝,良,短い,フラット,10,オブラプリーマ,7,牝,3,荻野極,美浦 上原佑,差し,53.0,424,14,0,0,3,4.7,5,162.2,36.3,7.0,2026-07-18,1勝クラス,1.0
9106,福島,2600,芝,良,短い,フラット,7,オメガストリーム,6,牝,4,野中,美浦 田中勝,逃げ,56.0,450,-4,0,0,5,19.3,6,162.6,37.3,1.0,2026-07-18,1勝クラス,1.0
9106,福島,2600,芝,良,短い,フラット,6,マイネルボス,5,牡,4,柴田大,美浦 畠山,追い込み,58.0,438,-2,0,0,10,78.2,7,162.7,36.6,11.0,2026-07-18,1勝クラス,1.0
9106,福島,2600,芝,良,短い,フラット,9,ビリングス,7,セ,4,嶋田,美浦 手塚久,先行,58.0,450,-18,0,0,8,32.0,8,162.7,37.2,3.0,2026-07-18,1勝クラス,1.0
9106,福島,2600,芝,良,短い,フラット,2,パッセージピーク,2,牡,3,三浦,美浦 中舘,先行,55.0,500,2,0,0,4,12.5,9,163.0,37.6,3.0,2026-07-18,1勝クラス,1.0
9106,福島,2600,芝,良,短い,フラット,3,ビーンスターク,3,セ,5,江田照,美浦 粕谷,差し,58.0,472,-10,0,0,12,173.6,10,163.0,37.1,7.0,2026-07-18,1勝クラス,1.0
9106,福島,2600,芝,良,短い,フラット,1,リリエンフェルト,1,牝,5,石田,美浦 上原博,差し,56.0,466,-4,0,0,11,159.6,11,163.0,37.1,7.0,2026-07-18,1勝クラス,1.0
9106,福島,2600,芝,良,短い,フラット,12,マーキュリーダイム,8,牝,4,木幡巧,美浦 室井,追い込み,56.0,554,0,0,0,9,71.8,12,169.0,43.3,12.0,2026-07-18,1勝クラス,1.0
9104,福島,1700,ダート,良,短い,フラット,15,モリノアミーゴ,8,牝,4,大野,美浦 鈴木伸,先行,56.0,450,-10,0,0,8,18.3,1,104.3,37.3,4.0,2026-07-18,2勝クラス,2.0
9104,福島,1700,ダート,良,短い,フラット,14,オーケーマヒナ,8,牝,4,石川,美浦 相沢,逃げ,56.0,466,-2,0,0,7,17.1,2,105.0,38.6,1.0,2026-07-18,2勝クラス,2.0
9104,福島,1700,ダート,良,短い,フラット,6,レッドベルダンス,4,牡,4,嶋田,美浦 手塚久,逃げ,58.0,482,-4,0,0,2,5.5,3,105.1,38.4,2.0,2026-07-18,2勝クラス,2.0
9104,福島,1700,ダート,良,短い,フラット,12,タケルハーロック,7,牡,4,石田,栗東 高柳大,差し,58.0,498,0,0,0,4,6.8,4,105.4,38.0,8.0,2026-07-18,2勝クラス,2.0
9104,福島,1700,ダート,良,短い,フラット,1,ピコシー,1,牡,4,津村,美浦 奥村武,先行,58.0,472,0,0,0,5,8.9,5,105.6,38.4,6.0,2026-07-18,2勝クラス,2.0
9104,福島,1700,ダート,良,短い,フラット,7,ライジンマル,4,セ,5,木幡初,美浦 竹内,差し,58.0,528,-4,0,0,3,6.7,6,105.7,38.2,10.0,2026-07-18,2勝クラス,2.0
9104,福島,1700,ダート,良,短い,フラット,13,フリーマントル,7,牡,5,菊沢,美浦 斎藤誠,差し,58.0,516,12,0,0,12,79.0,7,105.9,38.6,8.0,2026-07-18,2勝クラス,2.0
9104,福島,1700,ダート,良,短い,フラット,8,リラゲイル,5,牡,4,原,美浦 矢野,追い込み,58.0,456,-6,0,0,9,19.4,8,106.0,37.9,13.0,2026-07-18,2勝クラス,2.0
9104,福島,1700,ダート,良,短い,フラット,9,サヴァビアン,5,牡,8,野中,美浦 新開,差し,58.0,454,0,0,0,14,304.7,9,106.0,37.9,11.0,2026-07-18,2勝クラス,2.0
9104,福島,1700,ダート,良,短い,フラット,5,ウインハルモニア,3,牝,4,松岡,美浦 柄崎,逃げ,56.0,488,0,0,0,10,26.3,10,106.2,39.7,2.0,2026-07-18,2勝クラス,2.0
9104,福島,1700,ダート,良,短い,フラット,3,グロスビーク,2,牡,4,戸崎圭,美浦 田中博,先行,58.0,492,2,0,0,1,2.7,11,106.5,39.8,4.0,2026-07-18,2勝クラス,2.0
9104,福島,1700,ダート,良,短い,フラット,4,マナエトレ,3,牡,4,石橋脩,栗東 清水久,追い込み,58.0,478,-6,0,0,6,16.9,12,106.8,39.0,11.0,2026-07-18,2勝クラス,2.0
9104,福島,1700,ダート,良,短い,フラット,2,グラスブランシュ,2,牝,5,杉原,美浦 松山,追い込み,56.0,482,2,0,0,13,171.9,13,107.1,36.9,15.0,2026-07-18,2勝クラス,2.0
9104,福島,1700,ダート,良,短い,フラット,10,ヴァルドルチャ,6,セ,5,小崎,美浦 田中博,先行,58.0,458,-10,0,0,11,56.9,14,107.6,40.9,6.0,2026-07-18,2勝クラス,2.0
9104,福島,1700,ダート,良,短い,フラット,11,ホープエトワール,6,牡,4,木幡巧,美浦 天間,追い込み,58.0,434,-5,0,0,15,330.2,15,108.0,39.4,14.0,2026-07-18,2勝クラス,2.0
9107,福島,1800,芝,良,短い,フラット,13,ミラビリスマジック,7,牝,5,戸崎圭,美浦 千葉,先行,53.0,458,-2,0,0,2,4.8,1,106.2,34.9,7.0,2026-07-18,3勝クラス,3.0
9107,福島,1800,芝,良,短い,フラット,8,ホウオウスーペリア,4,牡,6,三浦,栗東 吉岡,先行,56.0,490,-6,0,0,13,30.3,2,106.3,34.8,8.0,2026-07-18,3勝クラス,3.0
9107,福島,1800,芝,良,短い,フラット,4,ワイドアラジン,2,牡,6,田辺,栗東 奥村豊,先行,55.0,488,-2,0,0,5,12.7,3,106.4,35.4,5.0,2026-07-18,3勝クラス,3.0
9107,福島,1800,芝,良,短い,フラット,5,コスモアンソロジー,3,牡,4,津村,美浦 嘉藤,逃げ,56.0,452,4,0,0,3,5.3,4,106.5,35.6,3.0,2026-07-18,3勝クラス,3.0
9107,福島,1800,芝,良,短い,フラット,9,コンドゥイア,5,牝,4,小崎,栗東 井上,逃げ,52.0,494,4,0,0,11,24.4,5,106.5,36.9,1.0,2026-07-18,3勝クラス,3.0
9107,福島,1800,芝,良,短い,フラット,12,ヴォンフレ,6,牝,4,横山典,美浦 村田,差し,53.0,486,0,0,0,8,17.1,6,106.6,34.9,10.0,2026-07-18,3勝クラス,3.0
9107,福島,1800,芝,良,短い,フラット,11,エスコバル,6,セ,8,吉田豊,美浦 高橋文,追い込み,54.0,522,8,0,0,15,62.3,7,107.0,35.1,14.0,2026-07-18,3勝クラス,3.0
9107,福島,1800,芝,良,短い,フラット,14,テリオスサラ,7,牝,5,菊沢,美浦 高柳瑞,差し,53.0,488,4,0,0,6,13.9,8,107.0,35.3,12.0,2026-07-18,3勝クラス,3.0
9107,福島,1800,芝,良,短い,フラット,1,ショーマンフリート,1,牡,5,嶋田,美浦 手塚久,差し,53.0,514,4,0,0,16,154.2,9,107.1,35.8,8.0,2026-07-18,3勝クラス,3.0
9107,福島,1800,芝,良,短い,フラット,7,グラニット,4,牡,6,江田照,美浦 大和田,先行,55.0,470,-14,0,0,14,48.4,10,107.2,36.1,5.0,2026-07-18,3勝クラス,3.0
9107,福島,1800,芝,良,短い,フラット,3,アマイ,2,牝,6,原,美浦 伊藤大,逃げ,54.0,468,-2,0,0,12,28.4,11,107.4,36.8,2.0,2026-07-18,3勝クラス,3.0
9107,福島,1800,芝,良,短い,フラット,6,タイキラフター,3,牡,6,杉原,美浦 大竹,追い込み,55.0,530,-2,0,0,4,10.2,12,107.4,35.6,12.0,2026-07-18,3勝クラス,3.0
9107,福島,1800,芝,良,短い,フラット,10,ドラゴンヘッド,5,牡,6,石田,美浦 武藤,追い込み,55.0,454,0,0,0,9,19.5,13,107.5,35.1,16.0,2026-07-18,3勝クラス,3.0
9107,福島,1800,芝,良,短い,フラット,2,ウインオーディン,1,牡,6,荻野極,美浦 鹿戸,追い込み,56.0,490,4,0,0,7,17.1,14,107.7,35.7,14.0,2026-07-18,3勝クラス,3.0
9107,福島,1800,芝,良,短い,フラット,16,フォルラニーニ,8,牡,5,坂井,美浦 手塚久,差し,56.0,508,0,0,0,1,4.0,15,107.9,36.4,10.0,2026-07-18,3勝クラス,3.0
9107,福島,1800,芝,良,短い,フラット,15,サヴォンリンナ,8,牝,4,大野,栗東 田中克,逃げ,53.0,462,2,0,0,10,24.2,16,108.9,38.3,3.0,2026-07-18,3勝クラス,3.0
9102,福島,1150,ダート,良,短い,フラット,6,ロイヤルスパイア,3,牡,3,坂井,美浦 栗田,逃げ,55.0,464,0,0,0,3,4.0,1,68.3,36.4,2.0,2026-07-18,未勝利,0.0
9102,福島,1150,ダート,良,短い,フラット,2,ソニックブレイカー,1,牡,3,戸崎圭,美浦 稲垣,逃げ,55.0,432,2,0,0,1,3.1,2,68.3,36.2,3.0,2026-07-18,未勝利,0.0
9102,福島,1150,ダート,良,短い,フラット,8,アンプイットアップ,4,牡,3,荻野極,美浦 岩戸,逃げ,55.0,494,-4,0,0,4,6.9,3,68.4,36.4,3.0,2026-07-18,未勝利,0.0
9102,福島,1150,ダート,良,短い,フラット,13,ベルゼビュート,7,牡,3,菊沢,美浦 高木,先行,55.0,472,-2,0,0,2,4.0,4,68.6,36.4,6.0,2026-07-18,未勝利,0.0
9102,福島,1150,ダート,良,短い,フラット,4,ベアアッコチャン,2,牝,3,大野,美浦 杉浦,先行,53.0,458,0,0,0,9,48.0,5,68.6,36.3,6.0,2026-07-18,未勝利,0.0
9102,福島,1150,ダート,良,短い,フラット,5,ノアスペシャル,3,牝,5,木幡巧,美浦 鈴木慎,先行,56.0,460,-2,0,0,8,29.1,6,68.7,36.6,5.0,2026-07-18,未勝利,0.0
9102,福島,1150,ダート,良,短い,フラット,3,ディヴァインスカイ,2,牡,3,津村,美浦 田島,逃げ,55.0,498,8,0,0,6,15.4,7,68.7,36.9,1.0,2026-07-18,未勝利,0.0
9102,福島,1150,ダート,良,短い,フラット,9,ナインオブレター,5,牡,4,吉田豊,美浦 佐藤吉,差し,58.0,470,2,0,0,14,216.1,8,68.9,36.3,11.0,2026-07-18,未勝利,0.0
9102,福島,1150,ダート,良,短い,フラット,12,ベリーベリーベリー,6,牝,6,佐藤,美浦 鈴木伸,差し,53.0,470,-3,0,0,11,75.2,9,69.1,36.2,12.0,2026-07-18,未勝利,0.0
9102,福島,1150,ダート,良,短い,フラット,7,トワイライトサイト,4,牡,3,小崎,美浦 嘉藤,追い込み,55.0,420,4,0,0,13,162.1,10,69.1,36.2,12.0,2026-07-18,未勝利,0.0
9102,福島,1150,ダート,良,短い,フラット,16,アイアンナックル,8,牡,3,田辺,美浦 尾形,差し,55.0,442,0,0,0,5,13.0,11,69.3,37.0,9.0,2026-07-18,未勝利,0.0
9102,福島,1150,ダート,良,短い,フラット,14,エコロカディス,7,セ,4,杉原,美浦 森一,先行,58.0,450,-2,0,0,7,22.5,12,69.4,37.3,6.0,2026-07-18,未勝利,0.0
9102,福島,1150,ダート,良,短い,フラット,11,マナマカナ,6,牝,5,石田,美浦 天間,追い込み,53.0,442,-14,0,0,12,148.6,13,69.4,36.3,14.0,2026-07-18,未勝利,0.0
9102,福島,1150,ダート,良,短い,フラット,1,ブルーリヴァーサル,1,牡,6,野中,美浦 的場,追い込み,58.0,456,-12,0,0,16,395.6,14,69.7,36.0,15.0,2026-07-18,未勝利,0.0
9102,福島,1150,ダート,良,短い,フラット,10,トリスティ,5,牝,3,谷原,美浦 伊藤圭,差し,50.0,462,-4,0,0,10,75.0,15,70.2,37.9,9.0,2026-07-18,未勝利,0.0
9102,福島,1150,ダート,良,短い,フラット,15,ロックオブソシジ,8,牡,5,柴田大,美浦 畠山,追い込み,58.0,462,-15,0,0,15,248.1,16,70.7,37.7,15.0,2026-07-18,未勝利,0.0
9108,小倉,1000,ダート,稍重,短い,フラット,2,サトノロザリー,2,牝,3,団野,栗東 斉藤崇,逃げ,55.0,476,-8,0,0,2,3.2,1,58.3,35.9,1.0,2026-07-18,未勝利,0.0
9108,小倉,1000,ダート,稍重,短い,フラット,5,モズオサキニ,4,牝,3,吉村,栗東 杉山佳,差し,55.0,456,6,0,0,5,12.8,2,58.7,35.2,8.0,2026-07-18,未勝利,0.0
9108,小倉,1000,ダート,稍重,短い,フラット,14,メイワキラリ,8,牡,3,鮫島良,栗東 河嶋,逃げ,57.0,472,4,0,0,3,5.0,3,58.8,36.3,2.0,2026-07-18,未勝利,0.0
9108,小倉,1000,ダート,稍重,短い,フラット,7,メイショウマドンナ,5,牝,3,森田,栗東 荒川,先行,52.0,484,10,0,0,4,7.0,4,59.0,36.3,4.0,2026-07-18,未勝利,0.0
9108,小倉,1000,ダート,稍重,短い,フラット,13,ディアデムドール,8,牝,3,松若,栗東 今野,先行,55.0,492,-6,0,0,9,58.5,5,59.1,36.1,5.0,2026-07-18,未勝利,0.0
9108,小倉,1000,ダート,稍重,短い,フラット,1,シュタルク,1,牡,3,田口,栗東 河嶋,先行,57.0,484,-6,0,0,6,16.8,6,59.2,36.0,6.0,2026-07-18,未勝利,0.0
9108,小倉,1000,ダート,稍重,短い,フラット,12,アルウラメファ,7,牝,3,田山,栗東 牧浦,差し,54.0,444,4,0,0,7,18.0,7,59.2,35.8,8.0,2026-07-18,未勝利,0.0
9108,小倉,1000,ダート,稍重,短い,フラット,8,トラステッド,5,牝,3,永島,栗東 宮本,追い込み,53.0,452,4,0,0,10,110.5,8,59.3,35.4,13.0,2026-07-18,未勝利,0.0
9108,小倉,1000,ダート,稍重,短い,フラット,11,アルムアポジェ,7,牝,3,今村,栗東 北出,先行,53.0,478,6,0,0,1,2.9,9,59.5,36.3,6.0,2026-07-18,未勝利,0.0
9108,小倉,1000,ダート,稍重,短い,フラット,9,ワカワカ,6,牝,3,藤懸,栗東 牧田,追い込み,55.0,444,-18,0,0,13,343.3,10,59.5,35.4,13.0,2026-07-18,未勝利,0.0
9108,小倉,1000,ダート,稍重,短い,フラット,4,ノボリスマイル,3,牝,3,太宰,栗東 石橋,追い込み,55.0,412,-12,0,0,11,303.4,11,59.6,35.9,11.0,2026-07-18,未勝利,0.0
9108,小倉,1000,ダート,稍重,短い,フラット,3,スズカローズキング,3,牡,3,飛田愛,栗東 橋田,逃げ,57.0,462,-5,0,0,8,37.2,12,59.8,37.4,2.0,2026-07-18,未勝利,0.0
9108,小倉,1000,ダート,稍重,短い,フラット,6,ハーブドーレ,4,牝,3,城戸,栗東 荒川,追い込み,55.0,494,0,0,0,12,317.5,13,60.1,36.4,11.0,2026-07-18,未勝利,0.0
9108,小倉,1000,ダート,稍重,短い,フラット,10,メイショウボンテン,6,牡,3,柴田裕,栗東 飯田,差し,55.0,442,-6,0,0,14,455.9,14,60.3,37.0,10.0,2026-07-18,未勝利,0.0
9109,小倉,1700,ダート,稍重,短い,フラット,6,キープシャイニング,5,牡,3,西村淳,栗東 長谷川,逃げ,57.0,484,-8,0,0,2,3.4,1,105.5,37.3,1.0,2026-07-18,未勝利,0.0
9109,小倉,1700,ダート,稍重,短い,フラット,12,キングズテイル,8,牡,3,角田和,栗東 岡田,逃げ,57.0,480,10,0,0,3,3.6,2,106.4,38.0,2.0,2026-07-18,未勝利,0.0
9109,小倉,1700,ダート,稍重,短い,フラット,3,リテラシー,3,牡,3,幸,栗東 昆,先行,57.0,506,-6,0,0,6,16.3,3,106.5,37.5,5.0,2026-07-18,未勝利,0.0
9109,小倉,1700,ダート,稍重,短い,フラット,8,ゼンノゾンターク,6,牡,3,吉村,栗東 緒方,逃げ,57.0,482,4,0,0,10,40.3,4,107.0,38.4,3.0,2026-07-18,未勝利,0.0
9109,小倉,1700,ダート,稍重,短い,フラット,9,ルクスドリーム,6,牡,3,松山,栗東 小崎,先行,57.0,482,-8,0,0,8,23.8,5,108.3,39.7,4.0,2026-07-18,未勝利,0.0
9109,小倉,1700,ダート,稍重,短い,フラット,2,ムソウテンセイ,2,牡,3,藤懸,栗東 鈴木孝,差し,57.0,448,-6,0,0,5,15.6,6,108.6,39.3,7.0,2026-07-18,未勝利,0.0
9109,小倉,1700,ダート,稍重,短い,フラット,1,サンマルマニック,1,牝,3,森田,栗東 千田,先行,52.0,394,2,0,0,13,308.4,7,109.0,40.3,6.0,2026-07-18,未勝利,0.0
9109,小倉,1700,ダート,稍重,短い,フラット,7,ハクアイタワー,5,牡,3,松若,栗東 今野,追い込み,57.0,482,-10,0,0,7,16.8,8,109.1,39.8,9.0,2026-07-18,未勝利,0.0
9109,小倉,1700,ダート,稍重,短い,フラット,4,コカボムショット,4,牡,3,加藤,栗東 庄野,差し,57.0,422,-2,0,0,12,306.0,9,109.6,40.5,7.0,2026-07-18,未勝利,0.0
9109,小倉,1700,ダート,稍重,短い,フラット,11,ジューンマーチ,7,牡,3,永島,栗東 松下,追い込み,55.0,446,2,0,0,4,13.7,10,109.6,39.6,10.0,2026-07-18,未勝利,0.0
9109,小倉,1700,ダート,稍重,短い,フラット,13,ラクホマレ,8,牡,3,川田,栗東 福永,追い込み,57.0,546,0,0,0,1,3.2,11,111.0,41.9,10.0,2026-07-18,未勝利,0.0
9109,小倉,1700,ダート,稍重,短い,フラット,5,ダイメイミラクル,4,牡,3,太宰,栗東 本田,追い込み,57.0,518,0,0,0,11,153.2,12,116.0,44.3,12.0,2026-07-18,未勝利,0.0
9109,小倉,1700,ダート,稍重,短い,フラット,10,コパノルーカス,7,牡,3,Ｍデム,栗東 梅田,差し,57.0,468,-12,0,0,9,24.4,99,,,7.0,2026-07-18,未勝利,0.0
9110,小倉,1800,芝,良,短い,フラット,13,シュプリームレルム,8,牡,3,西村淳,栗東 高野,先行,57.0,508,-2,0,0,1,2.8,1,107.8,35.4,5.0,2026-07-18,未勝利,0.0
9110,小倉,1800,芝,良,短い,フラット,8,ゴールデンテティス,5,牝,3,加藤,栗東 庄野,逃げ,55.0,460,8,0,0,3,5.6,2,107.8,35.7,2.0,2026-07-18,未勝利,0.0
9110,小倉,1800,芝,良,短い,フラット,12,ネッカーズルム,7,牡,3,高杉,栗東 藤野,逃げ,57.0,454,-2,0,0,2,4.7,3,108.5,36.3,3.0,2026-07-18,未勝利,0.0
9110,小倉,1800,芝,良,短い,フラット,2,ワンダーリュクス,2,牡,3,森田,栗東 牧田,差し,54.0,482,10,0,0,7,22.2,4,108.6,35.0,10.0,2026-07-18,未勝利,0.0
9110,小倉,1800,芝,良,短い,フラット,9,ヒロウッドテール,6,牡,3,鮫島良,栗東 河嶋,先行,57.0,456,0,0,0,9,55.5,5,109.0,37.0,3.0,2026-07-18,未勝利,0.0
9110,小倉,1800,芝,良,短い,フラット,4,クラリノ,3,牝,3,富田,栗東 武英,先行,55.0,418,-4,0,0,10,72.3,6,109.4,36.7,7.0,2026-07-18,未勝利,0.0
9110,小倉,1800,芝,良,短い,フラット,14,ジージージェット,8,牡,3,吉村,栗東 奥村豊,先行,57.0,564,8,0,0,8,31.3,7,109.5,37.3,5.0,2026-07-18,未勝利,0.0
9110,小倉,1800,芝,良,短い,フラット,7,チヨ,5,牝,3,田山,栗東 鈴木孝,差し,52.0,476,6,0,0,5,9.1,8,109.6,36.7,9.0,2026-07-18,未勝利,0.0
9110,小倉,1800,芝,良,短い,フラット,6,ジリアート,4,牝,3,今村,栗東 矢作,逃げ,53.0,420,-6,0,0,4,6.3,9,109.8,38.2,1.0,2026-07-18,未勝利,0.0
9110,小倉,1800,芝,良,短い,フラット,11,エイシンミスリル,7,牝,3,幸,栗東 大久保,差し,55.0,434,0,0,0,6,9.2,10,110.3,37.9,7.0,2026-07-18,未勝利,0.0
9110,小倉,1800,芝,良,短い,フラット,10,メイショウツキヨ,6,牝,3,柴田裕,栗東 飯田,追い込み,53.0,400,-10,0,0,11,131.6,11,110.5,37.3,12.0,2026-07-18,未勝利,0.0
9110,小倉,1800,芝,良,短い,フラット,3,ムーヴザニードル,3,牝,3,長岡,栗東 緒方,追い込み,55.0,474,-10,0,0,13,168.3,12,110.5,37.4,14.0,2026-07-18,未勝利,0.0
9110,小倉,1800,芝,良,短い,フラット,5,サンライズマシュー,4,牡,3,国分恭,栗東 牧浦,追い込み,57.0,464,-10,0,0,12,162.4,13,110.7,37.5,12.0,2026-07-18,未勝利,0.0
9110,小倉,1800,芝,良,短い,フラット,1,アマノガワギンガ,1,牝,3,中井,栗東 畑端,追い込み,55.0,454,-6,0,0,14,274.4,14,111.0,38.3,10.0,2026-07-18,未勝利,0.0
9111,小倉,2000,芝,良,短い,フラット,3,フウセン,3,牡,3,コレッ,栗東 杉山晴,逃げ,55.0,460,4,0,0,1,2.7,1,120.7,35.4,2.0,2026-07-18,未勝利,0.0
9111,小倉,2000,芝,良,短い,フラット,5,ノンブルドール,5,牡,3,西村淳,栗東 西園翔,先行,55.0,446,-2,0,0,3,4.2,2,121.1,35.8,2.0,2026-07-18,未勝利,0.0
9111,小倉,2000,芝,良,短い,フラット,9,ゴールドアクセス,8,牡,3,今村,栗東 寺島,差し,53.0,432,4,0,0,6,19.3,3,121.1,35.2,7.0,2026-07-18,未勝利,0.0
9111,小倉,2000,芝,良,短い,フラット,4,ワンダフルボンド,4,牡,3,川田,栗東 友道,逃げ,55.0,488,-2,0,0,2,3.7,4,121.5,36.4,1.0,2026-07-18,未勝利,0.0
9111,小倉,2000,芝,良,短い,フラット,1,ダノンアトラス,1,牡,5,Ｍデム,栗東 橋口,追い込み,58.0,408,-2,0,0,4,7.6,5,121.7,36.0,7.0,2026-07-18,未勝利,0.0
9111,小倉,2000,芝,良,短い,フラット,10,パラディオン,8,牡,3,吉村,栗東 高柳大,先行,55.0,450,-2,0,0,5,12.9,6,121.9,36.4,5.0,2026-07-18,未勝利,0.0
9111,小倉,2000,芝,良,短い,フラット,8,スリーラーケン,7,牡,4,国分恭,栗東 高橋忠,先行,58.0,512,6,0,0,9,37.4,7,121.9,36.8,2.0,2026-07-18,未勝利,0.0
9111,小倉,2000,芝,良,短い,フラット,6,ビヨンドザドリーム,6,牡,6,国分優,栗東 小椋,追い込み,58.0,438,-2,0,0,7,21.2,8,122.1,36.2,9.0,2026-07-18,未勝利,0.0
9111,小倉,2000,芝,良,短い,フラット,2,サイレントグルーヴ,2,牝,5,角田和,栗東 角田,差し,56.0,492,4,0,0,10,50.2,9,122.1,36.8,5.0,2026-07-18,未勝利,0.0
9111,小倉,2000,芝,良,短い,フラット,7,ダノンハドソン,7,牡,3,高杉,栗東 池江,追い込み,55.0,484,2,0,0,8,30.4,10,123.8,38.4,10.0,2026-07-18,未勝利,0.0
9112,小倉,1200,芝,良,短い,フラット,16,カエリールークス,8,牝,2,松山,栗東 佐藤悠,逃げ,55.0,430,-10,0,0,1,1.9,1,70.4,36.8,2.0,2026-07-18,オープン,4.0
9112,小倉,1200,芝,良,短い,フラット,8,タカヨシ,4,牡,2,飛田愛,地方 池田忠,逃げ,55.0,470,-13,0,0,6,23.8,2,70.4,36.5,4.0,2026-07-18,オープン,4.0
9112,小倉,1200,芝,良,短い,フラット,10,タカモリ,5,牡,2,田山,栗東 牧田,逃げ,53.0,478,4,0,0,5,13.5,3,70.8,37.2,2.0,2026-07-18,オープン,4.0
9112,小倉,1200,芝,良,短い,フラット,6,ルーストカール,3,牡,2,田口,栗東 羽月,先行,53.0,414,-8,0,0,14,259.8,4,71.0,37.2,4.0,2026-07-18,オープン,4.0
9112,小倉,1200,芝,良,短い,フラット,9,ユイノジカンカセギ,5,牡,2,長岡,美浦 竹内,差し,53.0,428,0,0,0,7,76.8,5,71.0,36.3,13.0,2026-07-18,オープン,4.0
9112,小倉,1200,芝,良,短い,フラット,3,リエーヴェ,2,牡,2,永島,栗東 松下,先行,55.0,464,4,0,0,2,3.5,6,71.0,36.8,7.0,2026-07-18,オープン,4.0
9112,小倉,1200,芝,良,短い,フラット,5,カシノヴィタ,3,牝,2,森田,美浦 和田雄,差し,53.0,388,2,0,0,17,558.1,7,71.7,37.3,11.0,2026-07-18,オープン,4.0
9112,小倉,1200,芝,良,短い,フラット,13,ニシノマティーニ,7,牡,2,今村,美浦 小手川,差し,53.0,414,0,0,0,9,95.7,8,71.8,37.5,10.0,2026-07-18,オープン,4.0
9112,小倉,1200,芝,良,短い,フラット,2,ヘキレキ,1,牡,2,国分優,栗東 大根田,先行,53.0,428,6,0,0,8,88.7,9,71.8,37.4,8.0,2026-07-18,オープン,4.0
9112,小倉,1200,芝,良,短い,フラット,7,ソゲソゲスマイル,4,牝,2,西塚,栗東 笹田,追い込み,53.0,366,-4,0,0,12,206.2,10,72.0,37.2,14.0,2026-07-18,オープン,4.0
9112,小倉,1200,芝,良,短い,フラット,12,グレートキリシマ,6,牡,2,松若,栗東 牧田,差し,53.0,486,0,0,0,13,215.5,11,72.1,37.6,11.0,2026-07-18,オープン,4.0
9112,小倉,1200,芝,良,短い,フラット,15,カシノクロサイト,7,牝,2,亀田,栗東 北出,追い込み,53.0,420,-4,0,0,16,519.7,12,72.1,37.2,16.0,2026-07-18,オープン,4.0
9112,小倉,1200,芝,良,短い,フラット,17,スイトーヨ,8,牝,2,川田,栗東 角田,先行,53.0,444,2,0,0,3,7.5,13,72.2,38.4,6.0,2026-07-18,オープン,4.0
9112,小倉,1200,芝,良,短い,フラット,4,ワッザイカ,2,牡,2,泉谷,栗東 松永幹,追い込み,53.0,440,-2,0,0,11,114.0,14,72.2,37.2,14.0,2026-07-18,オープン,4.0
9112,小倉,1200,芝,良,短い,フラット,11,トシミチ,6,牡,2,幸,栗東 谷,逃げ,55.0,472,2,0,0,4,8.4,15,72.3,38.9,1.0,2026-07-18,オープン,4.0
9112,小倉,1200,芝,良,短い,フラット,18,ニシノキヅイタラ,8,牝,2,酒井,栗東 谷,先行,53.0,396,-6,0,0,10,98.0,16,72.4,38.6,8.0,2026-07-18,オープン,4.0
9112,小倉,1200,芝,良,短い,フラット,14,ラブマイティー,7,牝,2,水沼,美浦 加藤和,追い込み,53.0,462,4,0,0,18,623.7,17,72.5,37.4,17.0,2026-07-18,オープン,4.0
9112,小倉,1200,芝,良,短い,フラット,1,バミューダボーイ,1,牡,2,長谷蓮,地方 東眞市,追い込み,55.0,430,4,0,0,15,340.0,18,72.8,37.4,18.0,2026-07-18,オープン,4.0
9109,小倉,1700,ダート,稍重,短い,フラット,2,ワイドクリーガー,2,牡,4,団野,栗東 奥村豊,逃げ,58.0,472,-6,0,0,3,5.0,1,104.7,37.1,2.0,2026-07-18,2勝クラス,2.0
9109,小倉,1700,ダート,稍重,短い,フラット,1,コスモストーム,1,牡,4,秋山稔,栗東 北出,先行,58.0,512,2,0,0,1,2.9,2,104.7,36.8,4.0,2026-07-18,2勝クラス,2.0
9109,小倉,1700,ダート,稍重,短い,フラット,7,ワンダーカモン,6,牡,5,Ｍデム,栗東 吉村,逃げ,58.0,478,-8,0,0,7,23.5,3,105.3,37.8,2.0,2026-07-18,2勝クラス,2.0
9109,小倉,1700,ダート,稍重,短い,フラット,5,タマモジャスミン,5,牝,4,田口,栗東 大橋,逃げ,56.0,506,-4,0,0,5,10.0,4,105.4,38.0,1.0,2026-07-18,2勝クラス,2.0
9109,小倉,1700,ダート,稍重,短い,フラット,10,シュヴァルツリーベ,7,牝,6,藤懸,栗東 羽月,差し,56.0,462,-4,0,0,8,25.9,5,105.8,37.5,9.0,2026-07-18,2勝クラス,2.0
9109,小倉,1700,ダート,稍重,短い,フラット,12,タガノヘラクレス,8,牡,5,高杉,栗東 千田,追い込み,58.0,504,-4,0,0,2,4.5,6,105.9,37.7,9.0,2026-07-18,2勝クラス,2.0
9109,小倉,1700,ダート,稍重,短い,フラット,6,タマモナポリ,5,牝,5,酒井,栗東 河嶋,先行,56.0,462,-6,0,0,6,11.4,7,106.4,38.9,4.0,2026-07-18,2勝クラス,2.0
9109,小倉,1700,ダート,稍重,短い,フラット,4,ユーヴェリア,4,牝,5,国分恭,栗東 笹田,差し,56.0,436,-2,0,0,9,59.7,8,106.7,38.8,7.0,2026-07-18,2勝クラス,2.0
9109,小倉,1700,ダート,稍重,短い,フラット,8,ホウショウマリス,6,牝,4,幸,栗東 井上,差し,56.0,456,-8,0,0,4,5.5,9,106.9,39.1,7.0,2026-07-18,2勝クラス,2.0
9109,小倉,1700,ダート,稍重,短い,フラット,9,ナリタヒカリ,7,牝,4,太宰,栗東 荒川,追い込み,56.0,444,12,0,0,12,186.4,10,107.3,38.9,11.0,2026-07-18,2勝クラス,2.0
9109,小倉,1700,ダート,稍重,短い,フラット,3,メイショウザンゲツ,3,牝,5,菱田,栗東 鈴木孝,先行,56.0,472,18,0,0,11,84.9,11,108.0,40.6,4.0,2026-07-18,2勝クラス,2.0
9109,小倉,1700,ダート,稍重,短い,フラット,11,ハピアーザンエバー,8,牡,5,森田,栗東 羽月,追い込み,58.0,460,-6,0,0,10,74.1,12,108.6,40.1,12.0,2026-07-18,2勝クラス,2.0
9112,小倉,1200,芝,良,短い,フラット,5,コウセキ,5,牡,4,松山,栗東 西園翔,逃げ,58.0,480,-2,0,0,1,1.8,1,67.6,35.2,1.0,2026-07-18,3勝クラス,3.0
9112,小倉,1200,芝,良,短い,フラット,3,アイルシャイン,3,セ,6,飛田愛,栗東 新谷,差し,58.0,482,-4,0,0,7,17.7,2,67.9,34.5,7.0,2026-07-18,3勝クラス,3.0
9112,小倉,1200,芝,良,短い,フラット,10,ベイビーキッス,7,牝,4,藤懸,美浦 青木,逃げ,56.0,458,2,0,0,3,9.3,3,68.0,35.6,2.0,2026-07-18,3勝クラス,3.0
9112,小倉,1200,芝,良,短い,フラット,6,ミロワール,5,牝,7,酒井,栗東 柴田,追い込み,56.0,474,-6,0,0,4,10.0,4,68.0,34.4,10.0,2026-07-18,3勝クラス,3.0
9112,小倉,1200,芝,良,短い,フラット,1,ロードトレイル,1,牡,5,高杉,栗東 藤岡健,逃げ,58.0,474,-4,0,0,8,18.4,5,68.1,35.5,3.0,2026-07-18,3勝クラス,3.0
9112,小倉,1200,芝,良,短い,フラット,4,ダークエクリプス,4,牡,7,松若,栗東 今野,追い込み,58.0,482,-8,0,0,12,99.9,6,68.4,34.6,11.0,2026-07-18,3勝クラス,3.0
9112,小倉,1200,芝,良,短い,フラット,9,ヒーローインチーフ,7,セ,5,西塚,栗東 吉田,追い込み,58.0,448,0,0,0,5,13.5,7,68.8,35.0,11.0,2026-07-18,3勝クラス,3.0
9112,小倉,1200,芝,良,短い,フラット,2,トーラスシャイン,2,牡,5,西村淳,栗東 坂口,先行,58.0,476,-8,0,0,2,5.5,8,69.1,36.3,5.0,2026-07-18,3勝クラス,3.0
9112,小倉,1200,芝,良,短い,フラット,11,リチャードバローズ,8,牡,5,団野,栗東 上村,差し,58.0,512,-4,0,0,10,37.4,9,69.3,35.9,9.0,2026-07-18,3勝クラス,3.0
9112,小倉,1200,芝,良,短い,フラット,7,ブラックケリー,6,牝,4,吉村,栗東 長谷川,先行,56.0,432,-8,0,0,11,72.5,10,69.4,36.5,5.0,2026-07-18,3勝クラス,3.0
9112,小倉,1200,芝,良,短い,フラット,8,エスペシャリー,6,牝,4,田山,栗東 四位,差し,56.0,444,-2,0,0,9,33.4,11,69.6,36.6,7.0,2026-07-18,3勝クラス,3.0
9112,小倉,1200,芝,良,短い,フラット,12,ジュンヴァンケット,8,セ,5,富田,栗東 友道,先行,58.0,464,2,0,0,6,16.6,12,69.9,37.3,3.0,2026-07-18,3勝クラス,3.0
9113,函館,1000,ダート,良,短い,フラット,2,メモリーデイズ,2,牝,3,小沢,栗東 畑端,逃げ,55.0,438,-2,0,0,4,8.5,1,59.6,37.0,1.0,2026-07-18,未勝利,0.0
9113,函館,1000,ダート,良,短い,フラット,7,ドリームガッサン,6,牝,3,遠藤,美浦 鈴木伸,先行,52.0,442,0,0,0,1,2.3,2,59.9,36.8,6.0,2026-07-18,未勝利,0.0
9113,函館,1000,ダート,良,短い,フラット,12,ペイシャクロス,8,牝,3,長浜,美浦 粕谷,差し,54.0,458,0,0,0,9,41.7,3,60.0,36.6,8.0,2026-07-18,未勝利,0.0
9113,函館,1000,ダート,良,短い,フラット,10,コシタンタン,7,牝,3,河原田,美浦 竹内,逃げ,51.0,390,2,0,0,6,20.1,4,60.1,37.4,3.0,2026-07-18,未勝利,0.0
9113,函館,1000,ダート,良,短い,フラット,9,ジャストキュート,7,牝,3,横山琉,美浦 武藤,先行,55.0,466,-2,0,0,12,123.7,5,60.1,37.2,5.0,2026-07-18,未勝利,0.0
9113,函館,1000,ダート,良,短い,フラット,5,チュラヴェール,5,牝,3,丹内,美浦 松山,逃げ,55.0,448,4,0,0,3,6.1,6,60.3,37.7,2.0,2026-07-18,未勝利,0.0
9113,函館,1000,ダート,良,短い,フラット,3,ジェッディンデデン,3,牝,3,黛,美浦 大和田,先行,55.0,478,-2,0,0,8,26.7,7,60.4,37.8,3.0,2026-07-18,未勝利,0.0
9113,函館,1000,ダート,良,短い,フラット,6,メメボス,5,牝,3,古川吉,栗東 飯田,追い込み,55.0,470,0,0,0,5,13.6,8,60.6,36.9,10.0,2026-07-18,未勝利,0.0
9113,函館,1000,ダート,良,短い,フラット,8,クリーンブーケ,6,牝,3,吉田隼,栗東 荒川,追い込み,55.0,410,-6,0,0,10,45.0,9,61.1,37.1,11.0,2026-07-18,未勝利,0.0
9113,函館,1000,ダート,良,短い,フラット,11,マーマレードスカイ,8,牝,3,佐々木,美浦 堀内,差し,55.0,406,-4,0,0,2,3.5,10,61.2,38.3,7.0,2026-07-18,未勝利,0.0
9113,函館,1000,ダート,良,短い,フラット,4,ブルーメンフェスト,4,牝,3,和田陽,栗東 緒方,差し,52.0,498,14,0,0,11,86.5,11,61.4,38.2,9.0,2026-07-18,未勝利,0.0
9113,函館,1000,ダート,良,短い,フラット,1,レディリリス,1,牝,3,鮫島駿,美浦 高柳瑞,追い込み,55.0,454,14,0,0,7,23.6,12,62.2,38.3,12.0,2026-07-18,未勝利,0.0
9114,函館,2400,ダート,良,短い,フラット,8,リバーソニック,6,牡,3,舟山,栗東 浜田,逃げ,56.0,450,-2,0,0,3,4.7,1,155.0,40.0,2.0,2026-07-18,未勝利,0.0
9114,函館,2400,ダート,良,短い,フラット,4,ウインガネーシャ,4,牡,3,丹内,美浦 高木,先行,57.0,468,6,0,0,2,4.4,2,155.3,40.6,5.0,2026-07-18,未勝利,0.0
9114,函館,2400,ダート,良,短い,フラット,11,ポップアップ,8,セ,3,佐々木,栗東 寺島,先行,57.0,474,-6,0,0,1,3.1,3,155.7,41.0,5.0,2026-07-18,未勝利,0.0
9114,函館,2400,ダート,良,短い,フラット,2,ザンテソーロ,2,牡,3,横山武,美浦 畠山,逃げ,57.0,466,10,0,0,4,6.1,4,155.8,41.6,1.0,2026-07-18,未勝利,0.0
9114,函館,2400,ダート,良,短い,フラット,5,ハイランダー,5,牡,3,吉田隼,美浦 大竹,差し,57.0,464,-6,0,0,5,10.4,5,156.1,40.8,8.0,2026-07-18,未勝利,0.0
9114,函館,2400,ダート,良,短い,フラット,3,マーゴットデウス,3,セ,3,小沢,栗東 今野,逃げ,57.0,494,4,0,0,6,16.4,6,156.2,41.7,2.0,2026-07-18,未勝利,0.0
9114,函館,2400,ダート,良,短い,フラット,9,フェンリル,7,牡,3,岩田康,美浦 高木,先行,57.0,500,0,0,0,10,54.8,7,156.5,42.0,2.0,2026-07-18,未勝利,0.0
9114,函館,2400,ダート,良,短い,フラット,1,ジャストグレース,1,牡,3,古川吉,栗東 大根田,差し,57.0,490,-2,0,0,8,19.7,8,157.3,42.7,5.0,2026-07-18,未勝利,0.0
9114,函館,2400,ダート,良,短い,フラット,12,エースオブゴールド,8,牡,3,横山琉,美浦 堀内,差し,57.0,480,2,0,0,11,121.0,9,157.6,42.5,9.0,2026-07-18,未勝利,0.0
9114,函館,2400,ダート,良,短い,フラット,7,エトワールブルー,6,牡,3,遠藤,栗東 本田,追い込み,54.0,516,2,0,0,12,128.4,10,158.3,42.5,9.0,2026-07-18,未勝利,0.0
9114,函館,2400,ダート,良,短い,フラット,10,ゴールデンボブ,7,牡,3,浜中,栗東 四位,追い込み,57.0,470,-8,0,0,7,16.7,11,158.8,41.4,12.0,2026-07-18,未勝利,0.0
9114,函館,2400,ダート,良,短い,フラット,6,リベンジャー,5,牡,3,斎藤,栗東 柴田,追い込み,57.0,490,-4,0,0,9,30.2,12,158.8,42.6,11.0,2026-07-18,未勝利,0.0
9115,函館,1200,芝,良,短い,フラット,8,ホウオウザロイヤル,4,牡,3,丹内,美浦 堀,逃げ,57.0,520,-6,0,0,1,2.2,1,68.6,34.5,1.0,2026-07-18,未勝利,0.0
9115,函館,1200,芝,良,短い,フラット,5,レッドアイスピア,3,牡,3,河原田,栗東 中竹,先行,53.0,450,-4,0,0,7,18.9,2,69.3,34.8,5.0,2026-07-18,未勝利,0.0
9115,函館,1200,芝,良,短い,フラット,3,スッサンエア,2,牝,3,鮫島駿,栗東 河嶋,逃げ,55.0,440,-2,0,0,3,8.8,3,69.4,35.1,2.0,2026-07-18,未勝利,0.0
9115,函館,1200,芝,良,短い,フラット,15,ココソラーレ,8,牝,3,舟山,美浦 天間,差し,54.0,422,0,0,0,5,15.1,4,69.9,34.9,10.0,2026-07-18,未勝利,0.0
9115,函館,1200,芝,良,短い,フラット,6,ガルフコースト,3,牡,3,佐々木,栗東 須貝,先行,57.0,522,0,0,0,8,19.1,5,70.0,35.3,7.0,2026-07-18,未勝利,0.0
9115,函館,1200,芝,良,短い,フラット,2,イズントイット,1,牝,3,小沢,栗東 岡田,差し,55.0,500,14,0,0,6,17.2,6,70.2,34.9,10.0,2026-07-18,未勝利,0.0
9115,函館,1200,芝,良,短い,フラット,1,ニシノオールワン,1,牝,3,武豊,美浦 加藤征,追い込み,55.0,454,0,0,0,2,3.7,7,70.2,34.5,14.0,2026-07-18,未勝利,0.0
9115,函館,1200,芝,良,短い,フラット,4,シバノパージャン,2,牡,3,遠藤,栗東 牧田,差し,54.0,440,-4,0,0,16,551.3,8,70.3,35.6,9.0,2026-07-18,未勝利,0.0
9115,函館,1200,芝,良,短い,フラット,10,メカニックバレエ,5,牝,3,横山和,栗東 中村,逃げ,55.0,430,20,0,0,10,40.9,9,70.3,36.1,2.0,2026-07-18,未勝利,0.0
9115,函館,1200,芝,良,短い,フラット,7,オリヒメボシ,4,牝,3,北村友,栗東 庄野,追い込み,55.0,428,2,0,0,12,61.4,10,70.3,34.9,13.0,2026-07-18,未勝利,0.0
9115,函館,1200,芝,良,短い,フラット,12,エルファリス,6,牝,3,荻野琢,美浦 加藤和,追い込み,55.0,448,0,0,0,14,386.7,11,70.5,34.8,15.0,2026-07-18,未勝利,0.0
9115,函館,1200,芝,良,短い,フラット,14,スノーガーネット,7,牝,3,横山琉,栗東 中尾,先行,55.0,480,2,0,0,4,11.0,12,70.5,36.0,7.0,2026-07-18,未勝利,0.0
9115,函館,1200,芝,良,短い,フラット,11,シュヴェスター,6,牝,3,川又,栗東 高橋亮,差し,55.0,422,-2,0,0,13,209.2,13,70.8,36.1,10.0,2026-07-18,未勝利,0.0
9115,函館,1200,芝,良,短い,フラット,9,エコロデュラン,5,牡,3,古川奈,栗東 矢作,逃げ,55.0,448,2,0,0,11,46.4,14,70.8,36.6,2.0,2026-07-18,未勝利,0.0
9115,函館,1200,芝,良,短い,フラット,13,デルマアサマ,7,牡,3,和田陽,栗東 森田,追い込み,54.0,454,4,0,0,15,518.9,15,71.2,35.5,15.0,2026-07-18,未勝利,0.0
9115,函館,1200,芝,良,短い,フラット,16,ヨドノサファイア,8,牝,3,横山武,美浦 稲垣,先行,55.0,442,0,0,0,9,32.8,16,71.5,37.3,5.0,2026-07-18,未勝利,0.0
9116,函館,1700,ダート,良,短い,フラット,8,ホウオウライセンス,5,牡,3,横山武,美浦 稲垣,逃げ,57.0,502,4,0,0,11,24.5,1,106.3,37.5,1.0,2026-07-18,未勝利,0.0
9116,函館,1700,ダート,良,短い,フラット,2,バンダムソレール,2,牡,3,河原田,栗東 小栗,先行,53.0,472,0,0,0,10,24.4,2,106.7,37.4,5.0,2026-07-18,未勝利,0.0
9116,函館,1700,ダート,良,短い,フラット,6,イトシサ,4,牡,3,舟山,美浦 田中博,逃げ,56.0,506,-8,0,0,3,6.2,3,107.1,38.1,2.0,2026-07-18,未勝利,0.0
9116,函館,1700,ダート,良,短い,フラット,9,ペガサスウィンド,6,牝,3,鮫島駿,栗東 宮地,逃げ,55.0,496,-4,0,0,4,6.3,4,107.6,38.7,2.0,2026-07-18,未勝利,0.0
9116,函館,1700,ダート,良,短い,フラット,7,フロムザムーン,5,牡,3,大久保,栗東 畑端,追い込み,54.0,452,-4,0,0,14,277.1,5,107.6,37.5,12.0,2026-07-18,未勝利,0.0
9116,函館,1700,ダート,良,短い,フラット,12,モンロワイヤル,7,牡,3,丹内,栗東 牧浦,先行,57.0,460,2,0,0,1,4.4,6,107.6,38.4,5.0,2026-07-18,未勝利,0.0
9116,函館,1700,ダート,良,短い,フラット,14,メイショウセンドウ,8,牡,3,吉田隼,栗東 飯田,差し,57.0,470,4,0,0,2,4.8,7,107.7,38.1,8.0,2026-07-18,未勝利,0.0
9116,函館,1700,ダート,良,短い,フラット,1,サンオブザサン,1,牡,3,斎藤,栗東 高橋一,追い込み,57.0,510,0,0,0,8,13.4,8,107.8,38.4,11.0,2026-07-18,未勝利,0.0
9116,函館,1700,ダート,良,短い,フラット,13,レースクイーン,8,牝,3,横山琉,美浦 蛯名利,先行,55.0,424,8,0,0,9,20.8,9,107.8,38.9,2.0,2026-07-18,未勝利,0.0
9116,函館,1700,ダート,良,短い,フラット,4,コウソクユノ,3,牝,3,長浜,美浦 中舘,先行,54.0,424,-6,0,0,6,10.7,10,107.8,38.6,5.0,2026-07-18,未勝利,0.0
9116,函館,1700,ダート,良,短い,フラット,3,チャーチルデュース,3,牡,3,武豊,栗東 松永幹,追い込み,57.0,500,-4,0,0,5,10.2,11,108.3,38.4,12.0,2026-07-18,未勝利,0.0
9116,函館,1700,ダート,良,短い,フラット,5,ディープマウンテン,4,牝,3,鷲頭,美浦 深山,差し,53.0,414,12,0,0,13,95.5,12,108.5,39.2,8.0,2026-07-18,未勝利,0.0
9116,函館,1700,ダート,良,短い,フラット,11,ルージュプルーヴ,7,牝,3,小沢,栗東 中内田,差し,55.0,454,-4,0,0,12,60.4,13,108.6,39.3,8.0,2026-07-18,未勝利,0.0
9116,函館,1700,ダート,良,短い,フラット,10,ダノンアクション,6,牡,3,横山和,栗東 安田,追い込み,57.0,484,-4,0,0,7,13.3,14,109.2,39.3,12.0,2026-07-18,未勝利,0.0
9117,函館,1800,芝,良,短い,フラット,12,ショウナンマルチ,8,牡,3,池添,美浦 大竹,逃げ,57.0,508,0,0,0,2,3.6,1,107.9,35.8,3.0,2026-07-18,未勝利,0.0
9117,函館,1800,芝,良,短い,フラット,2,トリニタリオ,2,牡,3,横山和,美浦 勢司,先行,57.0,430,-4,0,0,1,2.0,2,107.9,35.6,4.0,2026-07-18,未勝利,0.0
9117,函館,1800,芝,良,短い,フラット,6,コスモクラシック,5,牡,3,和田陽,美浦 嘉藤,逃げ,54.0,494,8,0,0,9,36.2,3,108.3,36.9,1.0,2026-07-18,未勝利,0.0
9117,函館,1800,芝,良,短い,フラット,7,カリドーラ,6,牝,3,長浜,美浦 中舘,追い込み,54.0,492,8,0,0,8,27.2,4,108.9,35.7,10.0,2026-07-18,未勝利,0.0
9117,函館,1800,芝,良,短い,フラット,10,グローリーバローズ,7,セ,3,鮫島駿,栗東 辻野,先行,57.0,428,-2,0,0,10,41.9,5,109.0,36.4,6.0,2026-07-18,未勝利,0.0
9117,函館,1800,芝,良,短い,フラット,11,ジュラトリー,8,牝,3,横山武,美浦 池上,逃げ,55.0,452,-2,0,0,3,8.8,6,109.0,37.6,2.0,2026-07-18,未勝利,0.0
9117,函館,1800,芝,良,短い,フラット,4,エイシンリーガル,4,牡,3,松本,栗東 高橋康,差し,57.0,468,0,0,0,7,24.2,7,109.1,36.3,8.0,2026-07-18,未勝利,0.0
9117,函館,1800,芝,良,短い,フラット,8,ホテルストリート,6,牝,3,丹内,美浦 伊藤大,先行,55.0,494,-2,0,0,5,15.5,8,109.1,36.9,5.0,2026-07-18,未勝利,0.0
9117,函館,1800,芝,良,短い,フラット,5,テンユウ,5,牡,3,佐々木,美浦 奥村武,追い込み,57.0,478,-4,0,0,4,9.4,9,109.5,36.3,10.0,2026-07-18,未勝利,0.0
9117,函館,1800,芝,良,短い,フラット,1,ファインブライト,1,牡,3,舟山,美浦 佐藤吉,差し,56.0,482,0,0,0,11,75.1,10,109.6,37.0,7.0,2026-07-18,未勝利,0.0
9117,函館,1800,芝,良,短い,フラット,9,イーサンミラー,7,牡,3,横山琉,美浦 稲垣,差し,57.0,422,4,0,0,6,21.0,11,109.7,36.9,8.0,2026-07-18,未勝利,0.0
9117,函館,1800,芝,良,短い,フラット,3,ホウショウリュウ,3,牡,3,岩田康,美浦 本間,追い込み,57.0,470,0,0,0,12,184.3,12,115.0,40.5,12.0,2026-07-18,未勝利,0.0
9116,函館,1700,ダート,良,短い,フラット,8,パラダイスフェイス,5,牡,3,古川吉,美浦 牧,逃げ,55.0,506,-2,0,0,1,3.1,1,105.3,38.2,2.0,2026-07-18,未勝利,0.0
9116,函館,1700,ダート,良,短い,フラット,11,ストロングボーイ,7,牡,3,武豊,栗東 野中,先行,55.0,526,4,0,0,2,3.5,2,105.7,38.0,6.0,2026-07-18,未勝利,0.0
9116,函館,1700,ダート,良,短い,フラット,2,タイセイデクスター,2,牡,4,黛,美浦 伊藤圭,逃げ,58.0,502,-6,0,0,12,90.2,3,105.8,38.5,3.0,2026-07-18,未勝利,0.0
9116,函館,1700,ダート,良,短い,フラット,7,グランセレスト,5,牡,3,丹内,美浦 竹内,逃げ,55.0,532,14,0,0,3,7.2,4,105.8,38.9,1.0,2026-07-18,未勝利,0.0
9116,函館,1700,ダート,良,短い,フラット,4,ディアスポラ,3,牡,5,岩田康,美浦 田中剛,先行,58.0,516,-2,0,0,7,30.8,5,106.0,38.4,6.0,2026-07-18,未勝利,0.0
9116,函館,1700,ダート,良,短い,フラット,1,エンダードラゴン,1,牡,4,浜中,栗東 友道,先行,58.0,514,-6,0,0,5,8.2,6,106.1,38.8,3.0,2026-07-18,未勝利,0.0
9116,函館,1700,ダート,良,短い,フラット,10,タイセツナヒ,6,牡,3,佐々木,美浦 杉浦,差し,55.0,470,6,0,0,8,31.4,7,107.0,38.9,8.0,2026-07-18,未勝利,0.0
9116,函館,1700,ダート,良,短い,フラット,14,ホウオウバローロ,8,牡,5,鷲頭,栗東 前川,先行,56.0,466,-2,0,0,4,8.2,8,107.0,39.8,3.0,2026-07-18,未勝利,0.0
9116,函館,1700,ダート,良,短い,フラット,3,イサギ,3,牡,3,小沢,栗東 小椋,差し,55.0,474,-6,0,0,10,38.6,9,107.0,38.8,10.0,2026-07-18,未勝利,0.0
9116,函館,1700,ダート,良,短い,フラット,6,ノリノドラゴン,4,牡,3,吉田隼,栗東 荒川,追い込み,55.0,432,-4,0,0,9,31.8,10,107.2,38.5,10.0,2026-07-18,未勝利,0.0
9116,函館,1700,ダート,良,短い,フラット,12,カーマンライン,7,セ,5,遠藤,美浦 小島,差し,55.0,496,4,0,0,11,55.0,11,107.9,39.7,8.0,2026-07-18,未勝利,0.0
9116,函館,1700,ダート,良,短い,フラット,5,ウィズマスタング,4,牡,4,横山武,美浦 高橋文,追い込み,58.0,446,-8,0,0,6,9.6,12,108.9,40.8,12.0,2026-07-18,未勝利,0.0
9116,函館,1700,ダート,良,短い,フラット,9,シェーンルスカ,6,牝,4,河原田,美浦 本間,追い込み,52.0,488,10,0,0,14,212.2,13,109.8,41.4,13.0,2026-07-18,未勝利,0.0
9116,函館,1700,ダート,良,短い,フラット,13,ガラスノブルース,8,牡,5,長浜,美浦 石栗,追い込み,57.0,454,8,0,0,13,143.0,14,110.9,42.9,14.0,2026-07-18,未勝利,0.0
9118,函館,2600,芝,良,短い,フラット,6,マイネルゼウス,5,牡,4,丹内,美浦 奥村武,逃げ,58.0,416,-2,0,0,6,24.6,1,160.7,37.4,1.0,2026-07-18,未勝利,0.0
9118,函館,2600,芝,良,短い,フラット,1,ワンダフルデイズ,1,牡,3,横山琉,栗東 高橋忠,逃げ,55.0,496,-8,0,0,4,11.8,2,160.9,35.7,3.0,2026-07-18,未勝利,0.0
9118,函館,2600,芝,良,短い,フラット,3,バルドル,3,牡,3,横山和,美浦 池上,逃げ,55.0,442,-4,0,0,7,25.6,3,161.4,36.6,2.0,2026-07-18,未勝利,0.0
9118,函館,2600,芝,良,短い,フラット,5,アーレムアレス,5,牡,3,武豊,栗東 橋口,先行,55.0,498,14,0,0,1,1.4,4,161.7,36.2,5.0,2026-07-18,未勝利,0.0
9118,函館,2600,芝,良,短い,フラット,12,マテンロウオリジン,8,牡,3,池添,栗東 坂口,先行,55.0,482,-2,0,0,2,6.0,5,162.2,36.4,6.0,2026-07-18,未勝利,0.0
9118,函館,2600,芝,良,短い,フラット,4,テイクザクラウン,4,牡,5,川又,栗東 吉村,差し,58.0,452,2,0,0,5,17.1,6,162.3,36.8,6.0,2026-07-18,未勝利,0.0
9118,函館,2600,芝,良,短い,フラット,7,アスクファイアモア,6,牡,3,吉田隼,栗東 矢作,追い込み,55.0,490,-18,0,0,8,37.4,7,162.3,36.3,11.0,2026-07-18,未勝利,0.0
9118,函館,2600,芝,良,短い,フラット,9,ペリプルス,7,牡,6,舟山,美浦 室井,差し,57.0,444,6,0,0,10,88.0,8,162.3,36.4,9.0,2026-07-18,未勝利,0.0
9118,函館,2600,芝,良,短い,フラット,2,シャインバオバブ,2,牡,4,古川吉,栗東 本田,追い込み,58.0,506,-4,0,0,9,71.8,9,162.5,36.6,9.0,2026-07-18,未勝利,0.0
9118,函館,2600,芝,良,短い,フラット,10,メイショウテンク,7,牡,3,斎藤,栗東 荒川,差し,55.0,446,-2,0,0,3,7.4,10,163.1,37.6,6.0,2026-07-18,未勝利,0.0
9118,函館,2600,芝,良,短い,フラット,8,ジーティートシオー,6,牡,4,荻野琢,栗東 西村,追い込み,58.0,476,4,0,0,11,222.5,11,163.6,37.5,12.0,2026-07-18,未勝利,0.0
9118,函館,2600,芝,良,短い,フラット,11,エリナ,8,牝,4,大久保,美浦 戸田,先行,53.0,416,-6,0,0,12,433.4,12,164.8,40.0,4.0,2026-07-18,未勝利,0.0
9117,函館,1800,芝,良,短い,フラット,5,ドッグウッド,4,牡,3,斎藤,美浦 斎藤誠,差し,55.0,460,2,0,0,1,2.2,1,107.6,35.1,7.0,2026-07-18,1勝クラス,1.0
9117,函館,1800,芝,良,短い,フラット,7,マイネルシンベリン,5,牡,3,丹内,美浦 武市,逃げ,55.0,450,-4,0,0,2,4.3,2,107.7,35.8,3.0,2026-07-18,1勝クラス,1.0
9117,函館,1800,芝,良,短い,フラット,4,グランセゾン,4,牝,4,鮫島駿,美浦 栗田,先行,56.0,470,-2,0,0,7,14.9,3,107.8,35.8,3.0,2026-07-18,1勝クラス,1.0
9117,函館,1800,芝,良,短い,フラット,2,アドミラルシップ,2,牡,5,横山武,美浦 相沢,逃げ,58.0,474,2,0,0,4,9.9,4,107.8,36.2,2.0,2026-07-18,1勝クラス,1.0
9117,函館,1800,芝,良,短い,フラット,10,ディーリライズ,7,牡,3,浜中,栗東 緒方,差し,55.0,486,2,0,0,3,8.7,5,107.8,35.3,9.0,2026-07-18,1勝クラス,1.0
9117,函館,1800,芝,良,短い,フラット,12,コウギョク,8,牝,3,横山和,栗東 昆,先行,53.0,442,4,0,0,8,20.6,6,107.9,35.7,6.0,2026-07-18,1勝クラス,1.0
9117,函館,1800,芝,良,短い,フラット,11,マイバラード,7,牡,6,横山琉,美浦 松永康,追い込み,58.0,474,2,0,0,13,123.5,7,108.3,35.5,12.0,2026-07-18,1勝クラス,1.0
9117,函館,1800,芝,良,短い,フラット,1,マカナアネラ,1,牡,3,松本,栗東 角田,逃げ,55.0,450,-8,0,0,6,13.4,8,108.6,37.0,1.0,2026-07-18,1勝クラス,1.0
9117,函館,1800,芝,良,短い,フラット,13,ゴーゴータカシ,8,セ,4,吉田隼,美浦 武井,先行,58.0,480,2,0,0,5,11.1,9,108.6,36.9,3.0,2026-07-18,1勝クラス,1.0
9117,函館,1800,芝,良,短い,フラット,3,ホウオウペトリュス,3,牝,5,岩田康,栗東 須貝,追い込み,56.0,464,8,0,0,12,94.3,10,108.6,36.2,12.0,2026-07-18,1勝クラス,1.0
9117,函館,1800,芝,良,短い,フラット,6,ビービーバザーク,5,牡,4,和田陽,栗東 武幸,差し,58.0,504,22,0,0,11,66.3,11,109.1,37.1,7.0,2026-07-18,1勝クラス,1.0
9117,函館,1800,芝,良,短い,フラット,9,ウインポセイドン,6,牡,4,佐々木,栗東 奥村豊,追い込み,58.0,490,6,0,0,9,44.7,12,109.1,36.7,9.0,2026-07-18,1勝クラス,1.0
9117,函館,1800,芝,良,短い,フラット,8,ハミルトン,6,牡,4,北村友,栗東 高野,追い込み,58.0,522,0,0,0,10,56.9,13,109.9,37.7,9.0,2026-07-18,1勝クラス,1.0
9115,函館,1200,芝,良,短い,フラット,10,アパッシメント,8,セ,4,佐々木,美浦 堀,逃げ,58.0,468,-8,0,0,2,5.1,1,68.3,34.2,2.0,2026-07-18,2勝クラス,2.0
9115,函館,1200,芝,良,短い,フラット,4,マナボニート,4,牝,3,丹内,栗東 北出,逃げ,53.0,484,0,0,0,1,1.6,2,68.8,34.8,1.0,2026-07-18,2勝クラス,2.0
9115,函館,1200,芝,良,短い,フラット,5,フードマン,5,牡,4,鮫島駿,栗東 小栗,差し,58.0,474,-6,0,0,3,6.8,3,69.1,34.5,6.0,2026-07-18,2勝クラス,2.0
9115,函館,1200,芝,良,短い,フラット,6,バシレウスシチー,6,牡,7,小沢,栗東 岡田,先行,58.0,450,0,0,0,8,32.7,4,69.3,34.9,3.0,2026-07-18,2勝クラス,2.0
9115,函館,1200,芝,良,短い,フラット,8,マジカルフェアリー,7,牝,4,舟山,栗東 寺島,先行,56.0,450,-4,0,0,4,7.5,5,69.3,35.0,3.0,2026-07-18,2勝クラス,2.0
9115,函館,1200,芝,良,短い,フラット,7,サンドロナイト,7,牝,5,北村友,栗東 茶木,追い込み,56.0,460,0,0,0,6,26.8,6,69.3,34.3,8.0,2026-07-18,2勝クラス,2.0
9115,函館,1200,芝,良,短い,フラット,9,エクストラバック,8,牡,5,横山琉,栗東 前川,先行,58.0,510,-4,0,0,7,28.8,7,69.5,35.2,3.0,2026-07-18,2勝クラス,2.0
9115,函館,1200,芝,良,短い,フラット,3,ムチャスグラシアス,3,牝,5,吉田隼,美浦 菊川,追い込み,56.0,440,-2,0,0,9,64.8,8,69.6,34.7,9.0,2026-07-18,2勝クラス,2.0
9115,函館,1200,芝,良,短い,フラット,1,フミサウンド,1,牡,6,浜中,美浦 鹿戸,差し,58.0,450,-8,0,0,5,18.4,9,69.7,35.1,6.0,2026-07-18,2勝クラス,2.0
9115,函館,1200,芝,良,短い,フラット,2,ストリンジェンド,2,牡,6,斎藤,栗東 加藤公,追い込み,58.0,474,-2,0,0,10,124.0,10,71.0,35.6,10.0,2026-07-18,2勝クラス,2.0
9116,函館,1700,ダート,良,短い,フラット,10,ウェイワードアクト,7,牡,6,舟山,美浦 田中博,逃げ,58.0,540,-3,0,0,1,3.7,1,102.8,37.5,1.0,2026-07-18,オープン,4.0
9116,函館,1700,ダート,良,短い,フラット,12,レヴォントゥレット,8,牡,5,北村友,栗東 矢作,先行,56.5,492,4,0,0,2,6.5,2,103.4,37.7,4.0,2026-07-18,オープン,4.0
9116,函館,1700,ダート,良,短い,フラット,11,ヒルノハンブルク,7,牡,4,武豊,栗東 武英,先行,56.0,468,2,0,0,3,7.1,3,103.6,37.6,4.0,2026-07-18,オープン,4.0
9116,函館,1700,ダート,良,短い,フラット,3,オウギノカナメ,3,牡,6,丹内,美浦 高木,逃げ,55.0,482,-2,0,0,10,19.3,4,103.9,38.3,2.0,2026-07-18,オープン,4.0
9116,函館,1700,ダート,良,短い,フラット,4,ホールシバン,4,セ,8,横山琉,栗東 高橋忠,追い込み,56.0,536,-4,0,0,12,55.9,5,103.9,37.2,11.0,2026-07-18,オープン,4.0
9116,函館,1700,ダート,良,短い,フラット,6,テーオードレフォン,5,牡,7,古川吉,栗東 梅田,先行,57.5,498,-2,0,0,11,50.0,6,104.1,38.1,4.0,2026-07-18,オープン,4.0
9116,函館,1700,ダート,良,短い,フラット,8,ハグ,6,牡,4,鮫島駿,栗東 藤岡健,差し,56.0,518,4,0,0,6,10.3,7,104.6,38.5,7.0,2026-07-18,オープン,4.0
9116,函館,1700,ダート,良,短い,フラット,7,ラタフォレスト,5,牡,5,横山武,美浦 加藤征,差し,57.0,502,-4,0,0,4,7.8,8,104.6,38.2,8.0,2026-07-18,オープン,4.0
9116,函館,1700,ダート,良,短い,フラット,1,チュウワクリスエス,1,牡,4,横山和,美浦 栗田,追い込み,56.0,512,12,0,0,7,10.8,9,104.7,38.1,11.0,2026-07-18,オープン,4.0
9116,函館,1700,ダート,良,短い,フラット,5,イガッチ,4,牡,4,池添,栗東 笹田,差し,55.0,482,-2,0,0,5,8.4,10,105.2,39.1,8.0,2026-07-18,オープン,4.0
9116,函館,1700,ダート,良,短い,フラット,9,アスクデビューモア,6,牡,5,鷲頭,栗東 福永,追い込み,54.0,464,6,0,0,13,74.1,11,105.2,38.4,13.0,2026-07-18,オープン,4.0
9116,函館,1700,ダート,良,短い,フラット,13,マーブルロック,8,牡,6,小沢,栗東 茶木,逃げ,55.0,516,-2,0,0,8,12.7,12,105.5,40.0,3.0,2026-07-18,オープン,4.0
9116,函館,1700,ダート,良,短い,フラット,2,コトホドサヨウニ,2,牡,5,佐々木,栗東 奥村豊,追い込み,57.0,514,-8,0,0,9,14.3,13,106.7,40.8,10.0,2026-07-18,オープン,4.0
9115,函館,1200,芝,良,短い,フラット,1,ラミアメンテ,1,牝,4,丹内,美浦 堀,差し,56.0,490,-8,0,0,4,6.9,1,69.4,35.0,7.0,2026-07-18,未勝利,0.0
9115,函館,1200,芝,良,短い,フラット,3,ハーモニーソング,3,牝,4,北村友,美浦 田島,逃げ,56.0,458,2,0,0,2,6.1,2,69.5,35.4,3.0,2026-07-18,未勝利,0.0
9115,函館,1200,芝,良,短い,フラット,7,ルージュベルベット,6,牝,5,舟山,美浦 浅利,先行,55.0,454,0,0,0,7,10.9,2,69.5,35.2,5.0,2026-07-18,未勝利,0.0
9115,函館,1200,芝,良,短い,フラット,6,バレンタインビスタ,5,牝,3,佐々木,美浦 蛯名正,逃げ,53.0,470,-6,0,0,1,3.5,4,69.6,35.7,1.0,2026-07-18,未勝利,0.0
9115,函館,1200,芝,良,短い,フラット,9,エコロハート,7,牝,4,鮫島駿,栗東 須貝,追い込み,56.0,428,-4,0,0,9,18.4,5,69.7,34.8,12.0,2026-07-18,未勝利,0.0
9115,函館,1200,芝,良,短い,フラット,11,メラヴィリオーザ,8,牝,6,黛,栗東 秋山,差し,56.0,472,-6,0,0,12,124.1,6,69.8,35.0,9.0,2026-07-18,未勝利,0.0
9115,函館,1200,芝,良,短い,フラット,10,ランプローグ,7,牝,3,横山武,美浦 矢野,逃げ,53.0,416,12,0,0,3,6.5,7,70.0,35.9,2.0,2026-07-18,未勝利,0.0
9115,函館,1200,芝,良,短い,フラット,2,オンザヴィーナス,2,牝,5,河原田,美浦 大和田,差し,52.0,454,0,0,0,8,12.7,8,70.1,35.5,8.0,2026-07-18,未勝利,0.0
9115,函館,1200,芝,良,短い,フラット,4,ルージュナリッシュ,4,牝,4,横山和,美浦 手塚徳,追い込み,56.0,460,0,0,0,6,9.7,9,70.2,35.5,9.0,2026-07-18,未勝利,0.0
9115,函館,1200,芝,良,短い,フラット,5,メイショウハッケイ,5,牝,3,浜中,栗東 本田,追い込み,53.0,466,-4,0,0,5,7.3,10,70.3,35.5,9.0,2026-07-18,未勝利,0.0
9115,函館,1200,芝,良,短い,フラット,8,アルバニー,6,牝,5,斎藤,栗東 千田,先行,56.0,462,-4,0,0,11,69.2,11,70.6,36.5,3.0,2026-07-18,未勝利,0.0
9115,函館,1200,芝,良,短い,フラット,12,アルマロクザン,8,牝,6,遠藤,美浦 伊藤伸,先行,53.0,488,0,0,0,10,43.9,12,70.6,36.3,5.0,2026-07-18,未勝利,0.0
9119,福島,1700,ダート,稍重,短い,フラット,2,ヒロイックヴァース,2,牡,3,石田,美浦 浅利,逃げ,54.0,476,-4,0,0,3,5.4,1,106.1,38.7,2.0,2026-07-12,未勝利,0.0
9119,福島,1700,ダート,稍重,短い,フラット,15,クリムゾンリーフ,8,牡,3,坂井,美浦 加藤士,逃げ,57.0,472,2,0,0,1,1.7,2,106.2,39.2,1.0,2026-07-12,未勝利,0.0
9119,福島,1700,ダート,稍重,短い,フラット,1,フィーユレアル,1,牝,3,上里,美浦 斎藤誠,逃げ,52.0,478,2,0,0,7,39.9,3,106.7,39.0,3.0,2026-07-12,未勝利,0.0
9119,福島,1700,ダート,稍重,短い,フラット,3,ゴットタレント,2,牡,3,杉原,美浦 中舘,差し,57.0,452,2,0,0,5,18.1,4,107.3,38.8,8.0,2026-07-12,未勝利,0.0
9119,福島,1700,ダート,稍重,短い,フラット,14,サングラント,8,牡,3,戸崎圭,美浦 金成,先行,57.0,466,-2,0,0,2,5.2,5,107.5,40.0,3.0,2026-07-12,未勝利,0.0
9119,福島,1700,ダート,稍重,短い,フラット,6,アーティキュレート,4,牡,3,菊沢,美浦 手塚久,先行,57.0,492,-2,0,0,4,9.7,6,107.8,40.0,7.0,2026-07-12,未勝利,0.0
9119,福島,1700,ダート,稍重,短い,フラット,4,トランセンコ,3,牝,3,木幡育,美浦 松永康,差し,55.0,446,-6,0,0,11,97.3,7,108.4,40.2,8.0,2026-07-12,未勝利,0.0
9119,福島,1700,ダート,稍重,短い,フラット,10,ペイシャオーヴァル,6,牡,3,松岡,美浦 伊藤伸,追い込み,57.0,494,0,0,0,15,236.7,8,109.0,39.7,13.0,2026-07-12,未勝利,0.0
9119,福島,1700,ダート,稍重,短い,フラット,13,レアリゼソンレーヴ,7,牡,3,三浦,美浦 大竹,追い込み,57.0,474,2,0,0,6,18.2,9,109.5,40.7,12.0,2026-07-12,未勝利,0.0
9119,福島,1700,ダート,稍重,短い,フラット,8,レヴェンドール,5,牝,3,石神道,美浦 柄崎,差し,52.0,454,2,0,0,13,155.8,10,110.1,42.1,10.0,2026-07-12,未勝利,0.0
9119,福島,1700,ダート,稍重,短い,フラット,9,ディメンシア,5,牡,3,野中,美浦 稲垣,追い込み,57.0,492,0,0,0,14,178.7,11,110.3,39.6,14.0,2026-07-12,未勝利,0.0
9119,福島,1700,ダート,稍重,短い,フラット,5,グラスフェザー,3,牡,3,木幡巧,美浦 田島,差し,57.0,488,2,0,0,12,108.3,12,110.5,42.2,10.0,2026-07-12,未勝利,0.0
9119,福島,1700,ダート,稍重,短い,フラット,12,ジュンヴィヴァン,7,牡,3,荻野極,美浦 伊坂,先行,57.0,488,2,0,0,10,92.8,13,110.8,43.7,3.0,2026-07-12,未勝利,0.0
9119,福島,1700,ダート,稍重,短い,フラット,7,ニシノトマラナイ,4,セ,3,佐藤,美浦 矢野,先行,54.0,462,-2,0,0,8,40.9,14,111.0,43.4,6.0,2026-07-12,未勝利,0.0
9119,福島,1700,ダート,稍重,短い,フラット,11,ルストラーレ,6,牡,3,原,美浦 黒岩,追い込み,57.0,548,0,0,0,9,77.8,15,111.7,40.9,15.0,2026-07-12,未勝利,0.0
9120,福島,2000,芝,稍重,短い,フラット,9,ヴァルカンテソーロ,5,牡,3,戸崎圭,美浦 嘉藤,逃げ,57.0,450,0,0,0,1,1.5,1,120.5,36.0,2.0,2026-07-12,未勝利,0.0
9120,福島,2000,芝,稍重,短い,フラット,13,ブライスフェアリー,7,牝,3,松岡,美浦 堀内,逃げ,55.0,416,-4,0,0,7,19.5,2,120.5,36.3,2.0,2026-07-12,未勝利,0.0
9120,福島,2000,芝,稍重,短い,フラット,6,ミナヅキ,3,牡,3,石橋脩,美浦 清水英,逃げ,57.0,460,-6,0,0,2,6.1,3,120.5,36.8,1.0,2026-07-12,未勝利,0.0
9120,福島,2000,芝,稍重,短い,フラット,7,オーブレーヌ,4,牝,3,石神道,美浦 和田郎,先行,52.0,380,-8,0,0,8,29.9,4,120.8,36.2,6.0,2026-07-12,未勝利,0.0
9120,福島,2000,芝,稍重,短い,フラット,15,チャンピオンホープ,8,牡,3,三浦,美浦 勢司,差し,57.0,472,2,0,0,3,10.6,5,121.3,36.3,9.0,2026-07-12,未勝利,0.0
9120,福島,2000,芝,稍重,短い,フラット,2,エコロゼット,1,牡,3,菊沢,美浦 岩戸,逃げ,57.0,444,-2,0,0,5,15.8,6,121.9,37.5,4.0,2026-07-12,未勝利,0.0
9120,福島,2000,芝,稍重,短い,フラット,11,ギリーカラム,6,牡,3,岩田康,美浦 栗田,先行,57.0,522,0,0,0,6,19.1,7,122.2,37.5,7.0,2026-07-12,未勝利,0.0
9120,福島,2000,芝,稍重,短い,フラット,8,ソアサージュ,4,牝,3,吉田豊,美浦 浅利,差し,55.0,442,-4,0,0,16,300.9,8,122.3,37.6,10.0,2026-07-12,未勝利,0.0
9120,福島,2000,芝,稍重,短い,フラット,3,ウインベルチェーロ,2,牝,3,原,美浦 手塚久,追い込み,55.0,458,0,0,0,10,72.1,9,122.3,37.2,14.0,2026-07-12,未勝利,0.0
9120,福島,2000,芝,稍重,短い,フラット,16,ヴォンサクレ,8,牡,3,武藤,美浦 勢司,追い込み,57.0,486,14,0,0,9,48.1,10,122.3,37.1,14.0,2026-07-12,未勝利,0.0
9120,福島,2000,芝,稍重,短い,フラット,4,ヤマニンリンキング,2,牡,3,大野,美浦 辻,追い込み,57.0,430,0,0,0,4,15.5,11,122.3,36.7,16.0,2026-07-12,未勝利,0.0
9120,福島,2000,芝,稍重,短い,フラット,12,レイナエヴィータ,6,牝,3,小林脩,美浦 田中博,差し,55.0,502,0,0,0,11,75.7,12,122.4,37.6,10.0,2026-07-12,未勝利,0.0
9120,福島,2000,芝,稍重,短い,フラット,5,シュタットパーク,3,牡,3,小崎,美浦 金成,差し,57.0,468,-6,0,0,15,123.2,13,124.0,39.8,10.0,2026-07-12,未勝利,0.0
9120,福島,2000,芝,稍重,短い,フラット,14,スティールシップ,7,牡,3,嶋田,美浦 大竹,先行,57.0,484,0,0,0,13,94.1,14,124.2,40.1,7.0,2026-07-12,未勝利,0.0
9120,福島,2000,芝,稍重,短い,フラット,10,ホウオウショパン,5,セ,3,木幡巧,美浦 大竹,追い込み,57.0,520,0,0,0,14,108.4,15,124.8,40.4,13.0,2026-07-12,未勝利,0.0
9120,福島,2000,芝,稍重,短い,フラット,1,ウッケン,1,牝,3,上里,美浦 松山,先行,52.0,416,-4,0,0,12,80.3,16,125.7,42.0,4.0,2026-07-12,未勝利,0.0
9121,福島,1150,ダート,稍重,短い,フラット,12,ミラビリオン,6,牡,3,西村淳,美浦 伊坂,差し,57.0,494,6,0,0,7,15.7,1,69.3,36.6,9.0,2026-07-12,未勝利,0.0
9121,福島,1150,ダート,稍重,短い,フラット,6,ミスタートントン,3,牡,3,石神道,美浦 勢司,逃げ,54.0,466,12,0,0,2,4.6,2,69.4,37.4,3.0,2026-07-12,未勝利,0.0
9121,福島,1150,ダート,稍重,短い,フラット,10,ジェムシリカ,5,牝,3,江田照,美浦 千葉,逃げ,55.0,436,-6,0,0,9,36.0,3,69.5,38.0,1.0,2026-07-12,未勝利,0.0
9121,福島,1150,ダート,稍重,短い,フラット,5,ニンジャトットリ,3,牡,3,木幡育,美浦 松永康,先行,57.0,450,-8,0,0,6,15.0,4,69.6,37.6,5.0,2026-07-12,未勝利,0.0
9121,福島,1150,ダート,稍重,短い,フラット,7,イイクニパッション,4,牡,3,三浦,美浦 深山,先行,57.0,492,-6,0,0,5,9.7,5,69.6,37.4,5.0,2026-07-12,未勝利,0.0
9121,福島,1150,ダート,稍重,短い,フラット,11,ツクバヴァンガード,6,牡,3,佐藤,美浦 奥平,逃げ,54.0,482,-2,0,0,1,2.4,6,69.7,38.0,2.0,2026-07-12,未勝利,0.0
9121,福島,1150,ダート,稍重,短い,フラット,2,アドミ,1,牝,3,坂井,美浦 中川,先行,55.0,444,0,0,0,8,24.6,7,70.0,37.6,7.0,2026-07-12,未勝利,0.0
9121,福島,1150,ダート,稍重,短い,フラット,13,トリエンナーレ,7,牝,3,小崎,美浦 森一,追い込み,55.0,412,-2,0,0,14,272.4,8,70.1,37.0,13.0,2026-07-12,未勝利,0.0
9121,福島,1150,ダート,稍重,短い,フラット,3,ジャメビュ,2,牝,3,原,美浦 佐藤吉,追い込み,55.0,434,-2,0,0,11,62.7,9,70.3,37.4,13.0,2026-07-12,未勝利,0.0
9121,福島,1150,ダート,稍重,短い,フラット,16,マッシブショット,8,セ,3,小林脩,美浦 武藤,差し,57.0,446,-8,0,0,13,160.5,10,70.6,38.2,12.0,2026-07-12,未勝利,0.0
9121,福島,1150,ダート,稍重,短い,フラット,15,グラスアロー,8,牡,3,吉田豊,美浦 菊川,差し,57.0,482,-2,0,0,16,442.5,11,70.7,37.9,9.0,2026-07-12,未勝利,0.0
9121,福島,1150,ダート,稍重,短い,フラット,14,ユニオンジャック,7,牡,3,木幡初,美浦 竹内,追い込み,57.0,512,0,0,0,10,43.8,12,70.9,37.2,15.0,2026-07-12,未勝利,0.0
9121,福島,1150,ダート,稍重,短い,フラット,1,ピコランド,1,牡,3,荻野極,美浦 上原佑,先行,56.0,528,-2,0,0,3,6.6,13,71.0,38.6,7.0,2026-07-12,未勝利,0.0
9121,福島,1150,ダート,稍重,短い,フラット,8,フォワードシャッセ,4,牝,3,岩田康,美浦 奥村武,差し,55.0,484,0,0,0,4,8.8,14,71.2,39.4,9.0,2026-07-12,未勝利,0.0
9121,福島,1150,ダート,稍重,短い,フラット,9,オスロクィーン,5,牝,3,今村,美浦 武井,逃げ,53.0,444,4,0,0,12,69.1,15,71.4,39.7,4.0,2026-07-12,未勝利,0.0
9121,福島,1150,ダート,稍重,短い,フラット,4,パストゥザスターズ,2,牝,3,石田,美浦 水野,追い込み,52.0,444,12,0,0,15,425.3,16,71.9,38.1,15.0,2026-07-12,未勝利,0.0
9122,福島,1200,芝,稍重,短い,フラット,4,シャインフォーミー,2,牝,3,坂井,美浦 尾関,先行,55.0,442,12,0,0,2,4.3,1,70.2,35.6,8.0,2026-07-12,未勝利,0.0
9122,福島,1200,芝,稍重,短い,フラット,12,ラルルジェンヌ,6,牝,3,戸崎圭,美浦 和田郎,先行,55.0,408,-6,0,0,5,9.3,2,70.3,36.0,6.0,2026-07-12,未勝利,0.0
9122,福島,1200,芝,稍重,短い,フラット,10,ノーブルクロンヌ,5,牝,3,西村淳,美浦 高柳瑞,先行,55.0,442,-2,0,0,3,5.4,3,70.3,35.8,6.0,2026-07-12,未勝利,0.0
9122,福島,1200,芝,稍重,短い,フラット,8,フライスカイハイ,4,牝,3,大野,美浦 菊川,差し,55.0,406,-22,0,0,11,64.7,4,70.4,35.5,10.0,2026-07-12,未勝利,0.0
9122,福島,1200,芝,稍重,短い,フラット,13,スイートハイデン,7,牝,3,岩田康,美浦 菊川,差し,55.0,480,4,0,0,10,39.4,5,70.5,36.0,8.0,2026-07-12,未勝利,0.0
9122,福島,1200,芝,稍重,短い,フラット,6,インザライムライト,3,牝,3,Ｍデム,美浦 和田雄,逃げ,55.0,434,1,0,0,8,33.5,6,70.6,36.7,1.0,2026-07-12,未勝利,0.0
9122,福島,1200,芝,稍重,短い,フラット,7,リナシタ,4,牝,3,石神道,美浦 清水英,先行,52.0,436,0,0,0,9,35.8,7,70.6,36.4,5.0,2026-07-12,未勝利,0.0
9122,福島,1200,芝,稍重,短い,フラット,9,ウインディナナコ,5,牝,3,佐藤,美浦 勢司,差し,52.0,412,0,0,0,4,8.8,8,70.7,35.9,10.0,2026-07-12,未勝利,0.0
9122,福島,1200,芝,稍重,短い,フラット,3,マリノマーベラス,2,牝,3,石田,美浦 田島,追い込み,52.0,424,4,0,0,13,95.0,9,70.7,35.4,13.0,2026-07-12,未勝利,0.0
9122,福島,1200,芝,稍重,短い,フラット,14,ベルオーシャン,7,牝,3,今村,美浦 柄崎,差し,53.0,412,0,0,0,6,19.5,10,70.8,35.7,12.0,2026-07-12,未勝利,0.0
9122,福島,1200,芝,稍重,短い,フラット,11,キッショウダラニ,6,牡,3,木幡巧,美浦 牧,逃げ,57.0,436,0,0,0,1,2.6,11,70.8,36.8,2.0,2026-07-12,未勝利,0.0
9122,福島,1200,芝,稍重,短い,フラット,1,コスモシグルン,1,牝,3,柴田大,美浦 畠山,逃げ,55.0,490,20,0,0,7,20.2,12,71.0,36.8,2.0,2026-07-12,未勝利,0.0
9122,福島,1200,芝,稍重,短い,フラット,5,モーニングダリア,3,牝,3,吉田豊,美浦 高橋文,追い込み,55.0,416,4,0,0,15,289.7,13,71.5,35.6,15.0,2026-07-12,未勝利,0.0
9122,福島,1200,芝,稍重,短い,フラット,15,サクラモンストール,8,牡,3,菊沢,美浦 伊藤圭,逃げ,57.0,510,-8,0,0,14,105.2,14,73.4,39.3,2.0,2026-07-12,未勝利,0.0
9122,福島,1200,芝,稍重,短い,フラット,16,ダノンクラウディア,8,牡,3,小崎,美浦 森一,追い込み,57.0,502,6,0,0,12,71.8,15,74.8,39.9,14.0,2026-07-12,未勝利,0.0
9122,福島,1200,芝,稍重,短い,フラット,2,イマジェリーナ,1,牝,3,嶋田,美浦 加藤和,追い込み,55.0,466,0,0,0,16,382.0,16,74.9,37.0,16.0,2026-07-12,未勝利,0.0
9122,福島,1200,芝,稍重,短い,フラット,12,デンプシー,8,牡,3,戸崎圭,美浦 上原佑,逃げ,55.0,458,4,0,0,1,2.9,1,69.3,34.4,2.0,2026-07-12,未勝利,0.0
9122,福島,1200,芝,稍重,短い,フラット,6,アイアンパイク,5,牝,3,横山典,美浦 村田,先行,53.0,446,2,0,0,2,3.6,2,69.4,34.1,4.0,2026-07-12,未勝利,0.0
9122,福島,1200,芝,稍重,短い,フラット,9,ホウオウショコラ,7,牝,4,上里,美浦 大竹,逃げ,53.0,490,10,0,0,9,20.3,3,69.5,34.7,1.0,2026-07-12,未勝利,0.0
9122,福島,1200,芝,稍重,短い,フラット,8,ミスターマーボー,6,牡,3,菊沢,美浦 青木,先行,55.0,442,-6,0,0,3,4.9,4,69.7,34.3,6.0,2026-07-12,未勝利,0.0
9122,福島,1200,芝,稍重,短い,フラット,2,レッドカメリア,2,牝,6,嶋田,美浦 佐藤吉,追い込み,56.0,464,0,0,0,11,73.0,5,69.8,34.1,10.0,2026-07-12,未勝利,0.0
9122,福島,1200,芝,稍重,短い,フラット,7,ビッグフラワー,6,牡,5,小崎,美浦 加藤征,差し,58.0,490,6,0,0,8,18.2,6,69.9,34.4,6.0,2026-07-12,未勝利,0.0
9122,福島,1200,芝,稍重,短い,フラット,11,ザバルガド,8,牝,3,池添,美浦 奥村武,先行,53.0,446,-2,0,0,7,17.4,7,69.9,34.6,5.0,2026-07-12,未勝利,0.0
9122,福島,1200,芝,稍重,短い,フラット,3,ラブリーガール,3,牝,4,吉田豊,美浦 勢司,差し,56.0,456,4,0,0,4,9.2,8,69.9,34.2,6.0,2026-07-12,未勝利,0.0
9122,福島,1200,芝,稍重,短い,フラット,10,マイネルステラート,7,牡,4,木幡巧,美浦 高木,逃げ,58.0,468,4,0,0,6,16.5,9,70.0,34.9,3.0,2026-07-12,未勝利,0.0
9122,福島,1200,芝,稍重,短い,フラット,5,テルケンレンスキー,5,牡,3,木幡初,美浦 竹内,差し,55.0,482,6,0,0,10,42.7,10,70.8,35.3,6.0,2026-07-12,未勝利,0.0
9122,福島,1200,芝,稍重,短い,フラット,4,アイスブレイカー,4,牡,5,江田照,美浦 伊藤伸,追い込み,58.0,502,-6,0,0,12,261.6,11,71.3,35.1,12.0,2026-07-12,未勝利,0.0
9122,福島,1200,芝,稍重,短い,フラット,1,プリティーミズホ,1,牝,3,三浦,美浦 菊川,追い込み,53.0,462,2,0,0,5,16.5,12,73.8,38.0,11.0,2026-07-12,未勝利,0.0
9123,福島,1800,芝,稍重,短い,フラット,7,ブルスカメンテ,5,牝,4,石川,美浦 黒岩,逃げ,56.0,430,-12,0,0,2,4.7,1,107.4,35.3,3.0,2026-07-12,1勝クラス,1.0
9123,福島,1800,芝,稍重,短い,フラット,4,ジェルブロア,3,牝,4,坂井,栗東 矢作,逃げ,56.0,420,-6,0,0,4,7.9,2,107.5,35.7,2.0,2026-07-12,1勝クラス,1.0
9123,福島,1800,芝,稍重,短い,フラット,11,ニシノコマチムスメ,7,牝,5,大野,美浦 松山,追い込み,56.0,428,-10,0,0,14,176.3,3,108.0,35.4,11.0,2026-07-12,1勝クラス,1.0
9123,福島,1800,芝,稍重,短い,フラット,6,キューティリップ,4,牝,4,武藤,美浦 戸田,先行,56.0,448,0,0,0,5,11.3,4,108.2,35.9,7.0,2026-07-12,1勝クラス,1.0
9123,福島,1800,芝,稍重,短い,フラット,5,ロゼフェリシア,4,牝,4,三浦,美浦 浅利,先行,56.0,466,-6,0,0,7,16.3,5,108.2,36.3,3.0,2026-07-12,1勝クラス,1.0
9123,福島,1800,芝,稍重,短い,フラット,3,サフランルージュ,3,牝,3,野中,美浦 室井,差し,53.0,406,2,0,0,9,21.8,6,108.4,36.0,9.0,2026-07-12,1勝クラス,1.0
9123,福島,1800,芝,稍重,短い,フラット,1,クイーンズワーフ,1,牝,5,原,美浦 青木,逃げ,56.0,444,-2,0,0,6,12.5,7,108.4,36.9,1.0,2026-07-12,1勝クラス,1.0
9123,福島,1800,芝,稍重,短い,フラット,9,ノーブルクラウド,6,牝,3,吉田豊,美浦 久保田,追い込み,53.0,470,14,0,0,11,49.9,8,108.5,35.8,11.0,2026-07-12,1勝クラス,1.0
9123,福島,1800,芝,稍重,短い,フラット,12,ルージュリリック,7,牝,3,荻野極,美浦 上原佑,先行,53.0,458,-14,0,0,1,3.2,9,108.7,36.7,3.0,2026-07-12,1勝クラス,1.0
9123,福島,1800,芝,稍重,短い,フラット,10,サルワールカミーズ,6,牝,3,丸山,美浦 矢嶋,差し,53.0,462,6,0,0,3,5.0,10,108.7,36.5,7.0,2026-07-12,1勝クラス,1.0
9123,福島,1800,芝,稍重,短い,フラット,13,ユメシルベ,8,牝,3,柴田大,美浦 粕谷,差し,53.0,420,4,0,0,8,18.1,11,109.0,36.5,9.0,2026-07-12,1勝クラス,1.0
9123,福島,1800,芝,稍重,短い,フラット,2,ペプロス,2,牝,4,菊沢,美浦 矢野,先行,56.0,470,-4,0,0,10,35.2,12,109.0,36.9,3.0,2026-07-12,1勝クラス,1.0
9123,福島,1800,芝,稍重,短い,フラット,8,テンドリームガール,5,牝,4,石橋脩,美浦 矢野,追い込み,56.0,414,-2,0,0,13,119.5,13,109.3,36.8,11.0,2026-07-12,1勝クラス,1.0
9123,福島,1800,芝,稍重,短い,フラット,14,ヒサエノオモカゲ,8,牝,4,田辺,美浦 千葉,追い込み,56.0,486,-2,0,0,12,53.2,14,111.0,38.7,14.0,2026-07-12,1勝クラス,1.0
9119,福島,1700,ダート,稍重,短い,フラット,11,ドバイブルース,8,牡,5,坂井,美浦 加藤征,逃げ,58.0,500,0,0,0,2,4.3,1,103.1,36.6,2.0,2026-07-12,3勝クラス,3.0
9119,福島,1700,ダート,稍重,短い,フラット,3,リフレックス,3,牡,3,三浦,美浦 金成,先行,55.0,464,-2,0,0,1,3.0,2,103.8,37.1,3.0,2026-07-12,3勝クラス,3.0
9119,福島,1700,ダート,稍重,短い,フラット,8,オンザライン,7,セ,8,小崎,美浦 大和田,先行,58.0,450,-14,0,0,8,32.7,3,103.9,36.8,5.0,2026-07-12,3勝クラス,3.0
9119,福島,1700,ダート,稍重,短い,フラット,5,ゲキザル,5,牡,7,小林脩,美浦 青木,差し,58.0,474,4,0,0,9,56.4,4,104.1,37.0,5.0,2026-07-12,3勝クラス,3.0
9119,福島,1700,ダート,稍重,短い,フラット,6,サトミノエンジェル,6,牡,4,横山典,美浦 鈴木伸,先行,58.0,532,6,0,0,6,12.2,5,104.3,37.5,4.0,2026-07-12,3勝クラス,3.0
9119,福島,1700,ダート,稍重,短い,フラット,2,ジェイエルマスター,2,牡,4,田辺,美浦 平岩,差し,58.0,488,-10,0,0,3,4.5,6,104.4,37.3,5.0,2026-07-12,3勝クラス,3.0
9119,福島,1700,ダート,稍重,短い,フラット,1,ダカラフェスティヴ,1,牝,4,戸崎圭,美浦 奥平,追い込み,56.0,464,-8,0,0,7,21.0,7,105.1,37.2,10.0,2026-07-12,3勝クラス,3.0
9119,福島,1700,ダート,稍重,短い,フラット,10,スマートケープ,8,牝,6,吉田豊,栗東 辻野,逃げ,56.0,508,0,0,0,5,7.6,8,105.2,38.8,1.0,2026-07-12,3勝クラス,3.0
9119,福島,1700,ダート,稍重,短い,フラット,4,ハッスルダンク,4,セ,6,江田照,美浦 中川,追い込み,58.0,438,-10,0,0,10,87.4,9,105.2,37.8,9.0,2026-07-12,3勝クラス,3.0
9119,福島,1700,ダート,稍重,短い,フラット,9,チギリ,7,牝,4,荻野極,美浦 鹿戸,差し,56.0,470,0,0,0,4,7.0,10,106.0,39.1,8.0,2026-07-12,3勝クラス,3.0
9119,福島,1700,ダート,稍重,短い,フラット,7,ティンティンデオ,6,牡,5,石橋脩,栗東 小崎,追い込み,58.0,484,-2,0,0,11,97.5,11,134.4,106.9,11.0,2026-07-12,3勝クラス,3.0
9120,福島,2000,芝,稍重,短い,フラット,11,アスクナイスショー,6,牡,5,田辺,美浦 中舘,逃げ,55.0,496,-6,0,0,2,5.0,1,117.9,35.8,1.0,2026-07-12,G3,5.0
9120,福島,2000,芝,稍重,短い,フラット,6,マイネルモーント,3,牡,6,石川,美浦 高木,先行,56.0,464,0,0,0,6,13.2,2,118.3,35.7,5.0,2026-07-12,G3,5.0
9120,福島,2000,芝,稍重,短い,フラット,9,オニャンコポン,5,セ,7,吉田豊,美浦 小島,先行,54.0,468,-8,0,0,15,73.5,3,118.5,35.4,7.0,2026-07-12,G3,5.0
9120,福島,2000,芝,稍重,短い,フラット,10,センツブラッド,5,牡,4,原,栗東 斉藤崇,逃げ,56.0,470,0,0,0,7,14.8,4,118.6,36.3,3.0,2026-07-12,G3,5.0
9120,福島,2000,芝,稍重,短い,フラット,1,ボーンディスウェイ,1,牡,7,丸山,美浦 牧,先行,56.0,494,-2,0,0,14,45.6,5,118.7,35.8,7.0,2026-07-12,G3,5.0
9120,福島,2000,芝,稍重,短い,フラット,15,ヤマニンブークリエ,8,牡,4,横山典,栗東 松永幹,先行,56.0,514,-4,0,0,5,8.7,6,119.1,36.4,5.0,2026-07-12,G3,5.0
9120,福島,2000,芝,稍重,短い,フラット,4,カラマティアノス,2,牡,4,岩田康,美浦 奥村武,差し,58.0,472,-2,0,0,1,4.7,7,119.1,36.5,10.0,2026-07-12,G3,5.0
9120,福島,2000,芝,稍重,短い,フラット,5,オーロラエックス,3,牝,5,坂井,栗東 杉山晴,追い込み,55.0,484,-10,0,0,11,31.1,8,119.5,36.4,14.0,2026-07-12,G3,5.0
9120,福島,2000,芝,稍重,短い,フラット,2,コントラポスト,1,セ,6,菊沢,美浦 菊沢,逃げ,56.0,466,-4,0,0,8,15.1,9,119.6,37.3,4.0,2026-07-12,G3,5.0
9120,福島,2000,芝,稍重,短い,フラット,16,サヴォーナ,8,牡,6,池添,栗東 中竹,差し,58.0,536,2,0,0,3,6.4,10,119.7,37.2,7.0,2026-07-12,G3,5.0
9120,福島,2000,芝,稍重,短い,フラット,8,クリスマスパレード,4,牝,5,杉原,美浦 加藤士,差し,55.0,472,10,0,0,13,37.3,11,119.9,36.9,12.0,2026-07-12,G3,5.0
9120,福島,2000,芝,稍重,短い,フラット,13,バトルボーン,7,牡,7,戸崎圭,美浦 林,差し,57.0,506,0,0,0,4,6.9,12,120.6,38.3,10.0,2026-07-12,G3,5.0
9120,福島,2000,芝,稍重,短い,フラット,12,リカンカブール,6,セ,7,荻野極,栗東 田中克,追い込み,57.0,496,10,0,0,10,23.1,13,120.8,37.4,14.0,2026-07-12,G3,5.0
9120,福島,2000,芝,稍重,短い,フラット,3,ショウナンマグマ,2,セ,7,三浦,美浦 尾関,逃げ,55.0,500,-10,0,0,16,169.8,14,121.1,39.5,2.0,2026-07-12,G3,5.0
9120,福島,2000,芝,稍重,短い,フラット,14,オールナット,7,牡,5,西村淳,栗東 高野,追い込み,57.5,530,-2,0,0,12,32.2,15,121.1,38.1,12.0,2026-07-12,G3,5.0
9120,福島,2000,芝,稍重,短い,フラット,7,メリオーレム,4,牡,5,Ｍデム,栗東 友道,追い込み,55.0,498,2,0,0,9,22.9,16,129.5,45.3,16.0,2026-07-12,G3,5.0
9121,福島,1150,ダート,稍重,短い,フラット,15,クリノオリーブ,8,牝,5,三浦,栗東 谷,逃げ,56.0,460,-10,0,0,5,8.4,1,67.9,35.7,1.0,2026-07-12,2勝クラス,2.0
9121,福島,1150,ダート,稍重,短い,フラット,1,ピコテンダー,1,牝,4,荻野極,美浦 上原佑,先行,56.0,486,6,0,0,2,4.0,2,68.4,35.8,6.0,2026-07-12,2勝クラス,2.0
9121,福島,1150,ダート,稍重,短い,フラット,10,レイワサンサン,5,セ,5,石田,栗東 高柳大,先行,58.0,502,0,0,0,13,85.5,3,68.6,36.0,6.0,2026-07-12,2勝クラス,2.0
9121,福島,1150,ダート,稍重,短い,フラット,8,サンマルノヴェル,4,牡,4,坂井,栗東 大橋,逃げ,58.0,520,12,0,0,1,3.0,4,68.7,36.2,4.0,2026-07-12,2勝クラス,2.0
9121,福島,1150,ダート,稍重,短い,フラット,16,ホウオウプレミア,8,牡,7,岩田康,美浦 奥村武,追い込み,58.0,490,0,0,0,9,26.1,5,68.8,35.1,14.0,2026-07-12,2勝クラス,2.0
9121,福島,1150,ダート,稍重,短い,フラット,13,フェンダー,7,牡,5,西村淳,栗東 柴田,差し,58.0,528,2,0,0,3,6.8,6,68.9,35.8,12.0,2026-07-12,2勝クラス,2.0
9121,福島,1150,ダート,稍重,短い,フラット,9,スーパーバイザー,5,牡,5,菊沢,美浦 菊沢,先行,58.0,472,-6,0,0,11,38.0,7,68.9,36.5,4.0,2026-07-12,2勝クラス,2.0
9121,福島,1150,ダート,稍重,短い,フラット,5,ラヴァグロウ,3,牝,6,丸田,美浦 畠山,追い込み,56.0,452,12,0,0,15,311.9,8,69.0,35.5,12.0,2026-07-12,2勝クラス,2.0
9121,福島,1150,ダート,稍重,短い,フラット,6,サヨノジャンボリー,3,牡,4,大野,美浦 小笠,差し,58.0,482,8,0,0,7,17.3,9,69.1,36.3,9.0,2026-07-12,2勝クラス,2.0
9121,福島,1150,ダート,稍重,短い,フラット,2,ローマンレイク,1,牝,5,Ｍデム,栗東 松永幹,先行,56.0,434,2,0,0,10,34.5,10,69.1,36.4,8.0,2026-07-12,2勝クラス,2.0
9121,福島,1150,ダート,稍重,短い,フラット,7,ラーナローザ,4,牝,4,木幡巧,美浦 畠山,差し,56.0,508,11,0,0,6,16.8,11,69.1,35.9,9.0,2026-07-12,2勝クラス,2.0
9121,福島,1150,ダート,稍重,短い,フラット,11,マフィン,6,牝,5,杉原,美浦 大和田,追い込み,56.0,418,-8,0,0,16,340.6,12,69.3,35.4,15.0,2026-07-12,2勝クラス,2.0
9121,福島,1150,ダート,稍重,短い,フラット,3,ショウナンラリー,2,牡,4,池添,美浦 嘉藤,逃げ,58.0,484,-2,0,0,8,25.5,13,69.4,37.3,2.0,2026-07-12,2勝クラス,2.0
9121,福島,1150,ダート,稍重,短い,フラット,14,ホーリーブライト,7,牝,5,木幡初,美浦 竹内,差し,56.0,448,-8,0,0,12,80.8,14,69.7,37.0,9.0,2026-07-12,2勝クラス,2.0
9121,福島,1150,ダート,稍重,短い,フラット,4,ペプチドクレマチス,2,牝,4,小崎,栗東 畑端,逃げ,56.0,452,6,0,0,14,145.1,15,70.5,38.5,2.0,2026-07-12,2勝クラス,2.0
9121,福島,1150,ダート,稍重,短い,フラット,12,モリノレッドスター,6,牝,5,丸山,美浦 鈴木伸,追い込み,56.0,486,4,0,0,4,7.9,99,,,,2026-07-12,2勝クラス,2.0
9124,小倉,1200,芝,良,短い,フラット,10,ホーリーステップ,5,牝,3,森田,栗東 斉藤崇,逃げ,52.0,448,0,0,0,1,3.3,1,68.1,35.2,1.0,2026-07-12,未勝利,0.0
9124,小倉,1200,芝,良,短い,フラット,2,コースタルロード,1,牝,3,西塚,栗東 辻野,先行,55.0,434,0,0,0,10,31.7,2,68.1,34.6,5.0,2026-07-12,未勝利,0.0
9124,小倉,1200,芝,良,短い,フラット,11,ハクサンテドリガワ,6,牝,3,吉村,栗東 小崎,逃げ,55.0,436,-4,0,0,5,12.6,3,68.3,35.3,2.0,2026-07-12,未勝利,0.0
9124,小倉,1200,芝,良,短い,フラット,4,ドゥボヌール,2,牝,3,永島,栗東 奥村豊,逃げ,53.0,406,2,0,0,9,17.2,4,68.4,35.1,3.0,2026-07-12,未勝利,0.0
9124,小倉,1200,芝,良,短い,フラット,16,ティグリス,8,牝,3,コレッ,栗東 杉山晴,先行,55.0,450,-2,0,0,2,4.4,5,69.0,35.7,7.0,2026-07-12,未勝利,0.0
9124,小倉,1200,芝,良,短い,フラット,9,テンタイムトップ,5,牝,3,亀田,栗東 高柳大,追い込み,55.0,456,-4,0,0,16,219.3,6,69.0,35.3,13.0,2026-07-12,未勝利,0.0
9124,小倉,1200,芝,良,短い,フラット,15,ベルセクレト,8,牝,3,高杉,栗東 藤岡健,差し,55.0,468,-2,0,0,3,5.7,7,69.1,35.6,10.0,2026-07-12,未勝利,0.0
9124,小倉,1200,芝,良,短い,フラット,3,アリディプラチノ,2,牝,3,国分優,栗東 畑端,差し,55.0,426,2,0,0,13,99.4,8,69.1,35.5,9.0,2026-07-12,未勝利,0.0
9124,小倉,1200,芝,良,短い,フラット,14,ロージーキャンドル,7,牝,3,幸,栗東 小栗,追い込み,55.0,474,3,0,0,12,76.8,9,69.2,34.9,16.0,2026-07-12,未勝利,0.0
9124,小倉,1200,芝,良,短い,フラット,6,シャンデリュイーズ,3,牝,3,松若,栗東 小栗,追い込み,55.0,408,-2,0,0,6,14.7,10,69.3,35.4,13.0,2026-07-12,未勝利,0.0
9124,小倉,1200,芝,良,短い,フラット,13,フルフィルメント,7,牝,3,国分恭,栗東 宮地,逃げ,55.0,516,4,0,0,8,16.9,11,69.3,36.1,3.0,2026-07-12,未勝利,0.0
9124,小倉,1200,芝,良,短い,フラット,8,ブライトエンジェル,4,牝,3,角田和,栗東 角田,差し,55.0,456,-4,0,0,4,7.1,12,69.3,35.7,10.0,2026-07-12,未勝利,0.0
9124,小倉,1200,芝,良,短い,フラット,1,リザレクティア,1,牝,3,秋山稔,栗東 高橋康,差し,55.0,456,0,0,0,11,62.9,13,69.3,35.4,10.0,2026-07-12,未勝利,0.0
9124,小倉,1200,芝,良,短い,フラット,7,ピンクパンサー,4,牝,3,加藤,栗東 庄野,先行,55.0,470,0,0,0,7,16.4,14,69.4,36.1,5.0,2026-07-12,未勝利,0.0
9124,小倉,1200,芝,良,短い,フラット,17,マルモズイルバア,8,牝,3,富田,栗東 中尾,追い込み,55.0,414,5,0,0,17,249.9,15,69.4,35.4,15.0,2026-07-12,未勝利,0.0
9124,小倉,1200,芝,良,短い,フラット,12,ヨウリンケイジュ,6,牝,3,団野,栗東 吉村,先行,55.0,446,6,0,0,14,125.9,16,69.6,36.2,7.0,2026-07-12,未勝利,0.0
9124,小倉,1200,芝,良,短い,フラット,5,ビケイムフリー,3,牝,3,田口,栗東 吉村,追い込み,55.0,408,6,0,0,15,199.5,17,69.7,35.1,16.0,2026-07-12,未勝利,0.0
9125,小倉,1000,ダート,良,短い,フラット,9,キャッチアシーフ,6,牡,3,高杉,栗東 佐藤悠,逃げ,57.0,520,4,0,0,2,4.5,1,59.3,36.4,3.0,2026-07-12,未勝利,0.0
9125,小倉,1000,ダート,良,短い,フラット,6,クロカミジョウ,4,牝,3,菱田,栗東 岡田,先行,55.0,474,6,0,0,4,7.5,2,59.4,36.2,5.0,2026-07-12,未勝利,0.0
9125,小倉,1000,ダート,良,短い,フラット,10,ナブッコ,6,牡,3,柴田裕,栗東 橋田,差し,55.0,484,-8,0,0,7,27.9,3,59.4,36.0,9.0,2026-07-12,未勝利,0.0
9125,小倉,1000,ダート,良,短い,フラット,3,タガノプディング,3,牝,3,松山,栗東 小林,先行,55.0,450,6,0,0,1,2.1,4,59.7,36.5,7.0,2026-07-12,未勝利,0.0
9125,小倉,1000,ダート,良,短い,フラット,4,シュタルク,3,牡,3,田口,栗東 河嶋,逃げ,57.0,490,4,0,0,8,34.0,5,60.0,37.3,1.0,2026-07-12,未勝利,0.0
9125,小倉,1000,ダート,良,短い,フラット,2,ペコリズム,2,牝,3,幸,栗東 森田,差し,55.0,500,-18,0,0,9,37.0,6,60.1,36.6,9.0,2026-07-12,未勝利,0.0
9125,小倉,1000,ダート,良,短い,フラット,12,トーアウィリアム,7,牡,3,秋山稔,栗東 牧田,逃げ,57.0,480,-4,0,0,10,113.8,7,60.4,37.8,2.0,2026-07-12,未勝利,0.0
9125,小倉,1000,ダート,良,短い,フラット,13,キタノプレミアム,8,牝,3,森田,栗東 坂口,差し,52.0,440,-12,0,0,3,4.8,8,60.5,37.5,7.0,2026-07-12,未勝利,0.0
9125,小倉,1000,ダート,良,短い,フラット,1,ゼンノトヨタマヒメ,1,牝,3,田山,栗東 中村,先行,53.0,462,-2,0,0,6,19.8,9,60.5,37.5,5.0,2026-07-12,未勝利,0.0
9125,小倉,1000,ダート,良,短い,フラット,8,ラインメテオラ,5,牡,3,富田,栗東 長谷川,先行,57.0,480,2,0,0,5,17.2,10,60.5,37.6,3.0,2026-07-12,未勝利,0.0
9125,小倉,1000,ダート,良,短い,フラット,14,ハクサンリング,8,牡,3,西塚,栗東 緒方,追い込み,57.0,494,10,0,0,12,184.2,11,61.0,37.5,12.0,2026-07-12,未勝利,0.0
9125,小倉,1000,ダート,良,短い,フラット,7,フチサンチャチャ,5,牡,3,岡田,栗東 笹田,追い込み,57.0,458,2,0,0,13,420.0,12,61.7,37.3,13.0,2026-07-12,未勝利,0.0
9125,小倉,1000,ダート,良,短い,フラット,11,ジョーヴェスタ,7,牝,3,永島,栗東 松下,追い込み,53.0,426,2,0,0,11,169.7,13,61.8,38.8,9.0,2026-07-12,未勝利,0.0
9125,小倉,1000,ダート,良,短い,フラット,5,メイショウアヤカ,4,牝,3,川端,栗東 荒川,追い込み,52.0,374,-10,0,0,14,442.2,14,65.1,39.9,14.0,2026-07-12,未勝利,0.0
9126,小倉,2000,芝,良,短い,フラット,2,ラルヴァンダード,2,牡,3,松山,栗東 安田,先行,57.0,434,-12,0,0,2,3.0,1,119.8,35.6,5.0,2026-07-12,未勝利,0.0
9126,小倉,2000,芝,良,短い,フラット,5,チェファルー,3,牡,3,団野,栗東 上村,逃げ,57.0,508,-6,0,0,1,2.5,2,119.9,36.4,1.0,2026-07-12,未勝利,0.0
9126,小倉,2000,芝,良,短い,フラット,7,ブルーザー,4,牡,3,田山,栗東 池添,先行,55.0,494,-2,0,0,4,7.9,3,120.3,36.5,4.0,2026-07-12,未勝利,0.0
9126,小倉,2000,芝,良,短い,フラット,9,アージュドール,5,牡,3,松若,栗東 森田,逃げ,57.0,428,-2,0,0,7,36.3,4,120.4,37.1,2.0,2026-07-12,未勝利,0.0
9126,小倉,2000,芝,良,短い,フラット,3,ロイドウェバー,2,牡,3,コレッ,栗東 杉山晴,追い込み,57.0,486,0,0,0,3,6.3,5,120.6,36.4,14.0,2026-07-12,未勝利,0.0
9126,小倉,2000,芝,良,短い,フラット,15,ヴィスメンティス,8,牡,3,高杉,栗東 池江,逃げ,57.0,432,2,0,0,5,16.8,6,120.9,37.4,3.0,2026-07-12,未勝利,0.0
9126,小倉,2000,芝,良,短い,フラット,4,スーパービジー,3,牡,3,幸,栗東 庄野,追い込み,57.0,446,-6,0,0,8,37.1,7,121.0,36.6,12.0,2026-07-12,未勝利,0.0
9126,小倉,2000,芝,良,短い,フラット,13,ワンダーシャッフル,7,牡,3,太宰,栗東 渡辺,先行,57.0,468,-6,0,0,9,38.5,8,121.2,37.0,5.0,2026-07-12,未勝利,0.0
9126,小倉,2000,芝,良,短い,フラット,11,ジュンヴァッテッド,6,牡,3,国分優,栗東 浜田,差し,57.0,462,-10,0,0,12,87.1,9,121.3,36.9,8.0,2026-07-12,未勝利,0.0
9126,小倉,2000,芝,良,短い,フラット,12,ルクスユアン,7,牡,3,富田,栗東 清水久,追い込み,57.0,446,2,0,0,13,103.4,10,121.7,37.8,12.0,2026-07-12,未勝利,0.0
9126,小倉,2000,芝,良,短い,フラット,10,ウインビスタ,6,牡,3,国分恭,栗東 梅田,差し,57.0,436,-2,0,0,14,239.1,11,121.8,38.1,8.0,2026-07-12,未勝利,0.0
9126,小倉,2000,芝,良,短い,フラット,6,キービート,4,牡,3,長岡,栗東 宮,追い込み,57.0,480,-6,0,0,11,77.2,12,121.9,36.8,15.0,2026-07-12,未勝利,0.0
9126,小倉,2000,芝,良,短い,フラット,8,レヴロード,5,牡,3,森田,栗東 畑端,差し,54.0,470,-2,0,0,15,468.1,13,122.4,38.6,8.0,2026-07-12,未勝利,0.0
9126,小倉,2000,芝,良,短い,フラット,14,ダノンワンダー,8,牡,3,吉村,栗東 友道,先行,57.0,484,0,0,0,6,19.0,14,123.0,39.7,5.0,2026-07-12,未勝利,0.0
9126,小倉,2000,芝,良,短い,フラット,1,グレイイメル,1,牡,3,高倉,栗東 武英,差し,57.0,428,0,0,0,10,47.1,15,123.3,39.8,8.0,2026-07-12,未勝利,0.0
9127,小倉,1800,芝,良,短い,フラット,7,レッドパラジウム,5,牡,3,川田,栗東 清水久,逃げ,57.0,486,0,0,0,1,3.8,1,107.3,36.3,1.0,2026-07-12,未勝利,0.0
9127,小倉,1800,芝,良,短い,フラット,12,セルヴァジオ,8,牝,3,富田,栗東 上村,先行,55.0,440,-2,0,0,5,7.2,2,107.6,35.7,6.0,2026-07-12,未勝利,0.0
9127,小倉,1800,芝,良,短い,フラット,6,ブランチアウト,5,牡,3,太宰,栗東 昆,逃げ,57.0,446,-2,0,0,2,4.1,3,107.8,36.8,2.0,2026-07-12,未勝利,0.0
9127,小倉,1800,芝,良,短い,フラット,8,ラミエルノムスコ,6,牡,3,高杉,栗東 千田,逃げ,57.0,488,2,0,0,3,4.3,4,108.1,36.8,3.0,2026-07-12,未勝利,0.0
9127,小倉,1800,芝,良,短い,フラット,13,ゴリョウセイ,8,牡,3,コレッ,栗東 松下,差し,57.0,468,-8,0,0,7,41.9,5,108.2,35.9,9.0,2026-07-12,未勝利,0.0
9127,小倉,1800,芝,良,短い,フラット,4,スリーロンドン,4,牝,3,柴田裕,栗東 中竹,差し,53.0,440,-2,0,0,8,59.0,6,108.2,36.4,7.0,2026-07-12,未勝利,0.0
9127,小倉,1800,芝,良,短い,フラット,11,タイムレスフレアー,7,牡,3,松山,栗東 橋口,追い込み,57.0,460,2,0,0,4,4.3,7,108.6,35.8,12.0,2026-07-12,未勝利,0.0
9127,小倉,1800,芝,良,短い,フラット,9,フェブリノ,6,牝,3,松若,栗東 加藤公,先行,55.0,402,2,0,0,6,12.8,8,108.9,37.6,4.0,2026-07-12,未勝利,0.0
9127,小倉,1800,芝,良,短い,フラット,3,エイシンニケ,3,牝,3,団野,栗東 吉村,追い込み,55.0,430,0,0,0,12,196.3,9,109.0,36.4,9.0,2026-07-12,未勝利,0.0
9127,小倉,1800,芝,良,短い,フラット,5,ウインラブソング,4,牝,3,田山,栗東 宮,追い込み,53.0,464,-6,0,0,9,65.7,10,109.3,37.4,9.0,2026-07-12,未勝利,0.0
9127,小倉,1800,芝,良,短い,フラット,2,グランスプリント,2,牡,3,吉村,栗東 西村,差し,57.0,430,-2,0,0,13,256.3,11,109.4,37.9,7.0,2026-07-12,未勝利,0.0
9127,小倉,1800,芝,良,短い,フラット,10,シャドウクライ,7,牝,3,幸,栗東 杉山佳,追い込み,55.0,460,0,0,0,10,155.7,12,110.3,37.9,12.0,2026-07-12,未勝利,0.0
9127,小倉,1800,芝,良,短い,フラット,1,サンタカリス,1,牝,3,川須,栗東 秋山,先行,55.0,434,14,0,0,11,168.4,13,110.6,39.1,4.0,2026-07-12,未勝利,0.0
9128,小倉,1700,ダート,良,短い,フラット,4,オオツカ,3,牡,3,高杉,栗東 大久保,逃げ,55.0,444,2,0,0,2,4.4,1,106.0,39.0,3.0,2026-07-12,未勝利,0.0
9128,小倉,1700,ダート,良,短い,フラット,5,ラブインアクション,3,牝,3,西塚,栗東 橋口,逃げ,53.0,486,16,0,0,1,3.6,2,106.3,40.0,1.0,2026-07-12,未勝利,0.0
9128,小倉,1700,ダート,良,短い,フラット,12,コルヴァス,7,牡,3,川田,栗東 矢作,先行,55.0,494,14,0,0,3,4.9,3,106.8,39.2,7.0,2026-07-12,未勝利,0.0
9128,小倉,1700,ダート,良,短い,フラット,3,メイショウオグマ,2,セ,7,国分恭,栗東 安達,差し,58.0,488,4,0,0,9,25.7,4,106.9,38.3,11.0,2026-07-12,未勝利,0.0
9128,小倉,1700,ダート,良,短い,フラット,7,キリオス,4,牡,3,松山,栗東 庄野,先行,55.0,516,10,0,0,5,9.1,5,107.0,40.0,3.0,2026-07-12,未勝利,0.0
9128,小倉,1700,ダート,良,短い,フラット,2,タマモスカイ,2,牡,3,吉村,栗東 茶木,追い込み,55.0,490,6,0,0,6,14.5,6,107.4,38.9,13.0,2026-07-12,未勝利,0.0
9128,小倉,1700,ダート,良,短い,フラット,13,テーオーノーベル,7,牡,4,菱田,栗東 岡田,差し,58.0,492,6,0,0,11,69.2,7,107.7,39.7,8.0,2026-07-12,未勝利,0.0
9128,小倉,1700,ダート,良,短い,フラット,10,ジュンプリメーロ,6,牡,3,富田,栗東 友道,差し,55.0,490,8,0,0,8,22.4,8,107.8,40.0,8.0,2026-07-12,未勝利,0.0
9128,小倉,1700,ダート,良,短い,フラット,11,ヴィエントデコラ,6,牡,3,田山,栗東 寺島,先行,53.0,448,4,0,0,4,5.5,9,107.9,40.3,5.0,2026-07-12,未勝利,0.0
9128,小倉,1700,ダート,良,短い,フラット,15,エアフォースワン,8,牡,7,川須,栗東 大根田,追い込み,58.0,482,-2,0,0,7,21.2,10,108.0,39.7,11.0,2026-07-12,未勝利,0.0
9128,小倉,1700,ダート,良,短い,フラット,6,リアルペガサス,4,牡,5,森田,栗東 大橋,差し,55.0,460,-4,0,0,14,131.6,11,108.2,40.0,10.0,2026-07-12,未勝利,0.0
9128,小倉,1700,ダート,良,短い,フラット,14,ニシノミチアキ,8,牡,4,幸,栗東 吉村,先行,58.0,478,-2,0,0,13,98.6,12,109.3,42.1,5.0,2026-07-12,未勝利,0.0
9128,小倉,1700,ダート,良,短い,フラット,8,セルジュバローズ,5,牡,3,コレッ,栗東 池江,逃げ,55.0,518,8,0,0,10,61.2,13,110.0,43.6,2.0,2026-07-12,未勝利,0.0
9128,小倉,1700,ダート,良,短い,フラット,1,ジェバーダ,1,牝,4,永島,栗東 松下,追い込み,54.0,510,6,0,0,12,97.9,14,113.2,45.0,14.0,2026-07-12,未勝利,0.0
9128,小倉,1700,ダート,良,短い,フラット,9,キアヌ,5,牡,4,藤懸,栗東 小崎,追い込み,58.0,498,-2,0,0,15,157.3,99,,,15.0,2026-07-12,未勝利,0.0
9127,小倉,1800,芝,良,短い,フラット,1,ミリタリータトゥー,1,牝,3,西塚,栗東 藤岡健,先行,53.0,508,-6,0,0,2,3.1,1,108.2,34.5,4.0,2026-07-12,未勝利,0.0
9127,小倉,1800,芝,良,短い,フラット,2,ペイシャシス,2,牝,3,田山,栗東 加藤公,追い込み,51.0,402,6,0,0,1,2.7,2,108.3,34.3,7.0,2026-07-12,未勝利,0.0
9127,小倉,1800,芝,良,短い,フラット,3,コンバットペスカ,3,牝,5,国分優,栗東 角田,逃げ,56.0,464,-4,0,0,5,18.7,3,108.5,35.3,1.0,2026-07-12,未勝利,0.0
9127,小倉,1800,芝,良,短い,フラット,5,メイショウピリカ,5,牝,4,松山,栗東 本田,差し,56.0,488,2,0,0,4,6.3,4,108.6,34.8,4.0,2026-07-12,未勝利,0.0
9127,小倉,1800,芝,良,短い,フラット,9,ミッキーマーメイド,8,牝,3,川田,栗東 福永,逃げ,53.0,466,0,0,0,3,3.4,5,108.6,35.0,2.0,2026-07-12,未勝利,0.0
9127,小倉,1800,芝,良,短い,フラット,4,エレガンシア,4,牝,4,富田,栗東 高柳大,差し,56.0,442,-4,0,0,6,22.7,6,108.7,34.8,6.0,2026-07-12,未勝利,0.0
9127,小倉,1800,芝,良,短い,フラット,7,ヴィーナスバブル,7,牝,4,松若,栗東 東田,追い込み,56.0,440,0,0,0,7,111.4,7,108.8,34.8,7.0,2026-07-12,未勝利,0.0
9127,小倉,1800,芝,良,短い,フラット,6,レザンクレール,6,牝,5,高倉,栗東 西村,先行,56.0,432,12,0,0,8,139.5,8,109.1,35.7,2.0,2026-07-12,未勝利,0.0
9127,小倉,1800,芝,良,短い,フラット,8,タマモヒロイン,8,牝,3,長岡,栗東 緒方,追い込み,53.0,442,-4,0,0,9,184.6,9,109.8,35.5,9.0,2026-07-12,未勝利,0.0
9128,小倉,1700,ダート,良,短い,フラット,8,ショウナンバンライ,7,牡,3,田山,栗東 松下,先行,55.0,474,-4,0,0,1,1.5,1,105.4,37.0,3.0,2026-07-12,2勝クラス,2.0
9128,小倉,1700,ダート,良,短い,フラット,10,サンライズケヴィン,8,牡,3,松若,栗東 平田,逃げ,55.0,500,6,0,0,2,3.8,2,106.3,38.0,2.0,2026-07-12,2勝クラス,2.0
9128,小倉,1700,ダート,良,短い,フラット,6,ホウショウルクス,6,牝,3,角田和,栗東 東田,逃げ,53.0,450,10,0,0,4,13.3,3,106.3,38.0,1.0,2026-07-12,2勝クラス,2.0
9128,小倉,1700,ダート,良,短い,フラット,7,トモジャザーン,7,牡,5,幸,栗東 大根田,追い込み,58.0,500,-6,0,0,7,41.9,4,107.3,38.3,8.0,2026-07-12,2勝クラス,2.0
9128,小倉,1700,ダート,良,短い,フラット,1,テンエースワン,1,牡,5,コレッ,栗東 大久保,差し,58.0,474,0,0,0,8,50.6,5,107.3,38.4,6.0,2026-07-12,2勝クラス,2.0
9128,小倉,1700,ダート,良,短い,フラット,5,ブルックリンダンス,5,牡,4,亀田,栗東 田中克,先行,58.0,494,4,0,0,5,14.0,6,107.3,38.6,5.0,2026-07-12,2勝クラス,2.0
9128,小倉,1700,ダート,良,短い,フラット,2,タガノアニマシオン,2,セ,4,吉村,栗東 奥村豊,差し,58.0,474,4,0,0,6,35.6,7,107.5,38.8,6.0,2026-07-12,2勝クラス,2.0
9128,小倉,1700,ダート,良,短い,フラット,4,エンマ,4,牡,4,高倉,栗東 武英,先行,58.0,478,-2,0,0,9,62.4,8,107.6,39.2,4.0,2026-07-12,2勝クラス,2.0
9128,小倉,1700,ダート,良,短い,フラット,9,プウスカンドゥール,8,牝,6,中井,栗東 坂口,追い込み,56.0,468,6,0,0,10,75.2,9,107.8,38.5,10.0,2026-07-12,2勝クラス,2.0
9128,小倉,1700,ダート,良,短い,フラット,3,ケイアイアルタイル,3,牡,5,松山,栗東 梅田,追い込み,58.0,526,-2,0,0,3,8.6,10,107.9,39.1,9.0,2026-07-12,2勝クラス,2.0
9126,小倉,2000,芝,良,短い,フラット,10,ジャスティンガルフ,8,牡,5,西塚,栗東 茶木,逃げ,55.0,510,6,0,0,3,6.1,1,119.9,36.5,1.0,2026-07-12,2勝クラス,2.0
9126,小倉,2000,芝,良,短い,フラット,1,ダノンカゼルタ,1,セ,4,高杉,栗東 寺島,逃げ,55.0,470,-10,0,0,4,6.4,2,120.1,36.4,2.0,2026-07-12,2勝クラス,2.0
9126,小倉,2000,芝,良,短い,フラット,9,オデット,7,牝,4,田口,栗東 緒方,差し,52.0,442,-4,0,0,8,37.4,3,120.4,36.4,6.0,2026-07-12,2勝クラス,2.0
9126,小倉,2000,芝,良,短い,フラット,8,コリカンチャ,7,セ,4,吉村,栗東 井上,追い込み,54.0,494,2,0,0,6,14.1,4,120.7,36.4,10.0,2026-07-12,2勝クラス,2.0
9126,小倉,2000,芝,良,短い,フラット,3,プリズマジコ,3,牡,5,秋山稔,栗東 高橋忠,追い込み,55.0,446,-8,0,0,2,4.8,5,120.7,36.5,10.0,2026-07-12,2勝クラス,2.0
9126,小倉,2000,芝,良,短い,フラット,4,ハッピーダンチャン,4,牡,4,国分優,栗東 小椋,差し,54.0,464,-2,0,0,11,64.5,6,120.9,36.6,6.0,2026-07-12,2勝クラス,2.0
9126,小倉,2000,芝,良,短い,フラット,6,アスクエピソード,6,牡,6,中井,栗東 坂口,差し,54.0,470,2,0,0,10,45.7,7,120.9,36.6,6.0,2026-07-12,2勝クラス,2.0
9126,小倉,2000,芝,良,短い,フラット,5,フォーチュンライド,5,牝,3,藤懸,栗東 福永,先行,50.0,490,14,0,0,1,2.5,8,120.9,37.1,4.0,2026-07-12,2勝クラス,2.0
9126,小倉,2000,芝,良,短い,フラット,11,オウケンボルト,8,牡,7,菱田,美浦 松永康,先行,53.0,466,6,0,0,7,16.7,9,121.1,37.6,2.0,2026-07-12,2勝クラス,2.0
9126,小倉,2000,芝,良,短い,フラット,7,レイピカケ,6,牝,5,団野,栗東 野中,先行,53.0,458,-10,0,0,5,8.6,10,121.1,37.1,4.0,2026-07-12,2勝クラス,2.0
9126,小倉,2000,芝,良,短い,フラット,2,ショウナンハウル,2,セ,5,松若,栗東 松下,追い込み,52.0,480,-14,0,0,9,42.8,11,121.7,38.0,6.0,2026-07-12,2勝クラス,2.0
9128,小倉,1700,ダート,良,短い,フラット,6,レイナデアルシーラ,6,牝,4,田口,栗東 西園翔,逃げ,55.0,512,2,0,0,6,11.9,1,104.9,38.2,1.0,2026-07-12,オープン,4.0
9128,小倉,1700,ダート,良,短い,フラット,5,スナークラファエロ,5,セ,5,団野,栗東 野中,先行,57.0,476,4,0,0,5,10.7,2,105.2,38.1,4.0,2026-07-12,オープン,4.0
9128,小倉,1700,ダート,良,短い,フラット,9,シュラザック,7,牡,4,幸,栗東 大根田,逃げ,57.0,498,4,0,0,2,6.6,3,105.3,38.4,2.0,2026-07-12,オープン,4.0
9128,小倉,1700,ダート,良,短い,フラット,3,ジンセイ,3,牡,5,西塚,栗東 庄野,差し,57.0,518,-4,0,0,4,8.2,4,105.6,38.2,7.0,2026-07-12,オープン,4.0
9128,小倉,1700,ダート,良,短い,フラット,2,ゴッドブルービー,2,牡,6,角田和,栗東 角田,追い込み,57.0,474,6,0,0,7,14.1,5,105.6,38.3,10.0,2026-07-12,オープン,4.0
9128,小倉,1700,ダート,良,短い,フラット,8,メイショウズイウン,7,牡,4,太宰,栗東 本田,先行,57.0,496,-4,0,0,8,16.2,6,105.7,38.6,4.0,2026-07-12,オープン,4.0
9128,小倉,1700,ダート,良,短い,フラット,10,フェルヴェンテ,8,牡,6,秋山稔,栗東 宮,差し,57.0,480,6,0,0,11,132.5,7,105.8,38.7,4.0,2026-07-12,オープン,4.0
9128,小倉,1700,ダート,良,短い,フラット,11,モックモック,8,牡,6,川田,栗東 寺島,差し,58.0,494,0,0,0,1,2.0,8,106.1,38.6,7.0,2026-07-12,オープン,4.0
9128,小倉,1700,ダート,良,短い,フラット,7,モンブランミノル,6,牡,5,松山,栗東 小栗,先行,57.0,516,18,0,0,3,7.1,9,107.8,41.0,2.0,2026-07-12,オープン,4.0
9128,小倉,1700,ダート,良,短い,フラット,4,サンライズアリオン,4,牡,7,松若,栗東 平田,追い込み,58.0,520,0,0,0,10,87.2,10,109.7,42.6,10.0,2026-07-12,オープン,4.0
9128,小倉,1700,ダート,良,短い,フラット,1,メルキオル,1,牡,4,コレッ,栗東 松永幹,追い込み,57.0,492,0,0,0,9,31.4,11,116.7,49.7,7.0,2026-07-12,オープン,4.0
9124,小倉,1200,芝,良,短い,フラット,8,ノボリリア,4,牝,4,高杉,栗東 石橋,逃げ,56.0,442,-8,0,0,2,4.2,1,67.2,34.5,2.0,2026-07-12,未勝利,0.0
9124,小倉,1200,芝,良,短い,フラット,15,ベルファスト,8,牝,5,松若,栗東 今野,逃げ,56.0,480,-18,0,0,3,7.4,2,67.9,35.0,3.0,2026-07-12,未勝利,0.0
9124,小倉,1200,芝,良,短い,フラット,17,モルティフレーバー,8,牝,4,コレッ,栗東 清水久,追い込み,56.0,472,-4,0,0,10,32.9,3,68.0,34.3,13.0,2026-07-12,未勝利,0.0
9124,小倉,1200,芝,良,短い,フラット,16,ジューンオアシス,8,牡,3,富田,栗東 飯田,先行,55.0,470,8,0,0,9,29.7,4,68.1,35.0,5.0,2026-07-12,未勝利,0.0
9124,小倉,1200,芝,良,短い,フラット,4,フィラーエ,2,牝,3,国分恭,栗東 高橋康,先行,53.0,456,10,0,0,6,11.8,5,68.1,34.9,7.0,2026-07-12,未勝利,0.0
9124,小倉,1200,芝,良,短い,フラット,11,ウォーターデライト,6,牡,3,柴田裕,栗東 高柳大,差し,53.0,450,-8,0,0,7,12.0,6,68.2,34.7,9.0,2026-07-12,未勝利,0.0
9124,小倉,1200,芝,良,短い,フラット,9,テルヴィセクス,5,牡,3,団野,栗東 斉藤崇,先行,55.0,496,14,0,0,4,7.7,7,68.2,35.2,5.0,2026-07-12,未勝利,0.0
9124,小倉,1200,芝,良,短い,フラット,7,ラブカムーン,4,牝,5,藤懸,栗東 千田,差し,56.0,466,-2,0,0,14,101.4,8,68.5,35.0,11.0,2026-07-12,未勝利,0.0
9124,小倉,1200,芝,良,短い,フラット,13,シャインベック,7,セ,4,秋山稔,栗東 北出,追い込み,58.0,446,8,0,0,12,83.6,9,68.6,34.8,13.0,2026-07-12,未勝利,0.0
9124,小倉,1200,芝,良,短い,フラット,5,ウインマスカレード,3,牡,4,松山,栗東 宮本,逃げ,58.0,470,4,0,0,1,3.5,10,68.6,35.9,3.0,2026-07-12,未勝利,0.0
9124,小倉,1200,芝,良,短い,フラット,6,ジュエルハウス,3,牝,4,永島,栗東 橋田,追い込み,54.0,482,8,0,0,13,88.7,11,68.6,34.6,17.0,2026-07-12,未勝利,0.0
9124,小倉,1200,芝,良,短い,フラット,10,ギザキズラヴ,5,牝,4,田口,栗東 加藤公,差し,56.0,452,-8,0,0,15,180.7,12,68.6,35.0,11.0,2026-07-12,未勝利,0.0
9124,小倉,1200,芝,良,短い,フラット,3,セレブトーチ,2,牝,3,川端,栗東 坂口,差し,50.0,500,4,0,0,5,10.8,13,68.9,35.6,9.0,2026-07-12,未勝利,0.0
9124,小倉,1200,芝,良,短い,フラット,12,ベネメレンティ,6,牝,5,田山,栗東 前川,逃げ,54.0,458,-10,0,0,11,57.3,14,69.0,36.6,1.0,2026-07-12,未勝利,0.0
9124,小倉,1200,芝,良,短い,フラット,1,ドルチェミスト,1,牝,3,森田,栗東 小栗,追い込み,50.0,444,-2,0,0,8,12.1,15,69.0,35.5,13.0,2026-07-12,未勝利,0.0
9124,小倉,1200,芝,良,短い,フラット,2,リアルアルバ,1,牡,3,西塚,栗東 大橋,先行,55.0,464,-2,0,0,16,196.4,16,69.7,36.8,7.0,2026-07-12,未勝利,0.0
9124,小倉,1200,芝,良,短い,フラット,14,アットザラヴアスク,7,牝,4,吉村,栗東 野中,追い込み,56.0,458,2,0,0,17,307.8,17,70.4,36.9,16.0,2026-07-12,未勝利,0.0
9129,函館,1000,ダート,不良,短い,フラット,4,ビタミンドロップ,4,牡,3,丹内,美浦 松山,逃げ,57.0,490,0,0,0,2,4.3,1,58.5,35.8,1.0,2026-07-12,未勝利,0.0
9129,函館,1000,ダート,不良,短い,フラット,6,スイーヴル,5,牝,3,武豊,栗東 小椋,先行,55.0,468,2,0,0,1,2.0,2,58.5,35.1,5.0,2026-07-12,未勝利,0.0
9129,函館,1000,ダート,不良,短い,フラット,12,サンライズロイ,8,牡,3,舟山,栗東 牧浦,先行,56.0,464,-4,0,0,4,9.3,3,58.7,35.6,4.0,2026-07-12,未勝利,0.0
9129,函館,1000,ダート,不良,短い,フラット,7,マーゴットオネイロ,6,牡,3,横山武,栗東 小林,逃げ,57.0,478,0,0,0,3,5.2,4,58.9,36.1,2.0,2026-07-12,未勝利,0.0
9129,函館,1000,ダート,不良,短い,フラット,5,ヒューザー,5,牡,3,古川奈,栗東 小林,先行,55.0,476,6,0,0,9,68.4,5,58.9,35.7,5.0,2026-07-12,未勝利,0.0
9129,函館,1000,ダート,不良,短い,フラット,1,ニシノギャルズ,1,牝,3,横山琉,美浦 水野,差し,55.0,464,-4,0,0,10,96.4,6,58.9,35.4,7.0,2026-07-12,未勝利,0.0
9129,函館,1000,ダート,不良,短い,フラット,2,クリコイーコ,2,牝,3,河原田,栗東 荒川,差し,51.0,444,-6,0,0,8,61.6,7,59.0,35.4,8.0,2026-07-12,未勝利,0.0
9129,函館,1000,ダート,不良,短い,フラット,3,トリアングルレディ,3,牝,3,長浜,美浦 尾関,追い込み,54.0,412,0,0,0,12,206.6,8,59.1,35.0,11.0,2026-07-12,未勝利,0.0
9129,函館,1000,ダート,不良,短い,フラット,9,ホワイトラバーズ,7,牝,3,古川吉,栗東 大根田,追い込み,55.0,486,-8,0,0,7,47.6,9,59.4,35.7,10.0,2026-07-12,未勝利,0.0
9129,函館,1000,ダート,不良,短い,フラット,8,アジーザム,6,牝,3,北村友,美浦 松尾,追い込み,55.0,398,2,0,0,11,179.4,10,59.4,35.0,12.0,2026-07-12,未勝利,0.0
9129,函館,1000,ダート,不良,短い,フラット,11,ホウオウワイズ,8,牝,3,佐々木,栗東 吉岡,差し,55.0,448,-10,0,0,6,13.6,11,59.8,36.1,8.0,2026-07-12,未勝利,0.0
9129,函館,1000,ダート,不良,短い,フラット,10,スプリングドリーム,7,牝,3,黛,美浦 加藤士,逃げ,55.0,440,2,0,0,5,10.9,12,60.2,37.4,2.0,2026-07-12,未勝利,0.0
9130,函館,2000,芝,重,短い,フラット,7,ベネディクション,5,牝,3,横山武,栗東 矢作,先行,55.0,420,-14,0,0,2,3.9,1,122.4,37.3,4.0,2026-07-12,未勝利,0.0
9130,函館,2000,芝,重,短い,フラット,11,サウンドファミリエ,7,牝,3,河原田,美浦 和田郎,逃げ,51.0,414,6,0,0,9,24.4,2,123.0,38.3,2.0,2026-07-12,未勝利,0.0
9130,函館,2000,芝,重,短い,フラット,6,プリュイドール,5,牝,3,古川奈,栗東 矢作,先行,53.0,466,4,0,0,7,17.7,3,123.1,38.0,6.0,2026-07-12,未勝利,0.0
9130,函館,2000,芝,重,短い,フラット,4,スリールーディカ,4,牝,3,丹内,栗東 橋田,先行,55.0,438,2,0,0,8,21.0,4,123.2,38.7,4.0,2026-07-12,未勝利,0.0
9130,函館,2000,芝,重,短い,フラット,9,エアヴァイブス,6,牝,3,武豊,栗東 福永,逃げ,55.0,428,-4,0,0,1,2.9,5,123.3,38.8,1.0,2026-07-12,未勝利,0.0
9130,函館,2000,芝,重,短い,フラット,8,アルケミラモリス,6,牝,3,大久保,美浦 粕谷,差し,52.0,462,0,0,0,4,7.0,6,123.5,38.4,8.0,2026-07-12,未勝利,0.0
9130,函館,2000,芝,重,短い,フラット,1,フィエスタ,1,牝,3,斎藤,栗東 西村,差し,55.0,428,-2,0,0,6,16.7,7,123.6,38.8,6.0,2026-07-12,未勝利,0.0
9130,函館,2000,芝,重,短い,フラット,3,ダンツアラーム,3,牝,3,遠藤,栗東 本田,追い込み,52.0,430,0,0,0,5,10.6,8,124.2,39.0,10.0,2026-07-12,未勝利,0.0
9130,函館,2000,芝,重,短い,フラット,13,ヴィンテール,8,牝,3,鷲頭,栗東 池江,追い込み,53.0,448,-2,0,0,12,155.0,9,124.2,38.8,12.0,2026-07-12,未勝利,0.0
9130,函館,2000,芝,重,短い,フラット,12,ワンダージェム,8,牝,3,佐々木,栗東 石坂,差し,55.0,470,-8,0,0,10,72.2,10,124.8,39.8,9.0,2026-07-12,未勝利,0.0
9130,函館,2000,芝,重,短い,フラット,5,ビアーレ,4,牝,3,横山琉,美浦 林,追い込み,55.0,426,6,0,0,13,161.3,11,125.1,39.7,10.0,2026-07-12,未勝利,0.0
9130,函館,2000,芝,重,短い,フラット,2,ボーントゥラブユー,2,牝,3,鮫島駿,美浦 小笠,逃げ,55.0,472,-2,0,0,3,5.2,12,125.5,41.2,2.0,2026-07-12,未勝利,0.0
9130,函館,2000,芝,重,短い,フラット,10,アーミル,7,牝,3,小沢,栗東 高柳大,追い込み,55.0,416,-6,0,0,11,115.3,13,128.6,43.7,13.0,2026-07-12,未勝利,0.0
9131,函館,1700,ダート,不良,短い,フラット,12,ビンバラ,7,牡,3,佐々木,美浦 大竹,逃げ,57.0,504,-2,0,0,1,1.5,1,104.3,37.7,2.0,2026-07-12,未勝利,0.0
9131,函館,1700,ダート,不良,短い,フラット,8,ハイテイラオユエ,5,牡,3,横山武,美浦 辻,先行,57.0,532,-2,0,0,5,13.2,2,105.0,37.8,7.0,2026-07-12,未勝利,0.0
9131,函館,1700,ダート,不良,短い,フラット,5,セラサイト,4,牝,3,斎藤,栗東 茶木,逃げ,55.0,490,-4,0,0,9,28.6,3,105.2,38.2,3.0,2026-07-12,未勝利,0.0
9131,函館,1700,ダート,不良,短い,フラット,9,エクラドット,6,牡,3,丹内,美浦 西田,先行,57.0,522,-6,0,0,6,20.9,4,105.2,38.5,3.0,2026-07-12,未勝利,0.0
9131,函館,1700,ダート,不良,短い,フラット,2,サクセスゴールド,2,牡,3,吉田隼,美浦 久保田,先行,57.0,478,6,0,0,4,13.2,5,105.4,38.2,5.0,2026-07-12,未勝利,0.0
9131,函館,1700,ダート,不良,短い,フラット,14,スリーケイ,8,牝,3,鮫島駿,栗東 高橋一,逃げ,55.0,510,0,0,0,8,27.3,6,105.6,39.0,1.0,2026-07-12,未勝利,0.0
9131,函館,1700,ダート,不良,短い,フラット,3,コーリンクレア,3,牝,3,横山和,美浦 小野,差し,55.0,450,-2,0,0,3,11.0,7,105.7,38.4,9.0,2026-07-12,未勝利,0.0
9131,函館,1700,ダート,不良,短い,フラット,7,ロスニーニョス,5,牡,3,古川吉,栗東 大根田,差し,57.0,460,-6,0,0,13,220.5,8,106.0,38.9,8.0,2026-07-12,未勝利,0.0
9131,函館,1700,ダート,不良,短い,フラット,13,アドバンスジェンヌ,8,牝,3,遠藤,美浦 小手川,差し,52.0,472,2,0,0,11,132.4,9,106.0,38.1,10.0,2026-07-12,未勝利,0.0
9131,函館,1700,ダート,不良,短い,フラット,4,ジャストアダッシュ,3,牡,3,和田陽,栗東 藤野,追い込み,54.0,468,-6,0,0,7,23.0,10,106.5,38.0,12.0,2026-07-12,未勝利,0.0
9131,函館,1700,ダート,不良,短い,フラット,1,ファントムグレース,1,牝,3,小沢,栗東 本田,追い込み,55.0,478,0,0,0,14,238.8,11,106.7,38.2,12.0,2026-07-12,未勝利,0.0
9131,函館,1700,ダート,不良,短い,フラット,10,ホウオウロレンシア,6,牝,3,舟山,美浦 高木,先行,54.0,440,-4,0,0,2,6.4,12,107.4,40.5,5.0,2026-07-12,未勝利,0.0
9131,函館,1700,ダート,不良,短い,フラット,6,ゴーントゥファー,4,セ,3,長浜,美浦 小島,追い込み,56.0,468,-8,0,0,12,132.7,13,107.4,38.7,14.0,2026-07-12,未勝利,0.0
9131,函館,1700,ダート,不良,短い,フラット,11,コサージュ,7,牝,3,横山琉,栗東 清水久,追い込み,55.0,412,0,0,0,10,45.4,14,107.4,39.9,11.0,2026-07-12,未勝利,0.0
9132,函館,2600,芝,重,短い,フラット,4,タケルフォーカス,2,牡,3,古川吉,栗東 四位,差し,57.0,436,0,0,0,2,4.9,1,164.2,36.1,10.0,2026-07-12,未勝利,0.0
9132,函館,2600,芝,重,短い,フラット,3,ラッキーシグネチャ,2,牝,3,北村友,栗東 矢作,逃げ,55.0,436,4,0,0,6,14.4,2,164.2,36.8,2.0,2026-07-12,未勝利,0.0
9132,函館,2600,芝,重,短い,フラット,7,ブリックアブラック,4,牡,3,古川奈,美浦 高木,差し,55.0,452,-2,0,0,14,126.7,3,164.5,36.0,12.0,2026-07-12,未勝利,0.0
9132,函館,2600,芝,重,短い,フラット,2,ダイナソーコー,1,牡,3,鮫島駿,栗東 藤岡健,先行,57.0,442,-12,0,0,10,41.3,4,164.6,36.7,7.0,2026-07-12,未勝利,0.0
9132,函館,2600,芝,重,短い,フラット,1,ミカレオス,1,牡,3,荻野琢,栗東 河嶋,差し,57.0,462,-6,0,0,16,360.5,5,165.0,36.8,10.0,2026-07-12,未勝利,0.0
9132,函館,2600,芝,重,短い,フラット,11,アグアフレスカ,6,牝,3,長浜,美浦 稲垣,逃げ,54.0,500,0,0,0,7,26.6,6,165.1,37.5,3.0,2026-07-12,未勝利,0.0
9132,函館,2600,芝,重,短い,フラット,5,ウインブリザード,3,牡,3,遠藤,美浦 深山,逃げ,54.0,464,-2,0,0,8,31.4,7,165.2,37.9,1.0,2026-07-12,未勝利,0.0
9132,函館,2600,芝,重,短い,フラット,12,デイズインザサン,6,牝,3,大久保,美浦 小野,先行,52.0,470,0,0,0,12,93.2,8,165.4,37.6,7.0,2026-07-12,未勝利,0.0
9132,函館,2600,芝,重,短い,フラット,15,ハルノアメ,8,牡,3,河原田,美浦 上原博,差し,53.0,430,2,0,0,3,6.2,9,165.6,37.7,9.0,2026-07-12,未勝利,0.0
9132,函館,2600,芝,重,短い,フラット,8,レジーナレガリア,4,牝,3,小沢,栗東 石坂,逃げ,55.0,470,-2,0,0,9,37.2,10,165.6,38.0,3.0,2026-07-12,未勝利,0.0
9132,函館,2600,芝,重,短い,フラット,6,マジックファイヤー,3,牡,3,舟山,美浦 浅利,先行,56.0,476,-8,0,0,5,9.5,11,165.7,38.1,3.0,2026-07-12,未勝利,0.0
9132,函館,2600,芝,重,短い,フラット,16,テンバコウクウ,8,牡,3,斎藤,美浦 柄崎,追い込み,57.0,456,0,0,0,13,103.2,12,165.7,37.5,14.0,2026-07-12,未勝利,0.0
9132,函館,2600,芝,重,短い,フラット,9,レフィノス,5,牡,3,横山琉,美浦 和田勇,追い込み,57.0,490,-18,0,0,15,274.9,13,165.9,37.6,13.0,2026-07-12,未勝利,0.0
9132,函館,2600,芝,重,短い,フラット,13,ヴィラジョヴィス,7,牝,3,丹内,栗東 小栗,先行,55.0,492,2,0,0,1,2.4,14,166.2,38.8,3.0,2026-07-12,未勝利,0.0
9132,函館,2600,芝,重,短い,フラット,10,モヴシエラ,5,牡,3,和田陽,栗東 新谷,追い込み,54.0,422,-2,0,0,11,60.6,15,166.3,38.0,14.0,2026-07-12,未勝利,0.0
9132,函館,2600,芝,重,短い,フラット,14,ダディーズソード,7,牡,3,浜中,栗東 畑端,追い込み,57.0,444,12,0,0,4,7.9,16,172.4,44.6,16.0,2026-07-12,未勝利,0.0
9133,函館,1200,芝,重,短い,フラット,1,ミルトメロディー,1,牝,3,河原田,美浦 青木,逃げ,51.0,418,-2,0,0,5,16.9,1,70.3,35.8,4.0,2026-07-12,未勝利,0.0
9133,函館,1200,芝,重,短い,フラット,2,サトノフレイ,1,牡,3,北村友,栗東 友道,先行,57.0,470,-10,0,0,2,3.5,2,70.3,35.4,6.0,2026-07-12,未勝利,0.0
9133,函館,1200,芝,重,短い,フラット,3,ミレニアルピンク,2,牝,3,斎藤,栗東 安田,先行,55.0,430,-4,0,0,7,32.6,3,70.5,35.9,5.0,2026-07-12,未勝利,0.0
9133,函館,1200,芝,重,短い,フラット,14,ルージュフィーリア,7,牝,3,佐々木,美浦 大竹,逃げ,55.0,492,2,0,0,1,1.9,4,70.6,36.2,2.0,2026-07-12,未勝利,0.0
9133,函館,1200,芝,重,短い,フラット,4,ビップジョワ,2,牝,3,遠藤,美浦 高柳瑞,差し,52.0,420,0,0,0,12,113.8,5,70.7,35.5,9.0,2026-07-12,未勝利,0.0
9133,函館,1200,芝,重,短い,フラット,11,ソルトバーン,6,牝,3,古川奈,美浦 和田雄,追い込み,53.0,426,-4,0,0,15,390.1,6,70.7,35.2,14.0,2026-07-12,未勝利,0.0
9133,函館,1200,芝,重,短い,フラット,5,ドラリズム,3,牡,3,武豊,美浦 武藤,差し,57.0,470,-4,0,0,4,10.1,7,70.7,35.0,11.0,2026-07-12,未勝利,0.0
9133,函館,1200,芝,重,短い,フラット,16,ルーチェコメット,8,牝,3,横山琉,栗東 長谷川,逃げ,55.0,402,-6,0,0,8,65.2,8,70.7,36.3,2.0,2026-07-12,未勝利,0.0
9133,函館,1200,芝,重,短い,フラット,12,マティンデ,6,牝,3,丹内,栗東 清水久,逃げ,55.0,458,0,0,0,3,7.3,9,70.8,36.5,1.0,2026-07-12,未勝利,0.0
9133,函館,1200,芝,重,短い,フラット,7,フォークスアップ,4,牡,3,横山和,美浦 勢司,追い込み,57.0,488,2,0,0,9,68.2,10,71.1,35.0,15.0,2026-07-12,未勝利,0.0
9133,函館,1200,芝,重,短い,フラット,10,ネオシューマン,5,セ,3,舟山,美浦 鈴木伸,追い込み,56.0,458,-6,0,0,13,135.2,11,71.4,35.9,15.0,2026-07-12,未勝利,0.0
9133,函館,1200,芝,重,短い,フラット,9,ワイドアルバ,5,牡,3,川又,栗東 藤野,先行,57.0,484,4,0,0,14,290.7,12,71.5,36.8,6.0,2026-07-12,未勝利,0.0
9133,函館,1200,芝,重,短い,フラット,8,フォルストランキル,4,牝,3,小沢,栗東 池江,差し,55.0,430,8,0,0,6,20.1,13,71.6,36.6,9.0,2026-07-12,未勝利,0.0
9133,函館,1200,芝,重,短い,フラット,15,ノーブルマドンナ,8,牝,3,和田陽,栗東 藤野,先行,52.0,426,10,0,0,16,440.9,14,71.6,36.6,8.0,2026-07-12,未勝利,0.0
9133,函館,1200,芝,重,短い,フラット,13,ハネマン,7,牝,3,原田和,美浦 伊坂,差し,55.0,430,8,0,0,11,74.8,15,71.7,36.5,11.0,2026-07-12,未勝利,0.0
9133,函館,1200,芝,重,短い,フラット,6,ハナイロマヒナ,3,牝,3,長浜,栗東 高橋亮,追い込み,54.0,392,0,0,0,10,72.6,16,71.8,36.6,11.0,2026-07-12,未勝利,0.0
9131,函館,1700,ダート,不良,短い,フラット,9,ヒミノエトワール,8,牝,4,武豊,栗東 宮地,先行,56.0,468,-2,0,0,1,2.9,1,104.7,37.0,3.0,2026-07-12,未勝利,0.0
9131,函館,1700,ダート,不良,短い,フラット,2,デルマサクラサク,2,牝,4,横山和,栗東 牧田,先行,56.0,484,-10,0,0,2,3.5,2,104.7,36.8,3.0,2026-07-12,未勝利,0.0
9131,函館,1700,ダート,不良,短い,フラット,4,リピース,4,牝,3,鷲頭,栗東 前川,逃げ,51.0,428,16,0,0,8,54.2,3,104.7,37.3,1.0,2026-07-12,未勝利,0.0
9131,函館,1700,ダート,不良,短い,フラット,3,ウィンターガーデン,3,牝,5,小沢,栗東 井上,差し,56.0,494,-2,0,0,9,111.1,4,104.8,36.9,6.0,2026-07-12,未勝利,0.0
9131,函館,1700,ダート,不良,短い,フラット,6,サウンドルーチェ,6,牝,4,河原田,栗東 渡辺,差し,52.0,454,-2,0,0,7,34.7,5,104.9,37.2,5.0,2026-07-12,未勝利,0.0
9131,函館,1700,ダート,不良,短い,フラット,5,マリブサーフ,5,牝,3,和田陽,栗東 牧浦,逃げ,50.0,450,6,0,0,4,6.0,6,105.2,37.7,2.0,2026-07-12,未勝利,0.0
9131,函館,1700,ダート,不良,短い,フラット,7,アリストクラシア,7,牝,5,北村友,栗東 吉岡,追い込み,56.0,480,-4,0,0,6,11.1,7,105.3,37.3,7.0,2026-07-12,未勝利,0.0
9131,函館,1700,ダート,不良,短い,フラット,1,バシリス,1,牝,4,舟山,栗東 寺島,追い込み,55.0,476,2,0,0,5,8.6,8,110.5,42.2,9.0,2026-07-12,未勝利,0.0
9131,函館,1700,ダート,不良,短い,フラット,8,コイタマチャン,8,牝,3,横山武,栗東 宮本,追い込み,53.0,486,0,0,0,3,4.9,9,116.2,48.6,7.0,2026-07-12,未勝利,0.0
9134,函館,2400,ダート,不良,短い,フラット,2,シャローファースト,2,牡,3,横山和,栗東 安田,逃げ,55.0,530,0,0,0,1,2.8,1,150.1,37.9,2.0,2026-07-12,未勝利,0.0
9134,函館,2400,ダート,不良,短い,フラット,9,ダイシンレアレア,7,牡,4,丹内,栗東 高橋一,先行,58.0,496,-2,0,0,2,3.7,2,150.6,38.0,3.0,2026-07-12,未勝利,0.0
9134,函館,2400,ダート,不良,短い,フラット,8,ミスターエメラルド,7,牡,3,鮫島駿,栗東 中村,逃げ,55.0,516,-4,0,0,5,11.3,3,150.8,38.8,1.0,2026-07-12,未勝利,0.0
9134,函館,2400,ダート,不良,短い,フラット,7,ステイアンビシャス,6,牡,4,佐々木,美浦 堀内,先行,58.0,496,18,0,0,7,17.5,4,150.9,38.2,3.0,2026-07-12,未勝利,0.0
9134,函館,2400,ダート,不良,短い,フラット,11,サトノリアン,8,牡,5,吉田隼,美浦 大竹,差し,58.0,472,-4,0,0,6,15.3,5,151.0,37.3,8.0,2026-07-12,未勝利,0.0
9134,函館,2400,ダート,不良,短い,フラット,5,シーリュウシー,5,牡,5,小沢,栗東 岡田,先行,58.0,500,-4,0,0,4,11.1,6,151.0,37.9,5.0,2026-07-12,未勝利,0.0
9134,函館,2400,ダート,不良,短い,フラット,1,ブレイクザアイス,1,セ,7,黛,美浦 森一,差し,58.0,464,-6,0,0,8,20.0,7,151.9,38.4,7.0,2026-07-12,未勝利,0.0
9134,函館,2400,ダート,不良,短い,フラット,6,カージオイド,6,牡,4,長浜,美浦 黒岩,差し,57.0,518,10,0,0,11,47.9,8,154.0,41.2,6.0,2026-07-12,未勝利,0.0
9134,函館,2400,ダート,不良,短い,フラット,3,シドニーホバート,3,牡,4,斎藤,栗東 杉山佳,追い込み,58.0,518,4,0,0,9,28.1,9,155.0,41.7,9.0,2026-07-12,未勝利,0.0
9134,函館,2400,ダート,不良,短い,フラット,4,ディースプレマシー,4,牡,4,古川吉,美浦 牧,追い込み,58.0,470,16,0,0,10,35.4,10,155.4,41.1,11.0,2026-07-12,未勝利,0.0
9134,函館,2400,ダート,不良,短い,フラット,10,ハイドパーク,8,牡,3,舟山,栗東 田中克,追い込み,54.0,508,-8,0,0,3,5.2,11,155.6,42.2,10.0,2026-07-12,未勝利,0.0
9135,函館,1800,芝,重,短い,フラット,1,マイネルフーガ,1,牡,4,斎藤,美浦 鈴木慎,逃げ,55.0,482,-4,0,0,4,10.3,1,108.9,35.6,2.0,2026-07-12,2勝クラス,2.0
9135,函館,1800,芝,重,短い,フラット,5,テルヒコウ,4,牡,3,武豊,栗東 矢作,逃げ,54.0,476,-2,0,0,2,3.7,2,109.1,36.4,1.0,2026-07-12,2勝クラス,2.0
9135,函館,1800,芝,重,短い,フラット,2,ジャズ,2,牡,5,吉田隼,栗東 辻野,逃げ,56.0,484,2,0,0,5,10.5,3,109.2,35.6,3.0,2026-07-12,2勝クラス,2.0
9135,函館,1800,芝,重,短い,フラット,8,サタデーサンライズ,5,牝,4,北村友,栗東 石坂,先行,53.0,460,4,0,0,3,5.7,4,109.2,35.7,3.0,2026-07-12,2勝クラス,2.0
9135,函館,1800,芝,重,短い,フラット,12,フォルテフィオーレ,7,牡,5,丹内,美浦 上原佑,先行,56.0,456,4,0,0,6,11.5,5,109.4,35.6,5.0,2026-07-12,2勝クラス,2.0
9135,函館,1800,芝,重,短い,フラット,13,フナデ,8,牡,5,横山和,美浦 嘉藤,差し,54.0,466,6,0,0,11,77.8,6,109.4,35.3,8.0,2026-07-12,2勝クラス,2.0
9135,函館,1800,芝,重,短い,フラット,9,エーデル,6,牝,5,酒井,美浦 金成,追い込み,51.0,464,-8,0,0,13,156.4,7,109.5,35.2,12.0,2026-07-12,2勝クラス,2.0
9135,函館,1800,芝,重,短い,フラット,11,レイヤードレッド,7,牡,4,長浜,美浦 手塚久,差し,55.0,490,0,0,0,12,97.8,8,109.6,35.4,8.0,2026-07-12,2勝クラス,2.0
9135,函館,1800,芝,重,短い,フラット,3,バルティカ,3,牡,4,鮫島駿,栗東 高橋亮,先行,56.0,452,-10,0,0,8,19.5,9,109.7,36.0,5.0,2026-07-12,2勝クラス,2.0
9135,函館,1800,芝,重,短い,フラット,7,エリム,5,牝,6,原田和,美浦 上原博,差し,52.0,460,-2,0,0,14,193.5,10,109.9,35.9,8.0,2026-07-12,2勝クラス,2.0
9135,函館,1800,芝,重,短い,フラット,14,ラブリーリディア,8,牝,4,小沢,栗東 中内田,追い込み,55.0,452,-4,0,0,9,19.6,11,110.0,35.9,11.0,2026-07-12,2勝クラス,2.0
9135,函館,1800,芝,重,短い,フラット,4,ウィルサヴァイブ,3,牝,4,横山武,栗東 須貝,先行,54.0,444,0,0,0,7,11.9,12,110.1,36.3,7.0,2026-07-12,2勝クラス,2.0
9135,函館,1800,芝,重,短い,フラット,6,ロードマンハイム,4,セ,6,古川吉,栗東 友道,追い込み,56.0,516,0,0,0,10,41.6,13,110.6,36.1,12.0,2026-07-12,2勝クラス,2.0
9135,函館,1800,芝,重,短い,フラット,10,コッツォリーノ,6,牡,3,佐々木,美浦 池上,追い込み,54.0,462,-2,0,0,1,3.4,14,112.7,38.4,12.0,2026-07-12,2勝クラス,2.0
9129,函館,1000,ダート,不良,短い,フラット,6,クロナ,5,牡,3,小沢,栗東 高橋亮,逃げ,55.0,460,-2,0,0,6,9.8,1,57.7,35.0,2.0,2026-07-12,2勝クラス,2.0
9129,函館,1000,ダート,不良,短い,フラット,5,ヒットミー,5,牝,4,長浜,美浦 鹿戸,逃げ,56.0,480,2,0,0,7,18.4,2,57.7,35.0,2.0,2026-07-12,2勝クラス,2.0
9129,函館,1000,ダート,不良,短い,フラット,8,ビーマックス,6,牡,4,浜中,栗東 藤野,先行,58.0,496,0,0,0,8,25.9,3,57.9,34.6,5.0,2026-07-12,2勝クラス,2.0
9129,函館,1000,ダート,不良,短い,フラット,3,デアプリームス,3,牝,3,横山武,美浦 田島,逃げ,53.0,442,-2,0,0,3,6.2,4,58.0,35.4,1.0,2026-07-12,2勝クラス,2.0
9129,函館,1000,ダート,不良,短い,フラット,9,マメタンク,7,牡,3,斎藤,栗東 東田,差し,55.0,446,2,0,0,1,2.8,5,58.2,34.6,8.0,2026-07-12,2勝クラス,2.0
9129,函館,1000,ダート,不良,短い,フラット,1,カネコメブライト,1,牝,3,横山琉,栗東 中尾,差し,53.0,470,2,0,0,4,7.9,6,58.2,34.8,7.0,2026-07-12,2勝クラス,2.0
9129,函館,1000,ダート,不良,短い,フラット,11,ルイステソーロ,8,セ,4,丹内,美浦 畠山,先行,58.0,472,-8,0,0,5,8.3,7,58.2,35.4,4.0,2026-07-12,2勝クラス,2.0
9129,函館,1000,ダート,不良,短い,フラット,12,ストロングボンド,8,セ,3,吉田隼,美浦 菊川,追い込み,55.0,438,-2,0,0,12,231.6,8,58.9,35.0,11.0,2026-07-12,2勝クラス,2.0
9129,函館,1000,ダート,不良,短い,フラット,10,ストリンジェンド,7,牡,6,北村友,栗東 加藤公,追い込み,58.0,476,-20,0,0,9,69.2,9,59.1,34.7,12.0,2026-07-12,2勝クラス,2.0
9129,函館,1000,ダート,不良,短い,フラット,7,サベージラヴ,6,牝,5,佐々木,美浦 伊藤圭,差し,56.0,462,4,0,0,10,73.8,10,59.1,35.7,8.0,2026-07-12,2勝クラス,2.0
9129,函館,1000,ダート,不良,短い,フラット,2,サンディブロンド,2,牝,5,舟山,美浦 鈴木慎,先行,56.0,482,-2,0,0,11,139.5,11,59.2,36.1,5.0,2026-07-12,2勝クラス,2.0
9129,函館,1000,ダート,不良,短い,フラット,4,エコロレバン,4,牝,3,酒井,栗東 大久保,追い込み,53.0,474,8,0,0,2,3.8,12,59.6,35.8,10.0,2026-07-12,2勝クラス,2.0
9135,函館,1800,芝,重,短い,フラット,10,ヴーレヴー,6,牝,4,吉田隼,栗東 武幸,逃げ,55.0,496,0,0,0,8,11.1,1,107.1,35.4,2.0,2026-07-12,オープン,4.0
9135,函館,1800,芝,重,短い,フラット,12,レディーヴァリュー,7,牝,5,武豊,栗東 小林,逃げ,55.0,460,12,0,0,7,10.0,2,107.6,35.4,3.0,2026-07-12,オープン,4.0
9135,函館,1800,芝,重,短い,フラット,4,シルトホルン,3,牡,6,丹内,美浦 新開,先行,58.0,480,-2,0,0,1,4.6,3,108.0,35.4,6.0,2026-07-12,オープン,4.0
9135,函館,1800,芝,重,短い,フラット,1,エラトー,1,牝,5,北村友,栗東 上村,先行,55.0,512,16,0,0,6,9.5,4,108.2,35.8,4.0,2026-07-12,オープン,4.0
9135,函館,1800,芝,重,短い,フラット,5,キョウエイブリッサ,4,牡,6,浜中,美浦 武市,差し,57.0,488,2,0,0,3,5.9,5,108.3,35.2,10.0,2026-07-12,オープン,4.0
9135,函館,1800,芝,重,短い,フラット,14,リラボニート,8,牝,5,鮫島駿,栗東 須貝,先行,56.0,472,6,0,0,9,13.8,6,108.5,35.9,6.0,2026-07-12,オープン,4.0
9135,函館,1800,芝,重,短い,フラット,3,タシット,3,牡,7,横山琉,美浦 中川,逃げ,57.0,480,4,0,0,10,24.4,7,108.5,37.4,1.0,2026-07-12,オープン,4.0
9135,函館,1800,芝,重,短い,フラット,2,パレハ,2,牝,5,佐々木,栗東 新谷,差し,55.0,446,12,0,0,2,5.7,8,108.6,35.9,8.0,2026-07-12,オープン,4.0
9135,函館,1800,芝,重,短い,フラット,11,パトリックハンサム,7,牡,7,斎藤,美浦 柄崎,追い込み,57.0,474,2,0,0,12,84.9,9,108.6,35.3,11.0,2026-07-12,オープン,4.0
9135,函館,1800,芝,重,短い,フラット,9,レディネス,6,牡,4,横山和,栗東 昆,差し,57.0,484,-22,0,0,4,7.5,10,108.7,35.8,8.0,2026-07-12,オープン,4.0
9135,函館,1800,芝,重,短い,フラット,6,レディントン,4,セ,5,小沢,栗東 杉山晴,先行,57.0,472,0,0,0,11,48.5,11,109.5,37.1,4.0,2026-07-12,オープン,4.0
9135,函館,1800,芝,重,短い,フラット,7,エエヤン,5,セ,6,古川吉,美浦 伊藤大,追い込み,59.0,482,2,0,0,14,157.1,12,109.9,35.9,12.0,2026-07-12,オープン,4.0
9135,函館,1800,芝,重,短い,フラット,13,ウインシュクラン,8,セ,8,黛,美浦 和田郎,追い込み,57.0,472,6,0,0,13,106.9,13,110.5,37.5,12.0,2026-07-12,オープン,4.0
9135,函館,1800,芝,重,短い,フラット,8,ストレイトトーカー,5,牡,4,横山武,美浦 岩戸,追い込み,57.0,484,2,0,0,5,9.3,14,115.6,38.4,14.0,2026-07-12,オープン,4.0
9133,函館,1200,芝,重,短い,フラット,5,サンポーニャ,5,牝,6,鷲頭,栗東 池江,逃げ,54.0,460,12,0,0,4,7.8,1,70.1,36.3,1.0,2026-07-12,未勝利,0.0
9133,函館,1200,芝,重,短い,フラット,4,ココソラーレ,4,牝,3,古川奈,美浦 天間,追い込み,51.0,422,-8,0,0,6,31.0,2,70.1,35.3,7.0,2026-07-12,未勝利,0.0
9133,函館,1200,芝,重,短い,フラット,2,ダブルチャレンジ,2,牝,3,吉田隼,美浦 深山,先行,53.0,442,2,0,0,3,6.3,3,70.2,36.1,3.0,2026-07-12,未勝利,0.0
9133,函館,1200,芝,重,短い,フラット,1,ナンナンプー,1,牝,4,舟山,美浦 水野,先行,55.0,456,-4,0,0,7,35.1,4,70.2,36.1,3.0,2026-07-12,未勝利,0.0
9133,函館,1200,芝,重,短い,フラット,8,ペイシャアーサー,8,牡,4,遠藤,美浦 本間,逃げ,55.0,480,8,0,0,5,16.4,5,70.6,36.7,2.0,2026-07-12,未勝利,0.0
9133,函館,1200,芝,重,短い,フラット,7,ハッピーラッキー,7,牡,3,横山和,美浦 武市,差し,55.0,454,0,0,0,1,1.8,6,70.7,36.3,5.0,2026-07-12,未勝利,0.0
9133,函館,1200,芝,重,短い,フラット,3,シャルトル,3,牡,3,北村友,美浦 栗田,差し,55.0,450,-2,0,0,2,3.5,7,70.8,36.4,6.0,2026-07-12,未勝利,0.0
9133,函館,1200,芝,重,短い,フラット,6,マインセーラ,6,牝,3,的場,美浦 的場,追い込み,53.0,432,0,0,0,8,145.1,8,71.2,35.6,8.0,2026-07-12,未勝利,0.0
9136,福島,1700,ダート,良,短い,フラット,6,サイモンセレーノ,4,牝,3,石神道,美浦 勢司,逃げ,52.0,446,10,0,0,1,2.8,1,105.7,37.7,2.0,2026-07-11,未勝利,0.0
9136,福島,1700,ダート,良,短い,フラット,2,ビレッジルイーザ,2,牝,3,佐藤,美浦 伊藤圭,逃げ,52.0,438,-8,0,0,4,7.7,2,106.4,38.5,1.0,2026-07-11,未勝利,0.0
9136,福島,1700,ダート,良,短い,フラット,5,タマモチョコチップ,3,牝,3,菊沢,美浦 菊沢,先行,55.0,446,0,0,0,2,3.8,3,106.9,38.2,5.0,2026-07-11,未勝利,0.0
9136,福島,1700,ダート,良,短い,フラット,15,アジュアカレンツ,8,牝,3,武藤,美浦 西田,逃げ,55.0,436,-6,0,0,6,16.2,4,107.1,38.9,3.0,2026-07-11,未勝利,0.0
9136,福島,1700,ダート,良,短い,フラット,9,アインプロージット,5,牝,3,坂井,美浦 大竹,先行,55.0,420,18,0,0,8,27.0,5,107.3,38.8,5.0,2026-07-11,未勝利,0.0
9136,福島,1700,ダート,良,短い,フラット,10,ベアエクスプレス,6,牝,3,松岡,美浦 柄崎,差し,55.0,476,-6,0,0,11,103.4,6,107.4,38.4,8.0,2026-07-11,未勝利,0.0
9136,福島,1700,ダート,良,短い,フラット,1,ワイルドミュール,1,牝,3,荻野極,美浦 鹿戸,先行,55.0,418,-2,0,0,5,9.9,7,107.4,38.8,7.0,2026-07-11,未勝利,0.0
9136,福島,1700,ダート,良,短い,フラット,3,エルミー,2,牝,3,三浦,美浦 中川,先行,55.0,442,12,0,0,3,5.2,8,107.8,39.5,4.0,2026-07-11,未勝利,0.0
9136,福島,1700,ダート,良,短い,フラット,7,キミガハマ,4,牝,3,小崎,美浦 嘉藤,差し,55.0,460,-6,0,0,10,74.4,9,107.9,38.5,10.0,2026-07-11,未勝利,0.0
9136,福島,1700,ダート,良,短い,フラット,11,ゼフィリア,6,牝,3,原,美浦 岩戸,差し,55.0,464,-4,0,0,7,16.9,10,108.0,39.0,9.0,2026-07-11,未勝利,0.0
9136,福島,1700,ダート,良,短い,フラット,13,メイショウミズホ,7,牝,3,大野,美浦 和田勇,追い込み,55.0,426,2,0,0,14,226.2,11,108.6,39.0,13.0,2026-07-11,未勝利,0.0
9136,福島,1700,ダート,良,短い,フラット,14,セイスイカルメン,8,牝,3,木幡巧,美浦 堀内,差し,55.0,450,-12,0,0,12,190.5,12,108.6,39.0,10.0,2026-07-11,未勝利,0.0
9136,福島,1700,ダート,良,短い,フラット,4,イセッセイ,3,牝,3,小林脩,美浦 伊藤伸,追い込み,55.0,454,4,0,0,13,200.7,13,108.9,39.1,14.0,2026-07-11,未勝利,0.0
9136,福島,1700,ダート,良,短い,フラット,12,ホウライブラック,7,牝,3,石田,美浦 鈴木慎,追い込み,52.0,450,0,0,0,9,46.0,14,109.3,39.2,14.0,2026-07-11,未勝利,0.0
9136,福島,1700,ダート,良,短い,フラット,8,アルバニクス,5,牝,3,上里,美浦 中舘,追い込み,52.0,454,-10,0,0,15,321.8,15,110.6,41.3,12.0,2026-07-11,未勝利,0.0
9027,福島,1800,芝,良,短い,フラット,1,レオンティウス,1,牡,2,丸山,美浦 田中勝,先行,55.0,478,-6,0,0,1,2.6,1,107.6,35.3,5.0,2026-07-11,未勝利,0.0
9027,福島,1800,芝,良,短い,フラット,9,キャピタルストーン,6,牡,2,大野,美浦 久保田,逃げ,55.0,430,-2,0,0,3,5.9,2,107.8,35.6,2.0,2026-07-11,未勝利,0.0
9027,福島,1800,芝,良,短い,フラット,4,トーセンマスラオ,3,牡,2,菊沢,美浦 菊沢,差し,55.0,498,-6,0,0,4,7.6,3,107.9,35.4,9.0,2026-07-11,未勝利,0.0
9027,福島,1800,芝,良,短い,フラット,12,シャインラブ,7,牝,2,丸田,栗東 井上,差し,55.0,440,2,0,0,8,29.2,4,108.1,35.4,9.0,2026-07-11,未勝利,0.0
9027,福島,1800,芝,良,短い,フラット,8,シアルナーレ,5,牡,2,坂井,美浦 田中博,先行,55.0,436,-6,0,0,5,7.8,5,108.2,35.9,5.0,2026-07-11,未勝利,0.0
9027,福島,1800,芝,良,短い,フラット,5,マイネルリコルディ,4,牡,2,原,美浦 青木,逃げ,55.0,440,-2,0,0,7,15.6,6,108.4,36.3,2.0,2026-07-11,未勝利,0.0
9027,福島,1800,芝,良,短い,フラット,13,モーモーゼロ,8,牡,2,石神道,美浦 石栗,先行,52.0,458,0,0,0,13,224.5,7,108.7,36.2,5.0,2026-07-11,未勝利,0.0
9027,福島,1800,芝,良,短い,フラット,7,オーケーマドンナ,5,牝,2,木幡巧,美浦 相沢,差し,55.0,456,-2,0,0,12,189.0,8,108.8,36.4,5.0,2026-07-11,未勝利,0.0
9027,福島,1800,芝,良,短い,フラット,6,タイセイアドーレ,4,牡,2,石田,美浦 伊藤圭,追い込み,52.0,462,-18,0,0,9,36.4,9,108.9,36.2,11.0,2026-07-11,未勝利,0.0
9027,福島,1800,芝,良,短い,フラット,2,ペアスターロード,2,牡,2,戸崎圭,栗東 前川,逃げ,55.0,470,-4,0,0,2,4.3,10,108.9,36.9,1.0,2026-07-11,未勝利,0.0
9027,福島,1800,芝,良,短い,フラット,3,ジーティーフクジ,3,牡,2,上里,美浦 武市,追い込み,52.0,394,-2,0,0,11,174.5,11,109.4,36.8,12.0,2026-07-11,未勝利,0.0
9027,福島,1800,芝,良,短い,フラット,11,コールドスリープ,7,牝,2,佐藤,美浦 深山,追い込み,52.0,450,-6,0,0,14,304.7,12,109.5,36.5,12.0,2026-07-11,未勝利,0.0
9027,福島,1800,芝,良,短い,フラット,14,コスモシグナス,8,牡,2,石川,美浦 水野,先行,55.0,448,4,0,0,6,13.4,13,109.7,37.7,2.0,2026-07-11,未勝利,0.0
9027,福島,1800,芝,良,短い,フラット,10,ジュネストレイル,6,牡,2,荻野極,美浦 手塚徳,追い込み,55.0,454,0,0,0,10,134.1,14,122.9,47.1,14.0,2026-07-11,未勝利,0.0
9136,福島,1700,ダート,良,短い,フラット,13,ウェスケンジントン,7,牡,3,荻野極,美浦 小野,先行,57.0,484,-4,0,0,3,5.1,1,106.8,38.7,5.0,2026-07-11,未勝利,0.0
9136,福島,1700,ダート,良,短い,フラット,5,ゴールドプレイヤー,3,牡,3,戸崎圭,美浦 古賀慎,先行,57.0,446,-8,0,0,2,3.6,2,106.9,38.6,5.0,2026-07-11,未勝利,0.0
9136,福島,1700,ダート,良,短い,フラット,4,スティールヴォーグ,3,牡,3,三浦,美浦 中舘,逃げ,57.0,468,4,0,0,1,3.1,3,107.1,39.7,1.0,2026-07-11,未勝利,0.0
9136,福島,1700,ダート,良,短い,フラット,1,ロードプレリュード,1,牡,3,木幡巧,美浦 稲垣,逃げ,57.0,494,6,0,0,6,13.3,4,107.2,39.6,3.0,2026-07-11,未勝利,0.0
9136,福島,1700,ダート,良,短い,フラット,9,ヤマタケボニータ,5,牡,3,野中,美浦 萱野,差し,57.0,472,-2,0,0,14,297.6,5,107.2,38.7,9.0,2026-07-11,未勝利,0.0
9136,福島,1700,ダート,良,短い,フラット,7,ドゥーニ,4,牡,3,原,美浦 矢嶋,先行,57.0,490,8,0,0,7,23.3,6,108.0,40.4,3.0,2026-07-11,未勝利,0.0
9136,福島,1700,ダート,良,短い,フラット,11,ツクバアヴァロン,6,牡,3,菊沢,美浦 奥平,先行,57.0,472,-2,0,0,8,35.0,7,108.3,40.4,5.0,2026-07-11,未勝利,0.0
9136,福島,1700,ダート,良,短い,フラット,6,ルールオーヴァー,4,牡,3,小崎,美浦 尾関,追い込み,57.0,462,0,0,0,10,82.2,8,108.8,38.7,13.0,2026-07-11,未勝利,0.0
9136,福島,1700,ダート,良,短い,フラット,12,ロイヤルタイム,7,牡,3,松岡,美浦 和田郎,差し,57.0,442,0,0,0,9,65.3,9,108.9,40.6,10.0,2026-07-11,未勝利,0.0
9136,福島,1700,ダート,良,短い,フラット,14,マーゴットリック,8,セ,3,上里,美浦 加藤士,逃げ,54.0,474,-22,0,0,5,8.9,10,109.1,41.9,2.0,2026-07-11,未勝利,0.0
9136,福島,1700,ダート,良,短い,フラット,2,エビスディアーナ,2,牝,3,江田照,美浦 加藤征,差し,55.0,436,4,0,0,13,286.5,11,109.1,39.7,11.0,2026-07-11,未勝利,0.0
9136,福島,1700,ダート,良,短い,フラット,3,パワポケウォーズ,2,牡,3,佐藤,美浦 大和田,追い込み,54.0,422,-6,0,0,15,412.3,12,109.3,39.3,13.0,2026-07-11,未勝利,0.0
9136,福島,1700,ダート,良,短い,フラット,8,セブンワンダーズ,5,牡,3,坂井,美浦 斎藤誠,差し,57.0,470,2,0,0,4,5.9,13,109.4,41.7,8.0,2026-07-11,未勝利,0.0
9136,福島,1700,ダート,良,短い,フラット,10,イケイケルノワール,6,セ,3,石田,美浦 松山,追い込み,54.0,474,-10,0,0,12,269.7,14,110.1,39.4,15.0,2026-07-11,未勝利,0.0
9136,福島,1700,ダート,良,短い,フラット,15,フッカツノジャンボ,8,牡,3,木幡育,美浦 勢司,追い込み,57.0,586,-4,0,0,11,235.0,15,110.5,41.1,12.0,2026-07-11,未勝利,0.0
9137,福島,1800,芝,良,短い,フラット,9,ルンベーラ,5,牝,3,木幡巧,美浦 菊川,逃げ,55.0,454,-2,0,0,4,12.0,1,107.5,34.7,3.0,2026-07-11,未勝利,0.0
9137,福島,1800,芝,良,短い,フラット,6,セーヌデローヴ,3,牡,3,石川,美浦 黒岩,先行,57.0,438,-2,0,0,6,15.3,2,107.6,34.6,6.0,2026-07-11,未勝利,0.0
9137,福島,1800,芝,良,短い,フラット,1,ポポラヴィスタ,1,牝,3,石神道,美浦 鈴木慎,逃げ,52.0,418,-2,0,0,5,12.5,3,108.0,35.5,1.0,2026-07-11,未勝利,0.0
9137,福島,1800,芝,良,短い,フラット,5,ジョブックボー,3,牝,3,原,美浦 黒岩,差し,55.0,434,-8,0,0,12,114.8,4,108.1,34.7,9.0,2026-07-11,未勝利,0.0
9137,福島,1800,芝,良,短い,フラット,8,ウインテラジーナ,4,牝,3,戸崎圭,美浦 栗田,逃げ,55.0,466,10,0,0,1,2.2,5,108.2,35.6,2.0,2026-07-11,未勝利,0.0
9137,福島,1800,芝,良,短い,フラット,15,ムーングレイル,8,セ,3,荻野極,美浦 森一,逃げ,57.0,482,-10,0,0,3,5.8,6,108.3,35.5,3.0,2026-07-11,未勝利,0.0
9137,福島,1800,芝,良,短い,フラット,3,フクオトコ,2,牡,3,菊沢,美浦 菊沢,先行,57.0,450,-6,0,0,2,3.9,7,108.3,35.2,6.0,2026-07-11,未勝利,0.0
9137,福島,1800,芝,良,短い,フラット,14,シルバープレミア,7,牝,3,石田,美浦 西田,差し,52.0,396,6,0,0,11,92.8,8,108.4,34.7,12.0,2026-07-11,未勝利,0.0
9137,福島,1800,芝,良,短い,フラット,7,サファイアプレミア,4,牝,3,丸田,美浦 池上,差し,55.0,414,-2,0,0,14,349.1,9,108.7,35.2,11.0,2026-07-11,未勝利,0.0
9137,福島,1800,芝,良,短い,フラット,13,フライングビーナス,7,牝,3,小崎,美浦 田中博,追い込み,55.0,434,0,0,0,10,65.3,10,108.7,34.8,15.0,2026-07-11,未勝利,0.0
9137,福島,1800,芝,良,短い,フラット,12,ブルーブロディ,6,牡,3,上里,美浦 伊坂,先行,54.0,496,-6,0,0,9,56.9,11,108.8,36.1,3.0,2026-07-11,未勝利,0.0
9137,福島,1800,芝,良,短い,フラット,11,サトノアンナ,6,牝,3,丸山,美浦 大竹,追い込み,55.0,394,16,0,0,8,55.0,12,108.8,35.0,12.0,2026-07-11,未勝利,0.0
9137,福島,1800,芝,良,短い,フラット,2,パーフェクトスノー,1,牝,3,大野,美浦 中舘,先行,55.0,420,2,0,0,13,159.2,13,108.9,36.0,6.0,2026-07-11,未勝利,0.0
9137,福島,1800,芝,良,短い,フラット,4,ミスデルマー,2,牝,3,水沼,美浦 和田郎,差し,52.0,432,-4,0,0,16,410.4,14,109.0,35.8,10.0,2026-07-11,未勝利,0.0
9137,福島,1800,芝,良,短い,フラット,10,レッドフリーマン,5,牡,3,坂井,美浦 大竹,追い込み,57.0,470,8,0,0,7,16.0,15,109.4,36.0,12.0,2026-07-11,未勝利,0.0
9137,福島,1800,芝,良,短い,フラット,16,ケイアイギルス,8,セ,3,杉原,美浦 小島,追い込み,57.0,450,2,0,0,15,393.6,16,109.6,35.3,16.0,2026-07-11,未勝利,0.0
9138,福島,2000,芝,良,短い,フラット,6,ドナルンバ,6,牝,3,荻野極,美浦 上原佑,逃げ,53.0,464,-4,0,0,1,2.2,1,118.3,34.6,2.0,2026-07-11,未勝利,0.0
9138,福島,2000,芝,良,短い,フラット,9,マイネルモメンタム,7,牡,5,石神道,美浦 相沢,逃げ,55.0,484,-2,0,0,6,33.9,2,118.5,35.0,1.0,2026-07-11,未勝利,0.0
9138,福島,2000,芝,良,短い,フラット,4,イモータリス,4,牡,3,石川,美浦 手塚久,先行,55.0,532,-2,0,0,3,4.1,3,119.0,35.0,4.0,2026-07-11,未勝利,0.0
9138,福島,2000,芝,良,短い,フラット,5,ボニープリンス,5,牡,3,戸崎圭,美浦 大竹,先行,55.0,472,6,0,0,2,3.0,4,119.2,35.2,4.0,2026-07-11,未勝利,0.0
9138,福島,2000,芝,良,短い,フラット,11,デリシュー,8,牡,5,松岡,美浦 新開,差し,58.0,470,4,0,0,8,71.9,5,119.5,35.2,6.0,2026-07-11,未勝利,0.0
9138,福島,2000,芝,良,短い,フラット,7,ウインボレロ,6,牡,5,武藤,美浦 水野,差し,58.0,442,-2,0,0,7,50.4,6,119.5,35.2,6.0,2026-07-11,未勝利,0.0
9138,福島,2000,芝,良,短い,フラット,3,リアルセンター,3,牝,5,原,美浦 千葉,追い込み,56.0,514,8,0,0,9,151.3,7,119.7,35.6,9.0,2026-07-11,未勝利,0.0
9138,福島,2000,芝,良,短い,フラット,8,グランプラネッタ,7,セ,4,菊沢,美浦 小島,追い込み,58.0,472,-10,0,0,11,247.7,8,119.7,35.1,11.0,2026-07-11,未勝利,0.0
9138,福島,2000,芝,良,短い,フラット,10,ニヴルヘイム,8,牡,4,坂井,美浦 矢嶋,追い込み,58.0,450,-6,0,0,5,23.5,9,120.0,36.0,9.0,2026-07-11,未勝利,0.0
9138,福島,2000,芝,良,短い,フラット,2,ヴァンデスペランス,2,牡,3,丸山,美浦 中舘,差し,55.0,482,4,0,0,4,8.6,10,120.2,36.3,6.0,2026-07-11,未勝利,0.0
9138,福島,2000,芝,良,短い,フラット,1,ヘルメスギャング,1,セ,3,石田,美浦 武井,先行,52.0,456,0,0,0,10,188.7,11,120.8,37.3,3.0,2026-07-11,未勝利,0.0
9139,福島,1150,ダート,良,短い,フラット,12,ライヴレッドアイ,6,牝,3,石神道,美浦 牧,逃げ,50.0,496,-4,0,0,1,3.2,1,67.8,36.8,1.0,2026-07-11,未勝利,0.0
9139,福島,1150,ダート,良,短い,フラット,9,グラティアム,5,牝,3,坂井,美浦 嘉藤,差し,53.0,466,-6,0,0,3,6.0,2,68.0,35.8,9.0,2026-07-11,未勝利,0.0
9139,福島,1150,ダート,良,短い,フラット,1,ゼファーテソーロ,1,牡,3,菊沢,美浦 栗田,先行,55.0,480,-4,0,0,6,10.3,3,68.1,36.4,6.0,2026-07-11,未勝利,0.0
9139,福島,1150,ダート,良,短い,フラット,11,ブーケドリス,6,牝,3,三浦,美浦 宮田,逃げ,53.0,458,-4,0,0,5,9.3,4,68.1,37.0,2.0,2026-07-11,未勝利,0.0
9139,福島,1150,ダート,良,短い,フラット,14,ジェイエルキャリア,7,牡,3,丸山,美浦 松尾,先行,55.0,456,-4,0,0,4,8.1,5,68.1,36.4,6.0,2026-07-11,未勝利,0.0
9139,福島,1150,ダート,良,短い,フラット,6,ラエトゥス,3,牝,3,大野,美浦 斎藤誠,追い込み,53.0,460,8,0,0,14,294.4,6,68.2,35.6,13.0,2026-07-11,未勝利,0.0
9139,福島,1150,ダート,良,短い,フラット,16,アイムインディ,8,牝,3,戸崎圭,美浦 蛯名正,逃げ,53.0,450,4,0,0,2,3.4,7,68.5,37.0,3.0,2026-07-11,未勝利,0.0
9139,福島,1150,ダート,良,短い,フラット,7,フラッシュポイント,4,牝,4,武藤,美浦 西田,逃げ,56.0,502,4,0,0,9,66.1,8,68.5,37.3,3.0,2026-07-11,未勝利,0.0
9139,福島,1150,ダート,良,短い,フラット,2,ハルノアラシ,1,牡,4,石川,美浦 相沢,追い込み,58.0,512,-10,0,0,11,102.8,9,68.7,35.4,15.0,2026-07-11,未勝利,0.0
9139,福島,1150,ダート,良,短い,フラット,15,マサノピンクレディ,8,牝,3,石田,美浦 小笠,差し,50.0,448,2,0,0,7,13.0,10,68.8,36.9,10.0,2026-07-11,未勝利,0.0
9139,福島,1150,ダート,良,短い,フラット,3,チェルシー,2,牝,5,原,美浦 中舘,先行,56.0,438,4,0,0,8,37.5,11,68.9,37.4,6.0,2026-07-11,未勝利,0.0
9139,福島,1150,ダート,良,短い,フラット,10,ミッシオーネ,5,牝,4,石橋脩,美浦 秋本,差し,56.0,436,6,0,0,13,164.3,12,69.2,36.9,12.0,2026-07-11,未勝利,0.0
9139,福島,1150,ダート,良,短い,フラット,4,イズルード,2,牡,4,木幡巧,美浦 田島,先行,58.0,482,-2,0,0,10,85.6,13,69.8,38.7,5.0,2026-07-11,未勝利,0.0
9139,福島,1150,ダート,良,短い,フラット,8,アイファーリーベン,4,牝,7,野中,美浦 的場,差し,56.0,450,10,0,0,15,607.3,14,70.0,37.8,10.0,2026-07-11,未勝利,0.0
9139,福島,1150,ダート,良,短い,フラット,5,ダノンリュラ,3,牝,4,佐藤,美浦 菊沢,追い込み,53.0,458,0,0,0,12,149.6,15,70.1,37.8,13.0,2026-07-11,未勝利,0.0
9139,福島,1150,ダート,良,短い,フラット,13,エーティータキオン,7,牡,6,木幡育,美浦 的場,追い込み,58.0,428,-14,0,0,16,734.9,16,71.0,37.3,16.0,2026-07-11,未勝利,0.0
9140,福島,2600,芝,良,短い,フラット,13,サトノソティラス,7,牡,4,荻野極,栗東 池江,逃げ,58.0,498,-4,0,0,4,6.0,1,157.4,35.7,1.0,2026-07-11,2勝クラス,2.0
9140,福島,2600,芝,良,短い,フラット,5,キンググローリー,3,牡,3,三浦,美浦 古賀慎,逃げ,55.0,466,2,0,0,2,4.3,2,157.4,35.8,2.0,2026-07-11,2勝クラス,2.0
9140,福島,2600,芝,良,短い,フラット,3,オルトパラティウム,2,牡,5,田辺,美浦 金成,先行,58.0,506,-6,0,0,6,19.5,3,157.5,35.5,6.0,2026-07-11,2勝クラス,2.0
9140,福島,2600,芝,良,短い,フラット,10,ノクターン,6,牝,4,坂井,美浦 木村,差し,56.0,500,-2,0,0,1,2.7,4,157.7,35.5,9.0,2026-07-11,2勝クラス,2.0
9140,福島,2600,芝,良,短い,フラット,11,ウインマイルート,6,牡,7,菊沢,美浦 鈴木慎,先行,58.0,448,-8,0,0,9,58.2,5,157.9,36.1,6.0,2026-07-11,2勝クラス,2.0
9140,福島,2600,芝,良,短い,フラット,1,キングズトゥルー,1,牡,4,丸田,美浦 大竹,先行,58.0,462,2,0,0,3,5.8,6,157.9,36.1,4.0,2026-07-11,2勝クラス,2.0
9140,福島,2600,芝,良,短い,フラット,9,スズカミエール,5,牝,5,丸山,栗東 吉村,追い込み,56.0,484,6,0,0,7,40.2,7,158.1,35.5,13.0,2026-07-11,2勝クラス,2.0
9140,福島,2600,芝,良,短い,フラット,15,アメティスタ,8,牝,3,戸崎圭,栗東 牧浦,差し,53.0,462,2,0,0,5,6.5,8,158.1,36.1,6.0,2026-07-11,2勝クラス,2.0
9140,福島,2600,芝,良,短い,フラット,6,ハイラント,4,セ,5,小崎,美浦 伊藤大,差し,58.0,442,2,0,0,8,48.8,9,158.3,35.9,10.0,2026-07-11,2勝クラス,2.0
9140,福島,2600,芝,良,短い,フラット,7,ビッグベルーガ,4,牡,6,松岡,栗東 牧浦,差し,58.0,478,-6,0,0,12,111.2,10,158.4,36.1,10.0,2026-07-11,2勝クラス,2.0
9140,福島,2600,芝,良,短い,フラット,12,クリフハンガー,7,セ,5,原,美浦 上原博,先行,58.0,442,-2,0,0,13,156.1,11,158.6,36.9,5.0,2026-07-11,2勝クラス,2.0
9140,福島,2600,芝,良,短い,フラット,4,サトノトルネード,3,牡,6,石川,美浦 奥村武,逃げ,58.0,542,0,0,0,14,170.4,12,159.2,37.7,3.0,2026-07-11,2勝クラス,2.0
9140,福島,2600,芝,良,短い,フラット,8,ヴァイザーバルコ,5,セ,6,大野,美浦 水野,追い込み,58.0,464,-6,0,0,10,59.0,13,159.5,37.1,12.0,2026-07-11,2勝クラス,2.0
9140,福島,2600,芝,良,短い,フラット,14,モルトマエストーソ,8,牡,5,木幡巧,美浦 手塚徳,追い込み,58.0,542,2,0,0,11,86.1,14,163.2,41.1,13.0,2026-07-11,2勝クラス,2.0
9140,福島,2600,芝,良,短い,フラット,2,ヒストリアイ,2,セ,5,杉原,栗東 橋田,追い込み,58.0,552,-6,0,0,15,205.6,15,163.9,40.3,15.0,2026-07-11,2勝クラス,2.0
9141,福島,1200,芝,良,短い,フラット,8,メイショウヨゾラ,8,牝,5,三浦,美浦 高柳瑞,先行,53.0,482,-4,0,0,1,2.0,1,67.8,33.9,3.0,2026-07-11,3勝クラス,3.0
9141,福島,1200,芝,良,短い,フラット,9,モーデン,8,牡,8,丸山,栗東 加藤公,先行,55.0,494,8,0,0,6,12.3,2,67.8,33.7,4.0,2026-07-11,3勝クラス,3.0
9141,福島,1200,芝,良,短い,フラット,5,スマイルアップ,5,牝,7,松岡,美浦 萱野,逃げ,53.0,458,-2,0,0,4,10.7,3,68.0,34.3,2.0,2026-07-11,3勝クラス,3.0
9141,福島,1200,芝,良,短い,フラット,6,ロードマイライフ,6,牡,5,原,栗東 佐藤悠,追い込み,54.0,508,-14,0,0,5,10.9,4,68.2,33.6,8.0,2026-07-11,3勝クラス,3.0
9141,福島,1200,芝,良,短い,フラット,2,アタリダイキチ,2,牡,4,杉原,美浦 西田,追い込み,55.0,486,0,0,0,3,6.8,5,68.2,34.0,7.0,2026-07-11,3勝クラス,3.0
9141,福島,1200,芝,良,短い,フラット,1,フォルテム,1,牡,4,木幡巧,美浦 千葉,差し,54.0,494,2,0,0,2,4.0,6,68.5,34.2,5.0,2026-07-11,3勝クラス,3.0
9141,福島,1200,芝,良,短い,フラット,4,ズバットマサムネ,4,セ,5,小崎,栗東 杉山佳,逃げ,52.0,482,-4,0,0,8,29.4,7,68.6,35.2,1.0,2026-07-11,3勝クラス,3.0
9141,福島,1200,芝,良,短い,フラット,7,ウナギノボリ,7,牡,7,菊沢,美浦 本間,追い込み,54.0,476,-8,0,0,7,23.0,8,68.7,34.4,8.0,2026-07-11,3勝クラス,3.0
9141,福島,1200,芝,良,短い,フラット,3,ショウナンラスボス,3,牡,8,江田照,美浦 奥村武,差し,53.0,466,-8,0,0,9,48.9,9,68.7,34.7,5.0,2026-07-11,3勝クラス,3.0
9141,福島,1200,芝,良,短い,フラット,5,マサノカナリア,5,牝,5,石川,栗東 藤野,差し,55.0,478,2,0,0,5,5.9,1,67.5,33.6,5.0,2026-07-11,オープン,4.0
9141,福島,1200,芝,良,短い,フラット,7,クムシラコ,7,牡,8,原,美浦 千葉,先行,57.0,470,-6,0,0,9,39.0,2,67.5,33.5,3.0,2026-07-11,オープン,4.0
9141,福島,1200,芝,良,短い,フラット,9,カウンターセブン,8,牡,4,横山典,美浦 村田,先行,57.0,506,-8,0,0,2,4.6,3,67.9,34.3,3.0,2026-07-11,オープン,4.0
9141,福島,1200,芝,良,短い,フラット,4,ゾンニッヒ,4,牡,8,荻野極,栗東 池江,追い込み,59.0,474,-6,0,0,4,5.7,4,67.9,33.5,8.0,2026-07-11,オープン,4.0
9141,福島,1200,芝,良,短い,フラット,3,レッドアヴァンティ,3,牡,7,坂井,美浦 尾関,差し,57.0,488,-12,0,0,1,4.1,5,68.1,34.0,6.0,2026-07-11,オープン,4.0
9141,福島,1200,芝,良,短い,フラット,8,マイネルジェロディ,8,牡,8,木幡巧,美浦 室井,逃げ,57.0,484,0,0,0,8,32.5,6,68.3,34.9,2.0,2026-07-11,オープン,4.0
9141,福島,1200,芝,良,短い,フラット,6,クリエープキー,6,牝,3,吉田豊,美浦 牧,逃げ,52.0,438,2,0,0,3,4.7,7,68.4,35.1,1.0,2026-07-11,オープン,4.0
9141,福島,1200,芝,良,短い,フラット,1,ショウナンハクラク,1,牡,7,小崎,栗東 松下,追い込み,57.0,472,-8,0,0,6,8.3,8,68.5,33.7,9.0,2026-07-11,オープン,4.0
9141,福島,1200,芝,良,短い,フラット,2,シークレットヴァウ,2,牡,5,武藤,美浦 武藤,追い込み,57.0,464,-2,0,0,7,16.7,9,69.3,35.4,6.0,2026-07-11,オープン,4.0
9136,福島,1700,ダート,良,短い,フラット,6,アンティミスト,4,牡,3,丸山,美浦 鈴木伸,逃げ,55.0,518,-8,0,0,5,10.5,1,105.3,37.4,1.0,2026-07-11,未勝利,0.0
9136,福島,1700,ダート,良,短い,フラット,13,エコロガノン,7,牡,3,荻野極,美浦 矢野,逃げ,55.0,456,4,0,0,2,4.8,2,106.1,38.2,2.0,2026-07-11,未勝利,0.0
9136,福島,1700,ダート,良,短い,フラット,15,アトミックブレス,8,牡,3,戸崎圭,美浦 加藤征,先行,55.0,502,-6,0,0,1,3.7,3,106.5,38.3,4.0,2026-07-11,未勝利,0.0
9136,福島,1700,ダート,良,短い,フラット,9,コパノエイダン,5,牡,3,柴田大,美浦 上原博,先行,55.0,482,0,0,0,6,11.5,4,106.6,38.2,6.0,2026-07-11,未勝利,0.0
9136,福島,1700,ダート,良,短い,フラット,8,エリーニック,5,牝,3,木幡巧,美浦 千葉,差し,53.0,444,2,0,0,3,4.9,5,106.7,38.1,8.0,2026-07-11,未勝利,0.0
9136,福島,1700,ダート,良,短い,フラット,2,ブレゲアン,2,牡,4,三浦,美浦 中舘,差し,58.0,476,2,0,0,8,19.2,6,106.7,38.1,8.0,2026-07-11,未勝利,0.0
9136,福島,1700,ダート,良,短い,フラット,10,レッドロスタム,6,牡,6,坂井,美浦 浅利,追い込み,58.0,494,0,0,0,9,19.9,7,106.8,37.4,13.0,2026-07-11,未勝利,0.0
9136,福島,1700,ダート,良,短い,フラット,5,ヴィーデ,3,セ,4,小崎,美浦 戸田,逃げ,58.0,466,-4,0,0,15,224.1,8,106.8,39.0,2.0,2026-07-11,未勝利,0.0
9136,福島,1700,ダート,良,短い,フラット,12,アルプスオジョー,7,牝,5,横山典,美浦 手塚徳,先行,56.0,494,-6,0,0,7,16.3,9,106.9,38.5,6.0,2026-07-11,未勝利,0.0
9136,福島,1700,ダート,良,短い,フラット,7,タケルムサシ,4,牡,3,原,美浦 斎藤誠,差し,55.0,490,-4,0,0,4,7.7,10,107.0,38.2,11.0,2026-07-11,未勝利,0.0
9136,福島,1700,ダート,良,短い,フラット,3,モヴレクス,2,牡,5,菊沢,美浦 金成,追い込み,58.0,464,0,0,0,14,85.4,11,107.1,38.3,11.0,2026-07-11,未勝利,0.0
9136,福島,1700,ダート,良,短い,フラット,4,ホノボノ,3,牡,3,石川,美浦 尾形,先行,55.0,456,-4,0,0,10,38.1,12,107.5,39.3,4.0,2026-07-11,未勝利,0.0
9136,福島,1700,ダート,良,短い,フラット,14,アスパラゴ,8,牝,3,大野,美浦 中舘,追い込み,53.0,464,-2,0,0,13,76.2,13,108.1,39.0,13.0,2026-07-11,未勝利,0.0
9136,福島,1700,ダート,良,短い,フラット,11,アジアントレジャー,6,牡,3,吉田豊,美浦 蛯名正,追い込み,55.0,518,8,0,0,11,39.0,14,108.4,38.8,15.0,2026-07-11,未勝利,0.0
9136,福島,1700,ダート,良,短い,フラット,1,スカイレックス,1,牡,3,小林脩,美浦 斎藤誠,差し,55.0,494,4,0,0,12,50.1,15,108.4,39.9,8.0,2026-07-11,未勝利,0.0
9142,小倉,1700,ダート,良,短い,フラット,8,ダイメイクマモト,4,牡,3,太宰,栗東 秋山,逃げ,57.0,476,20,0,0,1,4.4,1,106.9,38.8,2.0,2026-07-11,未勝利,0.0
9142,小倉,1700,ダート,良,短い,フラット,9,マカロンブルー,5,牝,3,今村,栗東 佐藤悠,逃げ,53.0,438,-10,0,0,4,6.9,2,107.2,39.4,1.0,2026-07-11,未勝利,0.0
9142,小倉,1700,ダート,良,短い,フラット,6,アスクハッピーマン,3,牡,3,松山,栗東 矢作,逃げ,57.0,482,-2,0,0,2,4.6,3,107.2,39.0,4.0,2026-07-11,未勝利,0.0
9142,小倉,1700,ダート,良,短い,フラット,7,サトノグロリア,4,牡,3,西塚,栗東 友道,差し,57.0,488,0,0,0,8,14.4,4,107.4,38.6,10.0,2026-07-11,未勝利,0.0
9142,小倉,1700,ダート,良,短い,フラット,1,ソルアモール,1,牝,3,団野,栗東 宮本,先行,55.0,456,-2,0,0,7,11.1,5,107.6,39.1,6.0,2026-07-11,未勝利,0.0
9142,小倉,1700,ダート,良,短い,フラット,11,ルパピヨンブラン,6,牝,3,長岡,栗東 杉山佳,先行,55.0,432,14,0,0,3,6.1,6,108.2,39.9,6.0,2026-07-11,未勝利,0.0
9142,小倉,1700,ダート,良,短い,フラット,15,ラッキーヴォーグ,8,牡,3,藤懸,栗東 牧田,逃げ,57.0,466,-4,0,0,6,8.5,6,108.2,40.3,2.0,2026-07-11,未勝利,0.0
9142,小倉,1700,ダート,良,短い,フラット,5,アズライトアスール,3,牡,3,Ｍデム,栗東 鈴木孝,差し,57.0,448,-2,0,0,12,116.8,8,108.3,39.3,11.0,2026-07-11,未勝利,0.0
9142,小倉,1700,ダート,良,短い,フラット,12,マテンロウルクス,6,牡,3,富田,栗東 藤原,差し,57.0,486,0,0,0,10,58.5,9,108.3,39.4,12.0,2026-07-11,未勝利,0.0
9142,小倉,1700,ダート,良,短い,フラット,2,タガノラヴズワン,1,牝,3,田山,栗東 平田,先行,53.0,430,-10,0,0,5,7.6,10,108.4,39.8,8.0,2026-07-11,未勝利,0.0
9142,小倉,1700,ダート,良,短い,フラット,13,プシュカル,7,牡,3,国分優,栗東 坂口,差し,57.0,470,-8,0,0,13,156.7,11,108.4,39.9,8.0,2026-07-11,未勝利,0.0
9142,小倉,1700,ダート,良,短い,フラット,3,クータモ,2,牡,3,柴田裕,栗東 大久保,追い込み,55.0,446,0,0,0,14,179.3,12,108.4,39.6,12.0,2026-07-11,未勝利,0.0
9142,小倉,1700,ダート,良,短い,フラット,16,ピゲ,8,牡,3,永島,栗東 高橋康,先行,55.0,502,-10,0,0,15,211.1,13,108.5,40.5,5.0,2026-07-11,未勝利,0.0
9142,小倉,1700,ダート,良,短い,フラット,14,カツラコマチ,7,牝,3,コレッ,栗東 吉村,追い込み,55.0,452,10,0,0,9,32.0,14,109.6,40.5,14.0,2026-07-11,未勝利,0.0
9142,小倉,1700,ダート,良,短い,フラット,4,アルディメント,2,牡,3,角田和,栗東 上村,追い込み,57.0,544,-6,0,0,11,66.6,15,111.0,41.1,15.0,2026-07-11,未勝利,0.0
9142,小倉,1700,ダート,良,短い,フラット,10,メイショウグロリア,5,牝,3,森田,栗東 飯田,追い込み,52.0,452,0,0,0,16,239.8,16,116.1,44.2,16.0,2026-07-11,未勝利,0.0
9143,小倉,2000,芝,良,短い,フラット,10,フィニステーレ,5,牝,3,酒井,栗東 辻野,逃げ,55.0,474,16,0,0,6,11.0,1,121.0,35.3,1.0,2026-07-11,未勝利,0.0
9143,小倉,2000,芝,良,短い,フラット,14,タイセイアビオン,7,牝,3,団野,栗東 浜田,逃げ,55.0,426,0,0,0,7,11.5,2,121.1,35.3,2.0,2026-07-11,未勝利,0.0
9143,小倉,2000,芝,良,短い,フラット,7,ハナコトバ,4,牝,3,今村,栗東 寺島,先行,53.0,454,2,0,0,3,6.3,3,121.3,34.9,6.0,2026-07-11,未勝利,0.0
9143,小倉,2000,芝,良,短い,フラット,16,ビシェノ,8,牝,3,西村淳,栗東 安田,逃げ,55.0,430,2,0,0,4,9.2,4,121.3,35.3,3.0,2026-07-11,未勝利,0.0
9143,小倉,2000,芝,良,短い,フラット,18,クランズクラウン,8,牝,3,コレッ,栗東 杉山晴,先行,55.0,508,4,0,0,1,3.7,5,121.3,34.8,9.0,2026-07-11,未勝利,0.0
9143,小倉,2000,芝,良,短い,フラット,6,トラカイキャッスル,3,牝,3,田口,栗東 西村,逃げ,55.0,434,2,0,0,2,5.8,6,121.5,35.4,3.0,2026-07-11,未勝利,0.0
9143,小倉,2000,芝,良,短い,フラット,17,ワンダースアン,8,牝,3,森田,栗東 斉藤崇,先行,52.0,464,6,0,0,14,91.3,7,121.6,35.3,6.0,2026-07-11,未勝利,0.0
9143,小倉,2000,芝,良,短い,フラット,9,ベルトナリテ,5,牝,3,松山,栗東 辻野,先行,55.0,422,-2,0,0,5,9.6,8,122.0,35.7,6.0,2026-07-11,未勝利,0.0
9143,小倉,2000,芝,良,短い,フラット,4,フィエールシャンテ,2,牝,3,高杉,栗東 小椋,先行,55.0,434,0,0,0,9,16.0,9,122.0,35.9,5.0,2026-07-11,未勝利,0.0
9143,小倉,2000,芝,良,短い,フラット,15,ソニックブーム,7,牝,3,松若,栗東 柴田,差し,55.0,460,12,0,0,8,12.3,10,122.1,35.6,10.0,2026-07-11,未勝利,0.0
9143,小倉,2000,芝,良,短い,フラット,13,メイショウバルキア,7,牝,3,国分恭,栗東 渡辺,差し,55.0,426,-10,0,0,18,239.1,11,122.2,35.7,10.0,2026-07-11,未勝利,0.0
9143,小倉,2000,芝,良,短い,フラット,12,マコトエウロペ,6,牝,3,太宰,栗東 昆,差し,55.0,402,-14,0,0,13,71.0,12,122.4,35.6,12.0,2026-07-11,未勝利,0.0
9143,小倉,2000,芝,良,短い,フラット,3,ゴールドアベニュー,2,牝,3,富田,栗東 宮地,差し,55.0,426,8,0,0,11,64.5,13,122.6,35.7,12.0,2026-07-11,未勝利,0.0
9143,小倉,2000,芝,良,短い,フラット,8,アメジストブリエ,4,牝,3,高倉,栗東 武英,追い込み,55.0,434,6,0,0,12,67.3,14,122.8,36.0,14.0,2026-07-11,未勝利,0.0
9143,小倉,2000,芝,良,短い,フラット,1,ドントゥール,1,牝,3,吉村,栗東 杉山晴,追い込み,55.0,470,-4,0,0,16,166.9,15,122.9,35.9,16.0,2026-07-11,未勝利,0.0
9143,小倉,2000,芝,良,短い,フラット,11,メイショウタカネ,6,牝,3,幸,栗東 岡田,追い込み,55.0,406,-4,0,0,15,147.6,16,123.4,36.6,14.0,2026-07-11,未勝利,0.0
9143,小倉,2000,芝,良,短い,フラット,2,ワラビガミ,1,牝,3,田山,栗東 新谷,追い込み,53.0,422,8,0,0,10,22.2,17,124.1,36.8,17.0,2026-07-11,未勝利,0.0
9143,小倉,2000,芝,良,短い,フラット,5,マスアンジュ,3,牝,3,岡田,栗東 吉田,追い込み,55.0,432,2,0,0,17,232.1,18,126.3,38.1,18.0,2026-07-11,未勝利,0.0
9142,小倉,1700,ダート,良,短い,フラット,1,ワルトシュタイン,1,牡,3,田山,栗東 佐藤悠,逃げ,55.0,482,0,0,0,3,5.6,1,106.9,39.3,1.0,2026-07-11,未勝利,0.0
9142,小倉,1700,ダート,良,短い,フラット,3,ベラジオヴァレル,2,牡,3,富田,栗東 上村,逃げ,57.0,492,2,0,0,7,26.6,2,107.0,39.1,2.0,2026-07-11,未勝利,0.0
9142,小倉,1700,ダート,良,短い,フラット,2,ジョーカー,1,牡,3,西塚,栗東 友道,逃げ,57.0,478,-2,0,0,1,2.1,3,107.4,39.7,2.0,2026-07-11,未勝利,0.0
9142,小倉,1700,ダート,良,短い,フラット,7,ゴールデンドラゴン,4,牡,3,松若,栗東 宮本,先行,57.0,446,-4,0,0,2,4.6,4,107.6,39.3,5.0,2026-07-11,未勝利,0.0
9142,小倉,1700,ダート,良,短い,フラット,16,メイショウマグナ,8,牝,3,太宰,栗東 石橋,先行,55.0,428,2,0,0,12,156.2,5,108.4,40.0,8.0,2026-07-11,未勝利,0.0
9142,小倉,1700,ダート,良,短い,フラット,15,セイウンダイフク,8,牡,3,永島,栗東 宮本,差し,55.0,426,-4,0,0,5,17.0,6,108.5,39.6,10.0,2026-07-11,未勝利,0.0
9142,小倉,1700,ダート,良,短い,フラット,6,タガノランパート,3,牡,3,田口,栗東 奥村豊,先行,57.0,518,0,0,0,6,24.3,7,108.6,40.4,5.0,2026-07-11,未勝利,0.0
9142,小倉,1700,ダート,良,短い,フラット,14,アンリミテッド,7,牡,3,西村淳,栗東 高野,先行,57.0,492,-8,0,0,4,7.7,8,108.7,40.6,5.0,2026-07-11,未勝利,0.0
9142,小倉,1700,ダート,良,短い,フラット,4,ミニュイ,2,牡,3,柴田裕,栗東 秋山,差し,55.0,482,-4,0,0,13,221.3,9,109.5,40.4,11.0,2026-07-11,未勝利,0.0
9142,小倉,1700,ダート,良,短い,フラット,12,アメリカンサクラ,6,牡,3,角田和,栗東 矢作,逃げ,57.0,514,-6,0,0,8,33.1,10,109.5,41.7,4.0,2026-07-11,未勝利,0.0
9142,小倉,1700,ダート,良,短い,フラット,8,ラッキーダイヤ,4,牡,3,森田,栗東 牧田,差し,54.0,486,-4,0,0,10,41.0,11,109.6,40.4,11.0,2026-07-11,未勝利,0.0
9142,小倉,1700,ダート,良,短い,フラット,9,スナークホクサイ,5,セ,3,団野,栗東 野中,差し,57.0,470,-6,0,0,11,60.7,12,109.9,41.6,9.0,2026-07-11,未勝利,0.0
9142,小倉,1700,ダート,良,短い,フラット,11,ウォーターコトノハ,6,牝,3,菱田,栗東 岡田,追い込み,55.0,412,0,0,0,15,310.1,13,110.9,41.6,14.0,2026-07-11,未勝利,0.0
9142,小倉,1700,ダート,良,短い,フラット,5,サンライズハリー,3,牡,3,藤懸,栗東 平田,追い込み,57.0,506,2,0,0,16,362.3,14,110.9,41.2,15.0,2026-07-11,未勝利,0.0
9142,小倉,1700,ダート,良,短い,フラット,10,カフジミモレット,5,牝,3,幸,栗東 森田,追い込み,55.0,452,-2,0,0,9,38.2,15,111.5,43.2,11.0,2026-07-11,未勝利,0.0
9142,小倉,1700,ダート,良,短い,フラット,13,ショールミーズ,7,牝,3,川須,栗東 大根田,追い込み,55.0,476,0,0,0,14,233.6,16,112.1,40.2,16.0,2026-07-11,未勝利,0.0
9051,小倉,1200,芝,良,短い,フラット,16,リヴァイ,8,牡,3,西村淳,栗東 高野,差し,57.0,512,0,0,0,2,4.7,1,68.3,34.1,11.0,2026-07-11,未勝利,0.0
9051,小倉,1200,芝,良,短い,フラット,17,チュウワメロディー,8,牡,3,松若,栗東 小崎,先行,57.0,456,-4,0,0,1,1.9,2,68.3,34.4,8.0,2026-07-11,未勝利,0.0
9051,小倉,1200,芝,良,短い,フラット,1,ヒッグスボソン,1,牡,3,秋山稔,栗東 高橋忠,先行,57.0,426,2,0,0,5,13.1,3,68.6,34.7,8.0,2026-07-11,未勝利,0.0
9051,小倉,1200,芝,良,短い,フラット,7,メテオロイド,4,牡,3,吉村,栗東 宮地,逃げ,57.0,452,-2,0,0,3,10.8,3,68.6,35.3,1.0,2026-07-11,未勝利,0.0
9051,小倉,1200,芝,良,短い,フラット,6,スターアスコット,3,牝,3,柴田裕,栗東 奥村豊,追い込み,53.0,452,4,0,0,4,12.6,5,68.6,34.0,15.0,2026-07-11,未勝利,0.0
9051,小倉,1200,芝,良,短い,フラット,18,オースミサイファー,8,牡,3,幸,栗東 宮本,追い込み,57.0,476,2,0,0,7,15.0,6,68.8,34.4,15.0,2026-07-11,未勝利,0.0
9051,小倉,1200,芝,良,短い,フラット,12,レジーナテンペスタ,6,牝,3,森田,栗東 前川,逃げ,52.0,476,2,0,0,8,32.2,7,68.9,35.5,3.0,2026-07-11,未勝利,0.0
9051,小倉,1200,芝,良,短い,フラット,11,ヴェネラブル,6,牝,3,藤懸,栗東 吉村,差し,55.0,432,-2,0,0,16,253.0,8,69.0,35.2,11.0,2026-07-11,未勝利,0.0
9051,小倉,1200,芝,良,短い,フラット,8,ディオレガーロ,4,牝,3,川端,栗東 長谷川,逃げ,52.0,452,-6,0,0,12,94.7,9,69.0,35.7,2.0,2026-07-11,未勝利,0.0
9051,小倉,1200,芝,良,短い,フラット,15,ダイメイプリンス,7,牡,3,中井,栗東 森田,追い込み,57.0,486,2,0,0,18,363.9,10,69.1,34.9,15.0,2026-07-11,未勝利,0.0
9051,小倉,1200,芝,良,短い,フラット,5,リントゥラウル,3,牡,3,酒井,栗東 秋山,差し,57.0,460,-8,0,0,6,14.6,11,69.4,35.6,11.0,2026-07-11,未勝利,0.0
9051,小倉,1200,芝,良,短い,フラット,3,ヒャクギマル,2,牡,3,国分優,栗東 坂口,先行,57.0,482,2,0,0,11,44.2,12,69.6,36.0,5.0,2026-07-11,未勝利,0.0
9051,小倉,1200,芝,良,短い,フラット,13,ウェイヨー,7,牡,3,団野,栗東 森秀,先行,57.0,478,25,0,0,14,146.2,13,69.6,36.0,5.0,2026-07-11,未勝利,0.0
9051,小倉,1200,芝,良,短い,フラット,9,メイショウトッド,5,牡,3,国分恭,栗東 安達,追い込み,57.0,432,-12,0,0,17,255.0,14,69.7,35.5,14.0,2026-07-11,未勝利,0.0
9051,小倉,1200,芝,良,短い,フラット,2,ビサイレント,1,牝,3,鮫島良,栗東 畑端,先行,55.0,448,-2,0,0,13,133.5,15,69.7,36.1,5.0,2026-07-11,未勝利,0.0
9051,小倉,1200,芝,良,短い,フラット,14,アクアホワイト,7,牝,3,永島,栗東 宮,追い込み,52.0,458,0,0,0,15,207.5,16,69.9,35.3,18.0,2026-07-11,未勝利,0.0
9051,小倉,1200,芝,良,短い,フラット,10,フーガカンタービレ,5,牝,3,今村,栗東 大久保,逃げ,53.0,422,-4,0,0,9,34.7,17,70.0,36.6,3.0,2026-07-11,未勝利,0.0
9051,小倉,1200,芝,良,短い,フラット,4,リメンバーシドニー,2,牝,3,田山,栗東 橋口,差し,52.0,448,10,0,0,10,43.0,18,70.2,36.6,8.0,2026-07-11,未勝利,0.0
9144,小倉,1800,芝,良,短い,フラット,6,カレントゥルーシー,5,牡,3,松山,栗東 鈴木孝,逃げ,55.0,488,-2,0,0,2,4.0,1,106.5,36.1,1.0,2026-07-11,未勝利,0.0
9144,小倉,1800,芝,良,短い,フラット,5,エイシンビーコン,5,牡,3,Ｍデム,栗東 吉村,先行,55.0,460,0,0,0,3,7.6,2,106.8,35.4,6.0,2026-07-11,未勝利,0.0
9144,小倉,1800,芝,良,短い,フラット,1,ハレアカラフラ,1,牝,6,松若,栗東 吉田,差し,56.0,464,-4,0,0,8,58.2,3,107.1,36.1,6.0,2026-07-11,未勝利,0.0
9144,小倉,1800,芝,良,短い,フラット,10,ウインラウダ,7,牡,5,田山,栗東 梅田,逃げ,56.0,514,-6,0,0,5,8.3,4,107.1,36.4,2.0,2026-07-11,未勝利,0.0
9144,小倉,1800,芝,良,短い,フラット,12,ゼットエイト,8,牡,4,森田,栗東 宮地,差し,55.0,460,-6,0,0,12,292.6,5,107.2,35.8,9.0,2026-07-11,未勝利,0.0
9144,小倉,1800,芝,良,短い,フラット,4,カラペルソナ,4,牝,3,団野,栗東 斉藤崇,逃げ,53.0,444,4,0,0,1,2.1,6,107.3,36.6,2.0,2026-07-11,未勝利,0.0
9144,小倉,1800,芝,良,短い,フラット,9,メイショウアボット,7,牡,4,菱田,栗東 武幸,差し,58.0,518,0,0,0,6,16.0,7,108.1,37.4,6.0,2026-07-11,未勝利,0.0
9144,小倉,1800,芝,良,短い,フラット,2,トラストエムシー,2,牡,6,亀田,栗東 北出,追い込み,58.0,424,-10,0,0,11,153.9,8,108.3,36.8,11.0,2026-07-11,未勝利,0.0
9144,小倉,1800,芝,良,短い,フラット,7,トモジャプレジール,6,牡,3,幸,栗東 大根田,追い込み,55.0,432,-2,0,0,9,76.0,9,108.6,36.9,10.0,2026-07-11,未勝利,0.0
9144,小倉,1800,芝,良,短い,フラット,8,ルートサーティーン,6,牡,3,吉村,栗東 辻野,先行,55.0,472,-6,0,0,4,8.3,10,108.8,38.3,2.0,2026-07-11,未勝利,0.0
9144,小倉,1800,芝,良,短い,フラット,11,サントルドパリ,8,牡,3,角田和,栗東 小林,先行,55.0,500,-4,0,0,7,21.3,11,109.3,38.8,2.0,2026-07-11,未勝利,0.0
9144,小倉,1800,芝,良,短い,フラット,3,トップオブザライン,3,セ,3,富田,栗東 友道,追い込み,55.0,490,0,0,0,10,107.0,12,111.1,39.2,12.0,2026-07-11,未勝利,0.0
9142,小倉,1700,ダート,良,短い,フラット,10,マヴィ,8,牝,3,Ｍデム,栗東 牧浦,先行,53.0,478,-10,0,0,6,7.9,1,106.7,36.9,5.0,2026-07-11,未勝利,0.0
9142,小倉,1700,ダート,良,短い,フラット,8,アンリーベイビー,7,牝,5,松山,栗東 茶木,差し,56.0,440,8,0,0,5,7.3,2,106.8,37.1,5.0,2026-07-11,未勝利,0.0
9142,小倉,1700,ダート,良,短い,フラット,4,オヤツノジカン,4,牝,3,幸,栗東 高橋忠,先行,53.0,428,-2,0,0,2,5.1,3,107.3,37.9,3.0,2026-07-11,未勝利,0.0
9142,小倉,1700,ダート,良,短い,フラット,1,オブシディアーナ,1,牝,4,田山,栗東 池添,逃げ,54.0,476,0,0,0,7,17.0,4,107.4,38.1,1.0,2026-07-11,未勝利,0.0
9142,小倉,1700,ダート,良,短い,フラット,3,ジョアン,3,牝,3,団野,栗東 中村,逃げ,53.0,454,-6,0,0,1,3.0,5,107.4,38.1,2.0,2026-07-11,未勝利,0.0
9142,小倉,1700,ダート,良,短い,フラット,5,エイコーンドリーム,5,牝,3,鮫島良,栗東 河嶋,差し,53.0,456,-6,0,0,4,6.3,5,107.4,37.7,5.0,2026-07-11,未勝利,0.0
9142,小倉,1700,ダート,良,短い,フラット,11,シエーナカラー,8,牝,3,酒井,栗東 北出,差し,53.0,494,2,0,0,3,6.1,7,107.6,37.5,8.0,2026-07-11,未勝利,0.0
9142,小倉,1700,ダート,良,短い,フラット,7,ラグナトーレ,6,牝,4,中井,栗東 角田,追い込み,56.0,448,-14,0,0,9,61.4,8,107.7,37.4,8.0,2026-07-11,未勝利,0.0
9142,小倉,1700,ダート,良,短い,フラット,9,ベルメサイア,7,牝,5,吉村,栗東 西村,先行,56.0,514,-4,0,0,8,18.3,9,107.8,38.3,3.0,2026-07-11,未勝利,0.0
9142,小倉,1700,ダート,良,短い,フラット,2,フェミナンジェンヌ,2,牝,3,川端,栗東 高橋一,追い込み,50.0,452,-2,0,0,11,185.4,10,110.3,39.3,10.0,2026-07-11,未勝利,0.0
9142,小倉,1700,ダート,良,短い,フラット,6,オーケーエンジェル,6,牝,4,富田,栗東 笹田,追い込み,56.0,454,0,0,0,10,134.4,11,111.0,40.1,11.0,2026-07-11,未勝利,0.0
9145,小倉,2600,芝,良,短い,フラット,4,カレンラップスター,4,牡,4,団野,栗東 小林,先行,58.0,508,4,0,0,6,18.1,1,159.7,35.4,4.0,2026-07-11,1勝クラス,1.0
9145,小倉,2600,芝,良,短い,フラット,3,ウインリュクス,3,牝,6,松山,栗東 吉田,差し,56.0,440,0,0,0,3,4.3,2,159.8,35.2,7.0,2026-07-11,1勝クラス,1.0
9145,小倉,2600,芝,良,短い,フラット,10,レッドヴァリアート,8,牡,4,西村淳,栗東 加藤公,逃げ,58.0,460,-2,0,0,4,9.4,3,159.9,36.0,1.0,2026-07-11,1勝クラス,1.0
9145,小倉,2600,芝,良,短い,フラット,6,ジュンライデン,6,牡,4,富田,栗東 友道,逃げ,58.0,524,0,0,0,7,24.2,4,160.0,35.9,2.0,2026-07-11,1勝クラス,1.0
9145,小倉,2600,芝,良,短い,フラット,8,ミッドタウンナイト,7,牝,4,秋山稔,栗東 河嶋,先行,56.0,486,-10,0,0,9,49.1,5,161.1,37.0,4.0,2026-07-11,1勝クラス,1.0
9145,小倉,2600,芝,良,短い,フラット,7,フリーガー,6,牡,3,コレッ,栗東 矢作,追い込み,55.0,428,-18,0,0,8,28.8,6,161.2,36.5,9.0,2026-07-11,1勝クラス,1.0
9145,小倉,2600,芝,良,短い,フラット,9,ダノンテムズ,7,牡,3,川田,栗東 寺島,先行,55.0,456,-2,0,0,2,3.0,7,161.2,37.1,2.0,2026-07-11,1勝クラス,1.0
9145,小倉,2600,芝,良,短い,フラット,11,タガノアルトゥーラ,8,牡,3,吉村,栗東 長谷川,差し,55.0,484,6,0,0,1,3.0,8,161.5,37.6,4.0,2026-07-11,1勝クラス,1.0
9145,小倉,2600,芝,良,短い,フラット,1,ダノンアンチュラス,1,牡,4,Ｍデム,栗東 坂口,追い込み,58.0,472,-4,0,0,10,60.6,9,161.8,37.1,9.0,2026-07-11,1勝クラス,1.0
9145,小倉,2600,芝,良,短い,フラット,5,バリオス,5,牡,3,高杉,栗東 武幸,差し,55.0,530,2,0,0,5,11.8,10,161.9,37.4,7.0,2026-07-11,1勝クラス,1.0
9145,小倉,2600,芝,良,短い,フラット,2,ヴェストラン,2,牡,5,太宰,栗東 本田,追い込み,58.0,448,0,0,0,11,214.0,11,161.9,37.2,11.0,2026-07-11,1勝クラス,1.0
9051,小倉,1200,芝,良,短い,フラット,14,インブロリオ,7,牝,4,団野,栗東 吉村,先行,56.0,484,10,0,0,3,6.5,1,67.6,34.7,9.0,2026-07-11,2勝クラス,2.0
9051,小倉,1200,芝,良,短い,フラット,3,ミキノバカラ,2,牡,4,西塚,栗東 大橋,先行,58.0,480,-4,0,0,18,217.6,2,67.6,34.7,6.0,2026-07-11,2勝クラス,2.0
9051,小倉,1200,芝,良,短い,フラット,16,サディーク,8,牝,4,松山,栗東 河嶋,差し,56.0,448,-2,0,0,2,4.8,3,67.7,34.7,12.0,2026-07-11,2勝クラス,2.0
9051,小倉,1200,芝,良,短い,フラット,1,オオナミコナミ,1,牝,5,田山,栗東 牧浦,差し,56.0,494,-12,0,0,8,29.1,4,67.7,34.5,10.0,2026-07-11,2勝クラス,2.0
9051,小倉,1200,芝,良,短い,フラット,11,スネーフリンガ,6,牝,4,幸,栗東 森田,逃げ,56.0,458,0,0,0,12,39.8,5,67.7,35.2,3.0,2026-07-11,2勝クラス,2.0
9051,小倉,1200,芝,良,短い,フラット,12,ライクアフラワー,6,牡,6,今村,美浦 松永康,追い込み,58.0,502,0,0,0,15,55.8,6,68.0,34.1,17.0,2026-07-11,2勝クラス,2.0
9051,小倉,1200,芝,良,短い,フラット,9,サンライズプルート,5,牡,6,富田,栗東 東田,差し,58.0,474,2,0,0,17,149.9,7,68.0,34.9,10.0,2026-07-11,2勝クラス,2.0
9051,小倉,1200,芝,良,短い,フラット,15,シュブロンレーヴル,7,牝,5,秋山稔,栗東 杉山佳,差し,56.0,432,0,0,0,7,28.2,8,68.1,35.0,13.0,2026-07-11,2勝クラス,2.0
9051,小倉,1200,芝,良,短い,フラット,17,タナスーペルノーバ,8,牡,3,川田,栗東 寺島,先行,55.0,450,0,0,0,1,2.8,9,68.2,35.5,6.0,2026-07-11,2勝クラス,2.0
9051,小倉,1200,芝,良,短い,フラット,4,ニホンピロトッティ,2,牝,5,菱田,栗東 緒方,逃げ,56.0,424,16,0,0,9,32.1,10,68.3,36.1,1.0,2026-07-11,2勝クラス,2.0
9051,小倉,1200,芝,良,短い,フラット,18,ハルオーブ,8,牡,6,酒井,美浦 武井,追い込み,58.0,472,2,0,0,16,62.6,11,68.3,35.0,13.0,2026-07-11,2勝クラス,2.0
9051,小倉,1200,芝,良,短い,フラット,5,メローネ,3,牝,3,松若,栗東 西園翔,逃げ,53.0,410,2,0,0,5,12.8,12,68.3,35.8,3.0,2026-07-11,2勝クラス,2.0
9051,小倉,1200,芝,良,短い,フラット,13,ブルボンクイーン,7,牝,5,角田和,栗東 角田,先行,56.0,486,-4,0,0,13,42.1,13,68.6,35.8,6.0,2026-07-11,2勝クラス,2.0
9051,小倉,1200,芝,良,短い,フラット,7,ルージュサウダージ,4,牝,3,吉村,栗東 松永幹,追い込み,53.0,476,4,0,0,10,32.6,14,68.6,35.3,13.0,2026-07-11,2勝クラス,2.0
9051,小倉,1200,芝,良,短い,フラット,6,ホーリーブラッサム,3,牝,4,コレッ,栗東 斉藤崇,先行,56.0,482,-4,0,0,4,7.8,15,68.6,36.1,3.0,2026-07-11,2勝クラス,2.0
9051,小倉,1200,芝,良,短い,フラット,8,フォティック,4,牡,6,田口,栗東 飯田,追い込み,58.0,468,-10,0,0,11,36.4,16,68.8,35.2,13.0,2026-07-11,2勝クラス,2.0
9051,小倉,1200,芝,良,短い,フラット,10,ファイツオン,5,牡,5,高杉,栗東 藤岡健,逃げ,58.0,506,-12,0,0,14,43.5,17,68.9,36.7,2.0,2026-07-11,2勝クラス,2.0
9051,小倉,1200,芝,良,短い,フラット,2,ユメシバイ,1,牝,4,Ｍデム,栗東 松永幹,追い込み,56.0,458,-4,0,0,6,15.1,18,75.9,40.0,18.0,2026-07-11,2勝クラス,2.0
9146,小倉,1000,ダート,良,短い,フラット,5,ベルギューン,5,牝,4,菱田,栗東 牧浦,先行,56.0,490,-4,0,0,3,5.7,1,58.3,36.0,3.0,2026-07-11,3勝クラス,3.0
9146,小倉,1000,ダート,良,短い,フラット,1,スノーサイレンス,1,牝,4,吉村,栗東 小栗,差し,56.0,466,2,0,0,6,16.6,2,58.5,35.6,7.0,2026-07-11,3勝クラス,3.0
9146,小倉,1000,ダート,良,短い,フラット,7,ヴェロクオーレ,6,牝,5,酒井,栗東 石坂,差し,56.0,482,4,0,0,4,8.8,3,58.6,35.9,8.0,2026-07-11,3勝クラス,3.0
9146,小倉,1000,ダート,良,短い,フラット,10,ジャーヴィス,8,牡,6,藤懸,栗東 千田,追い込み,58.0,490,-2,0,0,9,46.5,4,58.7,35.7,10.0,2026-07-11,3勝クラス,3.0
9146,小倉,1000,ダート,良,短い,フラット,4,メイショウキルギス,4,牡,5,松若,栗東 高橋亮,逃げ,58.0,490,-4,0,0,5,14.6,5,59.0,36.8,2.0,2026-07-11,3勝クラス,3.0
9146,小倉,1000,ダート,良,短い,フラット,11,ハヤテノツバサ,8,牡,4,幸,栗東 杉山佳,先行,58.0,518,0,0,0,1,2.7,6,59.1,36.8,3.0,2026-07-11,3勝クラス,3.0
9146,小倉,1000,ダート,良,短い,フラット,3,イマージョン,3,牡,4,西村淳,栗東 高野,先行,58.0,506,-6,0,0,7,19.9,7,59.2,36.7,3.0,2026-07-11,3勝クラス,3.0
9146,小倉,1000,ダート,良,短い,フラット,2,クーデール,2,牝,4,西塚,栗東 坂口,逃げ,56.0,444,0,0,0,8,34.7,8,60.0,37.8,1.0,2026-07-11,3勝クラス,3.0
9146,小倉,1000,ダート,良,短い,フラット,9,ポッドソル,7,牡,4,川須,美浦 手塚徳,追い込み,58.0,440,2,0,0,11,73.1,9,60.0,37.5,11.0,2026-07-11,3勝クラス,3.0
9146,小倉,1000,ダート,良,短い,フラット,6,ペイシャヴァルツー,6,牝,4,秋山稔,栗東 吉田,差し,56.0,428,-8,0,0,10,65.0,10,60.1,37.9,3.0,2026-07-11,3勝クラス,3.0
9146,小倉,1000,ダート,良,短い,フラット,8,アメリカンビキニ,7,牝,4,団野,栗東 斉藤崇,追い込み,56.0,510,-2,0,0,2,2.9,11,60.6,38.3,8.0,2026-07-11,3勝クラス,3.0
9051,小倉,1200,芝,良,短い,フラット,11,ダノンプリマ,6,牝,4,角田和,栗東 千田,逃げ,56.0,462,0,0,0,4,9.4,1,68.1,35.0,2.0,2026-07-11,未勝利,0.0
9051,小倉,1200,芝,良,短い,フラット,2,ダイアナクイーン,1,牝,4,幸,栗東 高橋康,逃げ,56.0,506,2,0,0,6,12.3,2,68.2,34.9,3.0,2026-07-11,未勝利,0.0
9051,小倉,1200,芝,良,短い,フラット,16,セクシーマージュ,8,牝,4,川須,栗東 小椋,差し,56.0,434,2,0,0,5,11.5,3,68.2,34.3,10.0,2026-07-11,未勝利,0.0
9051,小倉,1200,芝,良,短い,フラット,6,ムーンリットアイル,3,牝,3,西村淳,栗東 武英,追い込み,53.0,452,0,0,0,1,2.4,4,68.6,34.5,13.0,2026-07-11,未勝利,0.0
9051,小倉,1200,芝,良,短い,フラット,7,レインオンミー,4,牡,4,田山,栗東 福永,先行,56.0,478,0,0,0,10,34.3,5,68.6,34.9,8.0,2026-07-11,未勝利,0.0
9051,小倉,1200,芝,良,短い,フラット,4,ジャンヌローサ,2,牝,5,吉村,栗東 井上,先行,56.0,448,-4,0,0,7,13.3,6,68.7,35.2,5.0,2026-07-11,未勝利,0.0
9051,小倉,1200,芝,良,短い,フラット,14,マーシーラン,7,牝,5,国分恭,栗東 渡辺,逃げ,56.0,476,22,0,0,2,5.3,7,68.7,35.4,3.0,2026-07-11,未勝利,0.0
9051,小倉,1200,芝,良,短い,フラット,1,タイガーロード,1,牡,3,酒井,栗東 大橋,先行,55.0,456,-2,0,0,9,23.9,8,68.7,35.1,5.0,2026-07-11,未勝利,0.0
9051,小倉,1200,芝,良,短い,フラット,3,ペルフェツィオーネ,2,牡,5,秋山稔,栗東 杉山佳,差し,58.0,454,-4,0,0,12,101.9,9,68.8,34.8,10.0,2026-07-11,未勝利,0.0
9051,小倉,1200,芝,良,短い,フラット,5,ミトノリン,3,牝,3,松若,栗東 前川,差し,53.0,478,0,0,0,8,21.5,10,68.8,35.1,10.0,2026-07-11,未勝利,0.0
9051,小倉,1200,芝,良,短い,フラット,9,メイショウハボマイ,5,牡,4,太宰,栗東 本田,差し,58.0,468,4,0,0,13,227.9,11,68.8,35.2,8.0,2026-07-11,未勝利,0.0
9051,小倉,1200,芝,良,短い,フラット,15,パレットフレイバー,8,牝,3,森田,栗東 加藤公,先行,50.0,448,-2,0,0,15,340.1,12,69.3,35.9,7.0,2026-07-11,未勝利,0.0
9051,小倉,1200,芝,良,短い,フラット,8,ネネキリマル,4,牡,3,Ｍデム,栗東 河嶋,追い込み,55.0,476,10,0,0,3,6.4,13,69.3,35.1,14.0,2026-07-11,未勝利,0.0
9051,小倉,1200,芝,良,短い,フラット,10,シヴァールバーニ,5,牡,4,柴田裕,栗東 畑端,追い込み,56.0,460,2,0,0,16,388.7,14,69.3,34.9,14.0,2026-07-11,未勝利,0.0
9051,小倉,1200,芝,良,短い,フラット,12,アスクザアメリカン,6,牡,4,西塚,栗東 野中,逃げ,58.0,502,0,0,0,11,61.5,15,70.6,37.9,1.0,2026-07-11,未勝利,0.0
9051,小倉,1200,芝,良,短い,フラット,13,テーオーミリカン,7,牡,4,長岡,栗東 宮,追い込み,58.0,456,-4,0,0,14,250.5,16,70.7,36.1,14.0,2026-07-11,未勝利,0.0
9147,函館,1700,ダート,重,短い,フラット,7,サラサチャチャチャ,5,牝,3,丹内,美浦 田中剛,逃げ,55.0,466,4,0,0,4,6.0,1,102.9,37.3,2.0,2026-07-11,未勝利,0.0
9147,函館,1700,ダート,重,短い,フラット,3,タガノシルフィー,3,牝,3,浜中,栗東 石橋,逃げ,55.0,462,4,0,0,2,4.9,2,103.1,38.8,1.0,2026-07-11,未勝利,0.0
9147,函館,1700,ダート,重,短い,フラット,4,フレンチブラッサム,3,牝,3,横山和,美浦 柄崎,先行,55.0,456,10,0,0,6,9.7,3,103.6,37.5,7.0,2026-07-11,未勝利,0.0
9147,函館,1700,ダート,重,短い,フラット,10,ジーティービキニ,6,牝,3,北村友,栗東 松下,逃げ,55.0,490,-16,0,0,1,4.6,4,103.7,38.4,3.0,2026-07-11,未勝利,0.0
9147,函館,1700,ダート,重,短い,フラット,6,マーゴットクリュグ,4,牝,3,松本,栗東 小林,先行,55.0,464,4,0,0,8,13.8,5,103.7,37.7,6.0,2026-07-11,未勝利,0.0
9147,函館,1700,ダート,重,短い,フラット,8,メリオルヴィア,5,牝,3,佐々木,栗東 辻野,先行,55.0,442,0,0,0,7,11.5,6,103.7,38.1,4.0,2026-07-11,未勝利,0.0
9147,函館,1700,ダート,重,短い,フラット,2,ワンダーアスク,2,牝,3,川又,栗東 笹田,先行,55.0,442,2,0,0,5,8.5,7,104.0,38.3,4.0,2026-07-11,未勝利,0.0
9147,函館,1700,ダート,重,短い,フラット,5,コイバナ,4,牝,3,岩田康,栗東 渡辺,追い込み,55.0,454,-2,0,0,11,49.2,8,104.4,37.0,11.0,2026-07-11,未勝利,0.0
9147,函館,1700,ダート,重,短い,フラット,13,サマースプラッシュ,8,牝,3,古川奈,美浦 石栗,差し,53.0,494,2,0,0,13,224.3,9,104.6,37.5,10.0,2026-07-11,未勝利,0.0
9147,函館,1700,ダート,重,短い,フラット,12,ブエノスオプティマ,7,牝,3,横山琉,栗東 高橋忠,差し,55.0,456,6,0,0,9,21.5,10,104.7,39.0,7.0,2026-07-11,未勝利,0.0
9147,函館,1700,ダート,重,短い,フラット,1,シルフ,1,牝,3,和田陽,栗東 藤野,差し,52.0,450,0,0,0,10,39.4,11,104.7,38.5,9.0,2026-07-11,未勝利,0.0
9147,函館,1700,ダート,重,短い,フラット,9,チカマヨルキーナ,6,牝,3,長浜,栗東 藤岡健,追い込み,54.0,472,-6,0,0,12,138.8,12,105.9,38.1,13.0,2026-07-11,未勝利,0.0
9147,函館,1700,ダート,重,短い,フラット,14,ベッラモレーン,8,牝,3,鷲頭,美浦 矢野,追い込み,53.0,446,-12,0,0,14,231.1,13,106.2,39.2,11.0,2026-07-11,未勝利,0.0
9147,函館,1700,ダート,重,短い,フラット,11,ウォータースパウト,7,牝,3,横山武,美浦 小笠,追い込み,55.0,464,0,0,0,3,5.4,99,,,12.0,2026-07-11,未勝利,0.0
9148,函館,1200,芝,稍重,短い,フラット,6,アルサック,3,牝,3,丹内,栗東 柴田,逃げ,55.0,492,0,0,0,1,2.9,1,69.1,35.5,1.0,2026-07-11,未勝利,0.0
9148,函館,1200,芝,稍重,短い,フラット,5,スノーガーネット,3,牝,3,横山琉,栗東 中尾,逃げ,55.0,478,4,0,0,8,20.0,2,69.4,35.5,2.0,2026-07-11,未勝利,0.0
9148,函館,1200,芝,稍重,短い,フラット,4,ロンドンプライド,2,牝,3,河原田,美浦 竹内,逃げ,51.0,460,-4,0,0,11,33.5,3,69.6,35.5,4.0,2026-07-11,未勝利,0.0
9148,函館,1200,芝,稍重,短い,フラット,10,クリオロゴールド,5,牡,3,横山武,美浦 高柳瑞,逃げ,57.0,444,-2,0,0,2,4.7,4,69.7,35.9,2.0,2026-07-11,未勝利,0.0
9148,函館,1200,芝,稍重,短い,フラット,11,ユナダイヤ,6,牝,3,小沢,栗東 岡田,先行,55.0,438,8,0,0,14,183.1,5,69.8,35.4,6.0,2026-07-11,未勝利,0.0
9148,函館,1200,芝,稍重,短い,フラット,1,テンユウ,1,牡,3,岩田康,美浦 奥村武,追い込み,57.0,482,0,0,0,3,6.7,6,69.8,34.5,15.0,2026-07-11,未勝利,0.0
9148,函館,1200,芝,稍重,短い,フラット,9,ダノンルミエール,5,牝,3,舟山,美浦 久保田,先行,54.0,464,8,0,0,7,17.5,7,69.9,35.7,5.0,2026-07-11,未勝利,0.0
9148,函館,1200,芝,稍重,短い,フラット,3,スピットブレイク,2,牡,3,池添,美浦 新開,差し,57.0,480,4,0,0,9,21.8,8,69.9,35.0,12.0,2026-07-11,未勝利,0.0
9148,函館,1200,芝,稍重,短い,フラット,14,ウインドトリック,7,牡,3,和田陽,栗東 鈴木孝,先行,54.0,470,2,0,0,13,148.9,9,70.1,35.5,8.0,2026-07-11,未勝利,0.0
9148,函館,1200,芝,稍重,短い,フラット,7,テイクマイハート,4,牝,3,長浜,栗東 森田,先行,54.0,470,0,0,0,10,25.3,10,70.2,35.9,7.0,2026-07-11,未勝利,0.0
9148,函館,1200,芝,稍重,短い,フラット,15,ルージュフローラ,8,牝,3,古川吉,美浦 森一,追い込み,55.0,420,8,0,0,6,11.6,11,70.3,35.6,12.0,2026-07-11,未勝利,0.0
9148,函館,1200,芝,稍重,短い,フラット,12,トゥントゥントゥン,6,牡,3,嶋田,美浦 手塚久,差し,57.0,418,-6,0,0,15,184.9,12,70.4,35.8,11.0,2026-07-11,未勝利,0.0
9148,函館,1200,芝,稍重,短い,フラット,13,ブルーハーツ,7,牡,3,黛,美浦 勢司,追い込み,57.0,490,2,0,0,16,189.2,13,70.6,35.0,16.0,2026-07-11,未勝利,0.0
9148,函館,1200,芝,稍重,短い,フラット,16,ナオミニオールイン,8,牝,3,川又,栗東 佐藤悠,差し,55.0,448,4,0,0,12,55.6,14,70.7,36.3,8.0,2026-07-11,未勝利,0.0
9148,函館,1200,芝,稍重,短い,フラット,2,ハッピーローヴァー,1,牝,3,武豊,栗東 渡辺,追い込み,55.0,418,-4,0,0,5,9.6,15,70.8,35.9,12.0,2026-07-11,未勝利,0.0
9148,函館,1200,芝,稍重,短い,フラット,8,アゲンストオッズ,4,牝,3,斎藤,美浦 斎藤誠,差し,55.0,422,2,0,0,4,9.4,16,73.7,39.8,8.0,2026-07-11,未勝利,0.0
9149,函館,1800,芝,稍重,短い,フラット,14,ウインアプローチ,8,牡,3,丹内,美浦 畠山,逃げ,57.0,440,4,0,0,1,3.5,1,107.5,35.7,2.0,2026-07-11,未勝利,0.0
9149,函館,1800,芝,稍重,短い,フラット,4,エグジスタンス,3,牡,3,佐々木,栗東 奥村豊,逃げ,57.0,488,0,0,0,3,5.8,2,107.9,35.9,3.0,2026-07-11,未勝利,0.0
9149,函館,1800,芝,稍重,短い,フラット,2,インフィオラータ,2,牝,3,浜中,栗東 須貝,追い込み,55.0,442,-2,0,0,4,8.1,3,108.0,35.0,12.0,2026-07-11,未勝利,0.0
9149,函館,1800,芝,稍重,短い,フラット,1,ミリオングローリー,1,牡,3,岩田康,美浦 蛯名正,差し,57.0,462,2,0,0,9,24.6,4,108.0,35.1,9.0,2026-07-11,未勝利,0.0
9149,函館,1800,芝,稍重,短い,フラット,5,ケナゲ,4,牝,3,河原田,美浦 和田雄,差し,51.0,438,-4,0,0,6,9.5,5,108.1,35.4,9.0,2026-07-11,未勝利,0.0
9149,函館,1800,芝,稍重,短い,フラット,3,ヘクセンハウス,3,牝,3,斎藤,栗東 吉田,追い込み,55.0,422,6,0,0,7,11.7,6,108.1,35.4,9.0,2026-07-11,未勝利,0.0
9149,函館,1800,芝,稍重,短い,フラット,12,マンサニージャ,7,牝,3,横山武,美浦 菊川,差し,55.0,434,-2,0,0,2,4.4,7,108.2,35.7,8.0,2026-07-11,未勝利,0.0
9149,函館,1800,芝,稍重,短い,フラット,8,メメボス,5,牝,3,古川吉,栗東 飯田,先行,55.0,470,4,0,0,11,44.7,8,108.2,35.9,5.0,2026-07-11,未勝利,0.0
9149,函館,1800,芝,稍重,短い,フラット,13,セイントクーヤ,8,牡,3,長浜,美浦 黒岩,先行,56.0,484,-2,0,0,10,43.9,9,108.3,36.0,5.0,2026-07-11,未勝利,0.0
9149,函館,1800,芝,稍重,短い,フラット,10,アーデルブリックス,6,牡,3,舟山,栗東 坂口,逃げ,56.0,432,2,0,0,5,8.5,10,108.4,36.8,1.0,2026-07-11,未勝利,0.0
9149,函館,1800,芝,稍重,短い,フラット,11,コスモクラシック,7,牡,3,和田陽,美浦 嘉藤,先行,54.0,486,-2,0,0,8,22.0,11,108.5,36.6,3.0,2026-07-11,未勝利,0.0
9149,函館,1800,芝,稍重,短い,フラット,6,カネトシパンドラ,4,牝,3,横山琉,美浦 稲垣,追い込み,55.0,446,6,0,0,13,331.3,12,109.8,36.6,13.0,2026-07-11,未勝利,0.0
9149,函館,1800,芝,稍重,短い,フラット,7,アスコットダンス,5,牝,3,小沢,栗東 高橋康,先行,55.0,428,6,0,0,12,80.6,13,110.0,38.1,5.0,2026-07-11,未勝利,0.0
9149,函館,1800,芝,稍重,短い,フラット,9,シアワセチョウサン,6,牝,3,遠藤,美浦 小島,追い込み,52.0,452,0,0,0,14,597.8,14,112.4,38.8,14.0,2026-07-11,未勝利,0.0
9147,函館,1700,ダート,重,短い,フラット,9,チリンドリ,7,牡,3,松本,栗東 昆,逃げ,57.0,508,6,0,0,1,2.0,1,104.3,38.1,1.0,2026-07-11,未勝利,0.0
9147,函館,1700,ダート,重,短い,フラット,4,ヤマメイッカ,4,牡,3,佐々木,美浦 久保田,先行,57.0,496,-4,0,0,3,5.6,2,104.4,38.0,3.0,2026-07-11,未勝利,0.0
9147,函館,1700,ダート,重,短い,フラット,3,シンエンドーツダ,3,牡,3,原田和,美浦 萱野,先行,57.0,462,0,0,0,4,8.7,3,104.8,38.4,3.0,2026-07-11,未勝利,0.0
9147,函館,1700,ダート,重,短い,フラット,2,サクセスブルー,2,牡,3,舟山,美浦 秋本,先行,56.0,428,-6,0,0,7,32.0,4,105.8,39.0,5.0,2026-07-11,未勝利,0.0
9147,函館,1700,ダート,重,短い,フラット,8,ブライトラン,7,牡,3,嶋田,美浦 尾形,追い込み,57.0,498,0,0,0,10,116.6,5,105.9,38.9,9.0,2026-07-11,未勝利,0.0
9147,函館,1700,ダート,重,短い,フラット,7,モロノカガヤキ,6,牡,3,丹内,美浦 林,差し,57.0,480,4,0,0,2,4.0,6,106.0,39.3,5.0,2026-07-11,未勝利,0.0
9147,函館,1700,ダート,重,短い,フラット,1,ミスチヴマリアンヌ,1,牝,3,大久保,美浦 小野,差し,52.0,440,0,0,0,9,47.4,7,106.1,39.5,5.0,2026-07-11,未勝利,0.0
9147,函館,1700,ダート,重,短い,フラット,10,ゲレイロ,8,牡,3,河原田,栗東 今野,逃げ,53.0,462,0,0,0,6,21.4,8,106.5,40.3,2.0,2026-07-11,未勝利,0.0
9147,函館,1700,ダート,重,短い,フラット,6,ライトアファイア,6,牡,3,横山武,美浦 伊藤圭,追い込み,57.0,484,2,0,0,5,11.2,9,106.6,39.2,10.0,2026-07-11,未勝利,0.0
9147,函館,1700,ダート,重,短い,フラット,11,ラヴィレット,8,牡,3,鷲頭,栗東 池江,差し,55.0,570,6,0,0,8,43.5,10,110.4,43.9,8.0,2026-07-11,未勝利,0.0
9147,函館,1700,ダート,重,短い,フラット,5,ゴールデンダガー,5,牡,3,横山和,美浦 中舘,追い込み,57.0,476,4,0,0,0,0.0,99,,,,2026-07-11,未勝利,0.0
9149,函館,1800,芝,稍重,短い,フラット,4,ナイスプレーアスク,3,牝,3,横山和,美浦 中舘,逃げ,53.0,438,6,0,0,3,5.8,1,108.2,34.8,1.0,2026-07-11,未勝利,0.0
9149,函館,1800,芝,稍重,短い,フラット,6,アイドクレース,4,牝,3,横山武,美浦 金成,逃げ,53.0,420,2,0,0,5,7.7,2,108.3,34.5,3.0,2026-07-11,未勝利,0.0
9149,函館,1800,芝,稍重,短い,フラット,1,ナムラヒナギク,1,牝,3,小沢,栗東 大橋,追い込み,53.0,470,-16,0,0,7,20.6,3,108.6,34.3,12.0,2026-07-11,未勝利,0.0
9149,函館,1800,芝,稍重,短い,フラット,14,ベアサナエチャン,8,牝,3,佐々木,美浦 杉浦,先行,53.0,456,6,0,0,6,19.4,4,108.8,34.6,7.0,2026-07-11,未勝利,0.0
9149,函館,1800,芝,稍重,短い,フラット,3,コスモレッド,3,牝,3,池添,栗東 北出,先行,53.0,442,2,0,0,9,62.2,5,108.9,35.2,3.0,2026-07-11,未勝利,0.0
9149,函館,1800,芝,稍重,短い,フラット,13,ルージュスティーズ,8,牝,4,吉田隼,美浦 松尾,追い込み,56.0,496,12,0,0,10,66.3,6,108.9,34.3,14.0,2026-07-11,未勝利,0.0
9149,函館,1800,芝,稍重,短い,フラット,2,リリーズブルーム,2,牝,5,原田和,美浦 松山,差し,56.0,464,-2,0,0,11,97.7,7,109.0,35.0,7.0,2026-07-11,未勝利,0.0
9149,函館,1800,芝,稍重,短い,フラット,5,ターンザテーブルス,4,牝,3,丹内,美浦 西田,逃げ,53.0,428,14,0,0,1,2.5,7,109.0,35.5,2.0,2026-07-11,未勝利,0.0
9149,函館,1800,芝,稍重,短い,フラット,7,タイムレスキス,5,牝,3,武豊,栗東 吉村,先行,53.0,474,0,0,0,4,6.7,9,109.1,35.3,3.0,2026-07-11,未勝利,0.0
9149,函館,1800,芝,稍重,短い,フラット,10,ルージュカエラ,6,牝,5,舟山,美浦 古賀慎,差し,55.0,438,0,0,0,13,219.8,10,109.1,35.1,7.0,2026-07-11,未勝利,0.0
9149,函館,1800,芝,稍重,短い,フラット,9,キセキノエンジェル,6,牝,7,河原田,美浦 武市,追い込み,52.0,476,0,0,0,12,164.2,11,109.3,35.0,12.0,2026-07-11,未勝利,0.0
9149,函館,1800,芝,稍重,短い,フラット,11,フクシマコウヨウ,7,牝,4,岩田康,美浦 小島,差し,56.0,458,-4,0,0,14,326.7,12,109.4,35.4,7.0,2026-07-11,未勝利,0.0
9149,函館,1800,芝,稍重,短い,フラット,12,ミッキーマドンナ,7,牝,4,浜中,美浦 堀,追い込み,56.0,478,18,0,0,2,4.4,13,109.7,35.7,7.0,2026-07-11,未勝利,0.0
9149,函館,1800,芝,稍重,短い,フラット,8,クシマトゥルー,5,牝,3,長浜,美浦 矢嶋,先行,52.0,418,-10,0,0,8,32.0,14,109.7,36.1,3.0,2026-07-11,未勝利,0.0
9147,函館,1700,ダート,重,短い,フラット,8,アイファーシャドー,6,牡,4,丹内,美浦 蛯名利,逃げ,58.0,442,6,0,0,5,10.0,1,103.5,36.7,2.0,2026-07-11,未勝利,0.0
9147,函館,1700,ダート,重,短い,フラット,1,テイクオンミー,1,牡,3,舟山,美浦 水野,逃げ,54.0,508,4,0,0,3,4.4,2,103.7,36.9,2.0,2026-07-11,未勝利,0.0
9147,函館,1700,ダート,重,短い,フラット,4,パラダイスフェイス,4,牡,3,古川吉,美浦 牧,先行,55.0,508,0,0,0,1,3.3,3,103.8,37.1,2.0,2026-07-11,未勝利,0.0
9147,函館,1700,ダート,重,短い,フラット,9,マテンロウカナロア,7,牡,4,横山和,栗東 野中,逃げ,58.0,492,8,0,0,2,3.3,4,103.8,37.3,1.0,2026-07-11,未勝利,0.0
9147,函館,1700,ダート,重,短い,フラット,3,エンダードラゴン,3,牡,4,武豊,栗東 友道,先行,58.0,520,2,0,0,4,7.8,5,104.1,37.2,6.0,2026-07-11,未勝利,0.0
9147,函館,1700,ダート,重,短い,フラット,2,ブリスフル,2,牡,5,河原田,美浦 武市,差し,54.0,504,-2,0,0,10,74.5,6,104.3,37.2,7.0,2026-07-11,未勝利,0.0
9147,函館,1700,ダート,重,短い,フラット,6,ナムラハリス,5,牝,3,鷲頭,栗東 宮地,追い込み,51.0,430,4,0,0,7,18.7,7,105.3,37.9,10.0,2026-07-11,未勝利,0.0
9147,函館,1700,ダート,重,短い,フラット,5,アルニラム,5,セ,5,小沢,美浦 伊藤大,差し,58.0,470,10,0,0,12,189.3,8,105.8,38.8,7.0,2026-07-11,未勝利,0.0
9147,函館,1700,ダート,重,短い,フラット,11,タイセイモノリス,8,牡,3,岩田康,美浦 栗田,先行,55.0,480,0,0,0,6,14.9,9,106.1,39.6,2.0,2026-07-11,未勝利,0.0
9147,函館,1700,ダート,重,短い,フラット,12,ベイビールビオ,8,牡,7,長浜,美浦 石栗,追い込み,57.0,516,0,0,0,11,121.9,10,106.2,38.0,11.0,2026-07-11,未勝利,0.0
9147,函館,1700,ダート,重,短い,フラット,10,レイサンソク,7,牡,3,佐々木,栗東 吉村,差し,55.0,520,0,0,0,8,25.5,11,106.2,39.3,9.0,2026-07-11,未勝利,0.0
9147,函館,1700,ダート,重,短い,フラット,7,シビックアスコット,6,牡,3,横山琉,栗東 高橋忠,追い込み,55.0,478,-8,0,0,9,70.4,12,107.4,39.5,12.0,2026-07-11,未勝利,0.0
9150,函館,2000,芝,稍重,短い,フラット,4,ハルフロンティア,4,牡,4,舟山,栗東 池添,逃げ,58.0,510,-4,0,0,8,18.7,1,120.0,34.7,1.0,2026-07-11,1勝クラス,1.0
9150,函館,2000,芝,稍重,短い,フラット,8,デルシエロ,7,牡,5,丹内,栗東 清水久,逃げ,58.0,420,-2,0,0,4,8.7,2,120.4,34.8,2.0,2026-07-11,1勝クラス,1.0
9150,函館,2000,芝,稍重,短い,フラット,9,エトワールブーケ,8,牝,3,横山和,栗東 昆,先行,53.0,438,-2,0,0,6,13.7,3,121.1,35.3,5.0,2026-07-11,1勝クラス,1.0
9150,函館,2000,芝,稍重,短い,フラット,3,エオアリイ,3,牡,4,佐々木,美浦 平岩,先行,58.0,470,-10,0,0,9,103.4,4,121.3,35.9,2.0,2026-07-11,1勝クラス,1.0
9150,函館,2000,芝,稍重,短い,フラット,6,サイン,6,牡,3,横山武,栗東 佐藤悠,先行,55.0,522,2,0,0,2,4.0,5,121.3,35.8,4.0,2026-07-11,1勝クラス,1.0
9150,函館,2000,芝,稍重,短い,フラット,7,モルビド,7,牝,4,小沢,栗東 中内田,追い込み,56.0,424,0,0,0,5,12.6,6,121.4,35.0,9.0,2026-07-11,1勝クラス,1.0
9150,函館,2000,芝,稍重,短い,フラット,5,メイショウソラリス,5,牡,3,松本,栗東 角田,差し,55.0,464,0,0,0,7,17.9,7,121.6,35.5,7.0,2026-07-11,1勝クラス,1.0
9150,函館,2000,芝,稍重,短い,フラット,10,ドルチェリターン,8,牡,4,北村友,栗東 前川,追い込み,58.0,462,-6,0,0,3,7.3,8,121.6,35.9,7.0,2026-07-11,1勝クラス,1.0
9150,函館,2000,芝,稍重,短い,フラット,1,クリスレジーナ,1,牝,3,斎藤,栗東 高野,差し,53.0,482,8,0,0,1,2.0,9,121.8,36.2,5.0,2026-07-11,1勝クラス,1.0
9150,函館,2000,芝,稍重,短い,フラット,2,ゼアズノープレイス,2,牡,7,的場,美浦 的場,追い込み,58.0,490,-6,0,0,10,303.3,10,121.8,35.7,9.0,2026-07-11,1勝クラス,1.0
9148,函館,1200,芝,稍重,短い,フラット,7,アスクケンタッキー,5,牡,3,武豊,栗東 藤原,逃げ,55.0,468,-4,0,0,2,3.2,1,68.8,34.9,1.0,2026-07-11,2勝クラス,2.0
9148,函館,1200,芝,稍重,短い,フラット,2,ピコアーガイル,2,牡,5,横山和,美浦 伊藤大,逃げ,58.0,484,4,0,0,1,2.5,2,68.9,34.8,2.0,2026-07-11,2勝クラス,2.0
9148,函館,1200,芝,稍重,短い,フラット,6,キープサインオン,4,牡,4,浜中,美浦 加藤征,先行,58.0,476,-2,0,0,9,45.8,3,69.2,34.6,6.0,2026-07-11,2勝クラス,2.0
9148,函館,1200,芝,稍重,短い,フラット,3,ライツユーアップ,3,牝,4,丹内,栗東 角田,逃げ,56.0,448,-6,0,0,7,25.2,4,69.2,34.9,3.0,2026-07-11,2勝クラス,2.0
9148,函館,1200,芝,稍重,短い,フラット,1,トウカイエルデ,1,牡,5,岩田康,栗東 茶木,差し,58.0,458,6,0,0,4,8.2,5,69.3,34.4,10.0,2026-07-11,2勝クラス,2.0
9148,函館,1200,芝,稍重,短い,フラット,14,ムチャスグラシアス,8,牝,5,佐々木,美浦 菊川,先行,56.0,442,-4,0,0,14,138.1,6,69.3,35.0,3.0,2026-07-11,2勝クラス,2.0
9148,函館,1200,芝,稍重,短い,フラット,12,ヴィヴァクラウン,7,牡,5,横山武,美浦 杉浦,追い込み,58.0,470,0,0,0,3,6.8,7,69.4,34.4,10.0,2026-07-11,2勝クラス,2.0
9148,函館,1200,芝,稍重,短い,フラット,5,ジーベック,4,牡,5,古川奈,栗東 矢作,追い込み,58.0,460,-4,0,0,10,47.3,8,69.5,34.4,13.0,2026-07-11,2勝クラス,2.0
9148,函館,1200,芝,稍重,短い,フラット,9,レイユール,6,牝,4,嶋田,美浦 手塚久,先行,56.0,426,2,0,0,8,31.2,9,69.9,35.2,6.0,2026-07-11,2勝クラス,2.0
9148,函館,1200,芝,稍重,短い,フラット,11,ラスティングスノー,7,牝,3,横山琉,美浦 池上,追い込み,53.0,460,-8,0,0,6,16.5,10,70.1,35.3,10.0,2026-07-11,2勝クラス,2.0
9148,函館,1200,芝,稍重,短い,フラット,4,キーガッツ,3,牡,4,斎藤,栗東 杉山佳,差し,58.0,472,0,0,0,5,16.2,11,70.3,35.7,6.0,2026-07-11,2勝クラス,2.0
9148,函館,1200,芝,稍重,短い,フラット,10,エルサトアナ,6,牝,4,遠藤,栗東 本田,先行,56.0,438,12,0,0,11,50.9,12,70.4,36.1,3.0,2026-07-11,2勝クラス,2.0
9148,函館,1200,芝,稍重,短い,フラット,8,フレッシュラン,5,牝,4,河原田,美浦 尾形,差し,56.0,478,6,0,0,13,114.9,13,70.6,36.0,6.0,2026-07-11,2勝クラス,2.0
9148,函館,1200,芝,稍重,短い,フラット,13,モレポブラーノ,8,牡,4,小沢,栗東 庄野,追い込み,58.0,550,-8,0,0,12,84.2,14,70.9,35.5,14.0,2026-07-11,2勝クラス,2.0
9149,函館,1800,芝,稍重,短い,フラット,1,カテリーナ,1,牝,5,浜中,栗東 田中克,先行,56.0,470,4,0,0,2,4.5,1,108.3,34.8,4.0,2026-07-11,3勝クラス,3.0
9149,函館,1800,芝,稍重,短い,フラット,3,ダンツファイター,3,牡,4,武豊,美浦 蛯名正,逃げ,58.0,572,6,0,0,3,4.8,2,108.4,35.2,1.0,2026-07-11,3勝クラス,3.0
9149,函館,1800,芝,稍重,短い,フラット,2,アイスグリーン,2,牡,6,小沢,栗東 池添,先行,58.0,494,6,0,0,8,47.1,3,108.5,34.9,4.0,2026-07-11,3勝クラス,3.0
9149,函館,1800,芝,稍重,短い,フラット,6,ショウナンサムデイ,5,牝,4,池添,美浦 奥村武,差し,56.0,446,12,0,0,7,18.4,4,108.6,34.7,7.0,2026-07-11,3勝クラス,3.0
9149,函館,1800,芝,稍重,短い,フラット,13,ピンクジン,8,牝,6,古川吉,美浦 室井,追い込み,56.0,446,6,0,0,9,59.7,5,108.6,34.4,10.0,2026-07-11,3勝クラス,3.0
9149,函館,1800,芝,稍重,短い,フラット,8,インヴォーグ,6,牝,4,北村友,栗東 福永,先行,56.0,498,2,0,0,4,5.1,6,108.7,35.0,4.0,2026-07-11,3勝クラス,3.0
9149,函館,1800,芝,稍重,短い,フラット,7,インパクトシー,5,牡,4,横山琉,美浦 大竹,追い込み,58.0,538,0,0,0,1,3.5,7,108.8,34.4,10.0,2026-07-11,3勝クラス,3.0
9149,函館,1800,芝,稍重,短い,フラット,12,ウィープディライト,8,セ,5,斎藤,栗東 池添,差し,58.0,506,-2,0,0,12,77.2,8,108.8,34.9,7.0,2026-07-11,3勝クラス,3.0
9149,函館,1800,芝,稍重,短い,フラット,10,ウイントレメンデス,7,牡,5,横山和,栗東 長谷川,差し,58.0,478,6,0,0,6,11.9,9,108.8,34.7,9.0,2026-07-11,3勝クラス,3.0
9149,函館,1800,芝,稍重,短い,フラット,5,ミッキージュエリー,4,牝,4,丹内,栗東 中内田,逃げ,56.0,506,12,0,0,5,8.4,10,109.1,35.8,2.0,2026-07-11,3勝クラス,3.0
9149,函館,1800,芝,稍重,短い,フラット,4,ノーブルスカイ,4,牡,5,吉田隼,栗東 高柳大,追い込み,58.0,492,8,0,0,13,77.8,11,109.2,34.9,10.0,2026-07-11,3勝クラス,3.0
9149,函館,1800,芝,稍重,短い,フラット,9,ドゥカート,6,牡,4,佐々木,美浦 宮田,逃げ,58.0,478,-6,0,0,10,61.4,12,109.2,35.8,3.0,2026-07-11,3勝クラス,3.0
9149,函館,1800,芝,稍重,短い,フラット,11,ソリダリティ,7,牡,7,岩田康,栗東 西園翔,追い込み,58.0,520,6,0,0,11,73.4,13,110.1,36.1,13.0,2026-07-11,3勝クラス,3.0
9151,函館,1000,ダート,重,短い,フラット,1,ビップムーラン,1,牝,3,横山武,美浦 田島,逃げ,53.0,466,0,0,0,1,1.5,1,58.1,35.1,1.0,2026-07-11,未勝利,0.0
9151,函館,1000,ダート,重,短い,フラット,4,ワイドデコラシオン,4,牡,4,和田陽,栗東 辻野,逃げ,55.0,510,2,0,0,2,4.4,2,58.1,35.0,2.0,2026-07-11,未勝利,0.0
9151,函館,1000,ダート,重,短い,フラット,8,レネネト,8,牝,4,北村友,栗東 柴田,先行,56.0,524,0,0,0,7,28.1,3,58.4,35.1,3.0,2026-07-11,未勝利,0.0
9151,函館,1000,ダート,重,短い,フラット,5,メイショウハッブル,5,牡,5,河原田,栗東 石橋,差し,54.0,486,12,0,0,6,27.7,4,58.4,34.9,6.0,2026-07-11,未勝利,0.0
9151,函館,1000,ダート,重,短い,フラット,3,タイセイブルーム,3,牡,3,長浜,美浦 古賀慎,先行,54.0,488,2,0,0,3,9.1,5,58.5,35.2,3.0,2026-07-11,未勝利,0.0
9151,函館,1000,ダート,重,短い,フラット,7,テーオーナタリー,7,牝,3,斎藤,栗東 梅田,差し,53.0,432,4,0,0,5,12.5,6,58.9,35.7,3.0,2026-07-11,未勝利,0.0
9151,函館,1000,ダート,重,短い,フラット,6,ジュウオウ,6,牡,5,池添,栗東 秋山,追い込み,58.0,550,2,0,0,8,51.4,7,58.9,35.3,7.0,2026-07-11,未勝利,0.0
9151,函館,1000,ダート,重,短い,フラット,2,スパークルジョイ,2,牝,5,舟山,栗東 前川,追い込み,55.0,472,12,0,0,4,10.3,8,59.0,35.3,8.0,2026-07-11,未勝利,0.0
9152,福島,1700,ダート,良,短い,フラット,10,オウケンハニー,6,牝,3,木幡巧,美浦 岩戸,逃げ,55.0,454,0,0,0,4,8.0,1,107.3,39.9,1.0,2026-07-05,未勝利,0.0
9152,福島,1700,ダート,良,短い,フラット,11,デルマザオウ,6,牝,3,小崎,美浦 松山,逃げ,55.0,490,-2,0,0,7,12.3,2,108.0,40.2,3.0,2026-07-05,未勝利,0.0
9152,福島,1700,ダート,良,短い,フラット,5,ペールデュクラン,3,牝,3,菊沢,美浦 菊沢,先行,55.0,452,-8,0,0,2,4.3,3,108.8,39.7,6.0,2026-07-05,未勝利,0.0
9152,福島,1700,ダート,良,短い,フラット,2,ドナソラーレ,2,牝,3,杉原,美浦 池上,先行,55.0,428,0,0,0,5,8.0,4,108.8,39.6,7.0,2026-07-05,未勝利,0.0
9152,福島,1700,ダート,良,短い,フラット,13,バーヴァンシー,7,牝,3,横山典,美浦 村田,差し,55.0,472,0,0,0,1,4.0,5,109.2,39.1,10.0,2026-07-05,未勝利,0.0
9152,福島,1700,ダート,良,短い,フラット,12,マイトリックスター,7,牝,3,原,美浦 和田勇,追い込み,55.0,436,6,0,0,10,54.9,6,109.3,38.7,13.0,2026-07-05,未勝利,0.0
9152,福島,1700,ダート,良,短い,フラット,8,オリエンタルガール,5,牝,3,石田,美浦 相沢,差し,52.0,376,-6,0,0,13,112.8,7,109.3,39.8,10.0,2026-07-05,未勝利,0.0
9152,福島,1700,ダート,良,短い,フラット,4,オーシャンミューズ,3,牝,3,石神道,美浦 堀内,差し,52.0,444,0,0,0,15,173.6,8,109.3,40.0,7.0,2026-07-05,未勝利,0.0
9152,福島,1700,ダート,良,短い,フラット,14,ミュージックレイン,8,牝,3,江田照,美浦 村田,逃げ,55.0,448,2,0,0,6,10.9,9,109.6,42.2,2.0,2026-07-05,未勝利,0.0
9152,福島,1700,ダート,良,短い,フラット,15,バイアブランカ,8,牝,3,津村,美浦 古賀慎,先行,55.0,504,0,0,0,3,4.9,10,109.7,41.4,4.0,2026-07-05,未勝利,0.0
9152,福島,1700,ダート,良,短い,フラット,3,ナックレジーナ,2,牝,3,吉田豊,美浦 小野,先行,55.0,494,0,0,0,8,19.9,11,111.1,42.7,5.0,2026-07-05,未勝利,0.0
9152,福島,1700,ダート,良,短い,フラット,1,マネーマネー,1,牝,3,武藤,美浦 稲垣,追い込み,55.0,424,24,0,0,12,79.2,12,111.2,41.6,10.0,2026-07-05,未勝利,0.0
9152,福島,1700,ダート,良,短い,フラット,9,デルマツルギ,5,牝,3,菅原隆,美浦 蛯名利,差し,55.0,486,12,0,0,11,68.5,13,113.3,44.9,9.0,2026-07-05,未勝利,0.0
9152,福島,1700,ダート,良,短い,フラット,6,リトルベルタ,4,牝,3,野中,美浦 矢嶋,追い込み,55.0,510,0,0,0,9,32.9,14,116.0,44.1,14.0,2026-07-05,未勝利,0.0
9152,福島,1700,ダート,良,短い,フラット,7,アンジュリオ,4,牝,3,佐藤,美浦 高橋文,追い込み,52.0,466,-2,0,0,14,137.0,15,122.4,48.4,15.0,2026-07-05,未勝利,0.0
9153,福島,1200,芝,良,短い,フラット,8,ゴールドパレード,4,牡,3,石神道,美浦 天間,逃げ,54.0,472,-8,0,0,3,5.4,1,68.4,35.0,2.0,2026-07-05,未勝利,0.0
9153,福島,1200,芝,良,短い,フラット,2,ダイユウルミナス,1,牝,3,佐藤,美浦 松永康,差し,52.0,424,12,0,0,5,14.6,2,68.6,34.1,12.0,2026-07-05,未勝利,0.0
9153,福島,1200,芝,良,短い,フラット,11,シルバーアックス,6,牡,3,横山典,美浦 村田,逃げ,57.0,450,-10,0,0,1,3.3,3,68.9,35.8,1.0,2026-07-05,未勝利,0.0
9153,福島,1200,芝,良,短い,フラット,10,エンジェルサン,5,牡,3,柴田大,美浦 矢嶋,先行,57.0,484,-4,0,0,13,70.0,4,68.9,35.2,6.0,2026-07-05,未勝利,0.0
9153,福島,1200,芝,良,短い,フラット,3,ニシノタチアナ,2,牝,3,丸山,美浦 清水英,先行,55.0,368,-2,0,0,7,16.5,5,69.2,35.5,6.0,2026-07-05,未勝利,0.0
9153,福島,1200,芝,良,短い,フラット,1,ハルカオル,1,牝,3,木幡巧,美浦 千葉,先行,55.0,466,-12,0,0,9,19.2,6,69.5,36.2,6.0,2026-07-05,未勝利,0.0
9153,福島,1200,芝,良,短い,フラット,13,ドリーマーズ,7,牝,3,原,美浦 伊藤大,差し,55.0,420,-4,0,0,14,92.5,7,69.5,35.6,9.0,2026-07-05,未勝利,0.0
9153,福島,1200,芝,良,短い,フラット,14,ハッピースーニャ,7,牝,3,津村,美浦 鈴木伸,追い込み,55.0,470,-10,0,0,4,14.3,8,69.5,35.3,12.0,2026-07-05,未勝利,0.0
9153,福島,1200,芝,良,短い,フラット,9,ブロークンハート,5,牝,3,石田,美浦 菊沢,差し,52.0,404,-2,0,0,2,3.5,9,69.6,35.7,11.0,2026-07-05,未勝利,0.0
9153,福島,1200,芝,良,短い,フラット,6,ネオアンボウ,3,牡,3,上里,美浦 松尾,差し,54.0,536,-2,0,0,12,63.9,10,69.7,36.0,9.0,2026-07-05,未勝利,0.0
9153,福島,1200,芝,良,短い,フラット,4,セイウンプーパ,2,牝,3,荻野極,美浦 奥平,逃げ,55.0,418,-10,0,0,6,15.1,11,69.8,36.4,4.0,2026-07-05,未勝利,0.0
9153,福島,1200,芝,良,短い,フラット,12,ケイベエ,6,牡,3,木幡育,美浦 杉浦,追い込み,57.0,452,-4,0,0,11,53.5,12,70.1,36.2,12.0,2026-07-05,未勝利,0.0
9153,福島,1200,芝,良,短い,フラット,7,トウシンラヴ,4,牝,3,三浦,美浦 高柳瑞,先行,55.0,452,6,0,0,8,16.7,13,71.0,37.8,4.0,2026-07-05,未勝利,0.0
9153,福島,1200,芝,良,短い,フラット,15,ローズバラード,8,牝,3,小崎,美浦 深山,追い込み,55.0,388,-10,0,0,15,268.4,14,71.1,36.8,15.0,2026-07-05,未勝利,0.0
9153,福島,1200,芝,良,短い,フラット,5,ホカミテダメ,3,牝,3,丸田,美浦 田中勝,逃げ,55.0,470,14,0,0,10,20.6,15,73.4,40.3,2.0,2026-07-05,未勝利,0.0
9153,福島,1200,芝,良,短い,フラット,16,メインテーマ,8,牝,3,菊沢,美浦 小手川,追い込み,55.0,0,0,0,0,0,0.0,99,,,,2026-07-05,未勝利,0.0
9154,福島,1800,芝,良,短い,フラット,5,マーゴットドライ,3,セ,3,木幡巧,美浦 伊坂,逃げ,57.0,432,-12,0,0,3,4.3,1,108.4,35.3,4.0,2026-07-05,未勝利,0.0
9154,福島,1800,芝,良,短い,フラット,14,ヤマメホープ,7,牡,3,戸崎圭,美浦 久保田,逃げ,57.0,476,-4,0,0,1,3.2,2,108.4,35.6,3.0,2026-07-05,未勝利,0.0
9154,福島,1800,芝,良,短い,フラット,3,ベルランコントル,2,牝,3,原,美浦 伊藤大,先行,55.0,454,2,0,0,5,8.9,3,108.5,35.1,5.0,2026-07-05,未勝利,0.0
9154,福島,1800,芝,良,短い,フラット,9,プラネタリーアワー,5,牝,3,小崎,美浦 加藤征,先行,55.0,442,0,0,0,12,130.3,4,108.7,35.0,8.0,2026-07-05,未勝利,0.0
9154,福島,1800,芝,良,短い,フラット,10,ソロンゴ,5,牝,3,木幡育,美浦 高橋文,差し,55.0,452,20,0,0,9,28.6,4,108.7,34.3,10.0,2026-07-05,未勝利,0.0
9154,福島,1800,芝,良,短い,フラット,11,ワインダークシー,6,牡,3,津村,美浦 中舘,逃げ,57.0,428,-2,0,0,2,4.3,6,108.7,35.9,1.0,2026-07-05,未勝利,0.0
9154,福島,1800,芝,良,短い,フラット,16,ヘルヴィッツ,8,牡,3,北村友,美浦 柄崎,差し,57.0,450,-2,0,0,6,18.4,7,109.1,34.8,10.0,2026-07-05,未勝利,0.0
9154,福島,1800,芝,良,短い,フラット,6,ダイシンパルス,3,牡,3,江田照,美浦 小笠,差し,57.0,472,0,0,0,13,139.1,8,109.4,35.4,10.0,2026-07-05,未勝利,0.0
9154,福島,1800,芝,良,短い,フラット,2,ラスタリア,1,牡,3,菊沢,美浦 岩戸,先行,57.0,462,10,0,0,11,71.5,9,109.4,35.8,7.0,2026-07-05,未勝利,0.0
9154,福島,1800,芝,良,短い,フラット,7,シュガーシャック,4,牡,3,杉原誠,美浦 古賀慎,差し,57.0,486,10,0,0,10,43.0,10,109.6,36.3,8.0,2026-07-05,未勝利,0.0
9154,福島,1800,芝,良,短い,フラット,12,クラックミーアップ,6,牡,3,松岡,美浦 深山,追い込み,57.0,474,-4,0,0,14,175.6,11,109.6,35.5,13.0,2026-07-05,未勝利,0.0
9154,福島,1800,芝,良,短い,フラット,1,ロマンス,1,牝,3,石橋脩,美浦 上原佑,逃げ,55.0,426,4,0,0,7,19.9,12,109.7,36.9,2.0,2026-07-05,未勝利,0.0
9154,福島,1800,芝,良,短い,フラット,4,セシルブリュネ,2,牝,3,荻野極,美浦 栗田,追い込み,55.0,402,6,0,0,4,8.2,13,109.8,35.3,14.0,2026-07-05,未勝利,0.0
9154,福島,1800,芝,良,短い,フラット,15,スカイプライド,8,牝,3,石田,美浦 黒岩,先行,52.0,428,-2,0,0,15,210.0,14,112.0,38.9,6.0,2026-07-05,未勝利,0.0
9154,福島,1800,芝,良,短い,フラット,8,ブラッククラウズ,4,牡,3,三浦,美浦 尾関,追い込み,57.0,468,0,0,0,8,23.1,15,112.4,37.5,15.0,2026-07-05,未勝利,0.0
9154,福島,1800,芝,良,短い,フラット,13,ウキヨノサンシロウ,7,牡,3,上里,美浦 小野,追い込み,54.0,446,0,0,0,16,276.9,16,112.7,37.6,16.0,2026-07-05,未勝利,0.0
9155,福島,1150,ダート,良,短い,フラット,10,コウソクルリアン,5,牡,3,武藤,美浦 武藤,逃げ,57.0,472,0,0,0,1,2.9,1,67.7,36.7,2.0,2026-07-05,未勝利,0.0
9155,福島,1150,ダート,良,短い,フラット,8,スピニンググローブ,4,牡,3,木幡巧,美浦 黒岩,逃げ,57.0,490,-6,0,0,8,33.1,2,68.5,37.6,1.0,2026-07-05,未勝利,0.0
9155,福島,1150,ダート,良,短い,フラット,15,シェリアドレ,8,牝,3,荻野極,美浦 奥村武,先行,55.0,480,8,0,0,3,4.6,3,68.6,36.9,6.0,2026-07-05,未勝利,0.0
9155,福島,1150,ダート,良,短い,フラット,4,エリースノー,2,牝,3,津村,美浦 武市,差し,55.0,424,-8,0,0,5,11.8,4,68.7,36.8,9.0,2026-07-05,未勝利,0.0
9155,福島,1150,ダート,良,短い,フラット,13,セイウンヤオヨロズ,7,牡,3,野中,美浦 上原博,逃げ,57.0,466,-10,0,0,4,7.1,5,68.9,37.4,4.0,2026-07-05,未勝利,0.0
9155,福島,1150,ダート,良,短い,フラット,7,フェイスリフト,4,牡,3,原,美浦 嘉藤,先行,57.0,452,-4,0,0,2,3.6,6,68.9,37.2,6.0,2026-07-05,未勝利,0.0
9155,福島,1150,ダート,良,短い,フラット,11,フジコンフィデンス,6,牝,3,石橋脩,美浦 牧,逃げ,55.0,492,10,0,0,9,35.5,7,69.0,37.8,3.0,2026-07-05,未勝利,0.0
9155,福島,1150,ダート,良,短い,フラット,2,ジーティーソレイユ,1,牝,3,石神道,美浦 千葉,先行,52.0,432,0,0,0,10,51.2,8,69.1,37.7,4.0,2026-07-05,未勝利,0.0
9155,福島,1150,ダート,良,短い,フラット,16,リアルパラダイス,8,牡,3,江田照,美浦 西田,差し,57.0,438,-14,0,0,12,169.4,9,69.7,37.3,10.0,2026-07-05,未勝利,0.0
9155,福島,1150,ダート,良,短い,フラット,1,トレフォイルノット,1,牡,3,丸山元,美浦 西田,差し,57.0,498,8,0,0,7,29.5,10,71.0,38.9,10.0,2026-07-05,未勝利,0.0
9155,福島,1150,ダート,良,短い,フラット,3,ブルーダイヤシチー,2,牡,3,上里,美浦 上原博,差し,54.0,538,0,0,0,11,143.9,11,71.0,38.4,12.0,2026-07-05,未勝利,0.0
9155,福島,1150,ダート,良,短い,フラット,5,ハクサンミレイ,3,牝,3,大野,美浦 松山,先行,55.0,456,-2,0,0,6,15.5,12,71.0,39.3,6.0,2026-07-05,未勝利,0.0
9155,福島,1150,ダート,良,短い,フラット,9,イゲマジャ,5,牡,3,柴田大,美浦 清水英,追い込み,57.0,478,0,0,0,16,390.8,13,71.0,37.8,13.0,2026-07-05,未勝利,0.0
9155,福島,1150,ダート,良,短い,フラット,14,ライヴギムレット,7,牝,3,佐藤,美浦 大和田,追い込み,52.0,476,6,0,0,13,256.4,14,71.1,37.9,13.0,2026-07-05,未勝利,0.0
9155,福島,1150,ダート,良,短い,フラット,12,ドングラミ,6,セ,3,嶋田,美浦 本間,追い込み,57.0,456,-20,0,0,14,286.4,15,71.3,38.6,13.0,2026-07-05,未勝利,0.0
9155,福島,1150,ダート,良,短い,フラット,6,エスコルチア,3,牝,3,伊藤,美浦 林,追い込み,55.0,476,14,0,0,15,371.3,16,83.3,45.6,16.0,2026-07-05,未勝利,0.0
9152,福島,1700,ダート,良,短い,フラット,6,ヴンダーバール,4,牝,3,津村,美浦 斎藤誠,逃げ,53.0,486,0,0,0,1,2.7,1,105.0,38.3,1.0,2026-07-05,未勝利,0.0
9152,福島,1700,ダート,良,短い,フラット,12,リポジノ,7,牝,4,小崎,美浦 秋本,逃げ,56.0,488,-2,0,0,8,26.0,2,106.1,39.2,2.0,2026-07-05,未勝利,0.0
9152,福島,1700,ダート,良,短い,フラット,3,ケープウィッカム,2,牝,5,戸崎圭,美浦 中舘,先行,56.0,454,-4,0,0,3,5.4,3,106.3,39.1,6.0,2026-07-05,未勝利,0.0
9152,福島,1700,ダート,良,短い,フラット,14,ブルーサーマル,8,牝,3,原,美浦 池上,逃げ,53.0,514,-12,0,0,7,23.0,4,106.8,39.6,3.0,2026-07-05,未勝利,0.0
9152,福島,1700,ダート,良,短い,フラット,9,ランスノーブル,5,牝,6,石田,美浦 上原博,差し,53.0,480,0,0,0,5,16.0,5,107.0,39.1,11.0,2026-07-05,未勝利,0.0
9152,福島,1700,ダート,良,短い,フラット,7,デルマアポロニア,4,牝,4,松岡,美浦 蛯名正,先行,56.0,484,6,0,0,6,16.9,6,107.1,40.0,3.0,2026-07-05,未勝利,0.0
9152,福島,1700,ダート,良,短い,フラット,4,フォンデネージュ,3,牝,4,木幡巧,美浦 武井,差し,56.0,532,10,0,0,10,63.1,7,107.7,40.2,9.0,2026-07-05,未勝利,0.0
9152,福島,1700,ダート,良,短い,フラット,5,グランコネクシオン,3,牝,5,菊沢,美浦 畠山,追い込み,56.0,438,-4,0,0,9,50.1,8,107.9,39.8,14.0,2026-07-05,未勝利,0.0
9152,福島,1700,ダート,良,短い,フラット,11,マタミカンサン,6,牝,4,上里,美浦 加藤士,先行,53.0,466,4,0,0,4,7.0,9,107.9,40.5,7.0,2026-07-05,未勝利,0.0
9152,福島,1700,ダート,良,短い,フラット,13,グランシャット,7,牝,4,丸山,美浦 松尾,差し,56.0,450,2,0,0,14,267.7,10,108.0,40.6,7.0,2026-07-05,未勝利,0.0
9152,福島,1700,ダート,良,短い,フラット,8,エイミームーン,5,牝,4,佐藤,美浦 矢野,差し,53.0,462,2,0,0,12,190.3,11,108.3,40.8,9.0,2026-07-05,未勝利,0.0
9152,福島,1700,ダート,良,短い,フラット,10,ベルフィーヌ,6,牝,5,丸田,美浦 堀内,追い込み,56.0,514,4,0,0,11,71.7,12,108.4,40.7,11.0,2026-07-05,未勝利,0.0
9152,福島,1700,ダート,良,短い,フラット,2,コヴェナント,2,牝,4,野中,美浦 佐藤吉,追い込み,56.0,432,-21,0,0,15,316.7,13,109.4,41.6,13.0,2026-07-05,未勝利,0.0
9152,福島,1700,ダート,良,短い,フラット,15,アスコットヴェール,8,牝,3,坂井,美浦 竹内,先行,53.0,480,2,0,0,2,3.4,14,109.6,42.8,3.0,2026-07-05,未勝利,0.0
9152,福島,1700,ダート,良,短い,フラット,1,ニコ,1,牝,4,嶋田,美浦 大和田,追い込み,56.0,410,12,0,0,13,210.8,15,109.7,41.8,14.0,2026-07-05,未勝利,0.0
9154,福島,1800,芝,良,短い,フラット,6,オックスアイ,5,牡,3,津村,栗東 清水久,逃げ,55.0,510,-2,0,0,3,5.4,1,109.1,34.5,2.0,2026-07-05,未勝利,0.0
9154,福島,1800,芝,良,短い,フラット,4,ジャグアール,4,牡,5,石橋脩,美浦 矢野,先行,58.0,464,2,0,0,5,10.2,2,109.1,34.2,4.0,2026-07-05,未勝利,0.0
9154,福島,1800,芝,良,短い,フラット,1,ミエノストロング,1,牡,3,荻野極,美浦 上原佑,先行,55.0,468,-2,0,0,1,2.0,3,109.1,34.0,5.0,2026-07-05,未勝利,0.0
9154,福島,1800,芝,良,短い,フラット,8,サンブライト,6,牝,3,横山典,美浦 鈴木慎,先行,53.0,466,0,0,0,2,4.8,4,109.4,34.6,5.0,2026-07-05,未勝利,0.0
9154,福島,1800,芝,良,短い,フラット,11,ウインイルネージュ,8,牝,4,菊沢,美浦 和田郎,差し,56.0,432,4,0,0,9,73.2,5,109.6,34.8,5.0,2026-07-05,未勝利,0.0
9154,福島,1800,芝,良,短い,フラット,3,クモヒトツナイ,3,牡,4,佐藤,美浦 加藤和,追い込み,55.0,480,0,0,0,8,28.8,6,109.7,34.4,10.0,2026-07-05,未勝利,0.0
9154,福島,1800,芝,良,短い,フラット,10,ヒラボクヒーロー,7,牡,5,上里,美浦 平岩,逃げ,55.0,482,-8,0,0,11,176.9,7,109.8,35.8,2.0,2026-07-05,未勝利,0.0
9154,福島,1800,芝,良,短い,フラット,2,カリーン,2,牝,4,丸山,美浦 蛯名正,差し,56.0,472,14,0,0,4,7.7,8,110.0,34.9,8.0,2026-07-05,未勝利,0.0
9154,福島,1800,芝,良,短い,フラット,12,ティティナ,8,牝,4,石神道,美浦 和田郎,逃げ,53.0,410,-8,0,0,6,21.9,9,110.0,35.5,1.0,2026-07-05,未勝利,0.0
9154,福島,1800,芝,良,短い,フラット,9,リネンタイリン,7,牡,3,原,美浦 平岩,追い込み,55.0,458,0,0,0,7,28.1,10,110.0,34.2,11.0,2026-07-05,未勝利,0.0
9154,福島,1800,芝,良,短い,フラット,7,タッカーバレット,6,牡,5,石田,美浦 田島,差し,55.0,486,-8,0,0,12,191.2,11,110.9,35.8,8.0,2026-07-05,未勝利,0.0
9154,福島,1800,芝,良,短い,フラット,5,サンシップ,5,牡,6,杉原,美浦 本間,追い込み,58.0,472,3,0,0,10,159.8,12,112.2,36.1,12.0,2026-07-05,未勝利,0.0
9153,福島,1200,芝,良,短い,フラット,13,カーヌスティ,7,牡,4,戸崎圭,美浦 大和田,先行,56.0,490,12,0,0,4,6.9,1,67.5,34.3,6.0,2026-07-05,2勝クラス,2.0
9153,福島,1200,芝,良,短い,フラット,11,イゾラフェリーチェ,6,牝,5,荻野極,美浦 鹿戸,逃げ,54.0,502,-4,0,0,5,7.7,2,67.8,35.1,2.0,2026-07-05,2勝クラス,2.0
9153,福島,1200,芝,良,短い,フラット,9,フェルミアーク,5,牝,3,坂井,美浦 森一,先行,52.0,460,2,0,0,1,3.3,3,68.0,35.1,5.0,2026-07-05,2勝クラス,2.0
9153,福島,1200,芝,良,短い,フラット,5,セイウンデセオ,3,牝,5,菊沢,美浦 小手川,追い込み,53.0,498,2,0,0,6,9.7,4,68.1,34.2,13.0,2026-07-05,2勝クラス,2.0
9153,福島,1200,芝,良,短い,フラット,3,ラパンチュール,2,牝,4,津村,美浦 蛯名正,先行,54.0,454,-10,0,0,2,5.8,5,68.1,34.7,7.0,2026-07-05,2勝クラス,2.0
9153,福島,1200,芝,良,短い,フラット,16,ジョウゲンノツキ,8,牝,5,松岡,栗東 牧田,差し,52.0,460,0,0,0,12,61.7,6,68.1,34.5,9.0,2026-07-05,2勝クラス,2.0
9153,福島,1200,芝,良,短い,フラット,15,ホウオウブースター,8,牡,4,丸田,美浦 高柳瑞,差し,55.0,440,-2,0,0,13,79.8,7,68.2,34.4,11.0,2026-07-05,2勝クラス,2.0
9153,福島,1200,芝,良,短い,フラット,14,マキシマムドライブ,7,牡,4,横山典,美浦 尾関,先行,56.0,544,-2,0,0,3,6.8,8,68.3,35.0,7.0,2026-07-05,2勝クラス,2.0
9153,福島,1200,芝,良,短い,フラット,10,ライクアフラワー,5,牡,6,三浦,美浦 松永康,差し,54.0,502,0,0,0,10,35.5,9,68.5,34.9,9.0,2026-07-05,2勝クラス,2.0
9153,福島,1200,芝,良,短い,フラット,4,マンウォル,2,牝,5,原,美浦 菊沢,追い込み,52.0,434,-6,0,0,11,45.0,10,68.7,34.7,15.0,2026-07-05,2勝クラス,2.0
9153,福島,1200,芝,良,短い,フラット,1,バシレイア,1,牝,4,武藤,美浦 西田,追い込み,53.0,456,6,0,0,8,19.5,11,68.8,34.9,15.0,2026-07-05,2勝クラス,2.0
9153,福島,1200,芝,良,短い,フラット,12,ヴェナートル,6,牡,4,木幡巧,美浦 武藤,逃げ,54.0,494,-4,0,0,9,23.2,12,68.8,36.1,4.0,2026-07-05,2勝クラス,2.0
9153,福島,1200,芝,良,短い,フラット,2,ジャガード,1,牡,8,吉田豊,美浦 和田雄,差し,52.0,420,-4,0,0,16,139.0,13,68.9,35.0,11.0,2026-07-05,2勝クラス,2.0
9153,福島,1200,芝,良,短い,フラット,7,フェデルミエール,4,牝,4,石田,美浦 中川,追い込み,51.0,500,-2,0,0,14,100.1,14,69.2,35.5,13.0,2026-07-05,2勝クラス,2.0
9153,福島,1200,芝,良,短い,フラット,8,エリカカリーナ,4,牝,5,丸山元,美浦 宮田,逃げ,54.0,432,2,0,0,7,15.8,15,69.5,36.9,2.0,2026-07-05,2勝クラス,2.0
9153,福島,1200,芝,良,短い,フラット,6,ゼンダンタカ,3,牝,4,上里,美浦 中舘,逃げ,50.0,458,14,0,0,15,127.5,16,69.6,37.0,1.0,2026-07-05,2勝クラス,2.0
9154,福島,1800,芝,良,短い,フラット,5,ベストミーエヴァー,5,牝,5,戸崎圭,美浦 森一,逃げ,56.0,524,-8,0,0,1,1.3,1,107.4,35.0,2.0,2026-07-05,2勝クラス,2.0
9154,福島,1800,芝,良,短い,フラット,1,ワザモノ,1,牡,8,菊沢,美浦 尾関,先行,58.0,488,-8,0,0,4,13.6,2,107.6,34.7,4.0,2026-07-05,2勝クラス,2.0
9154,福島,1800,芝,良,短い,フラット,4,ペッレグリーニ,4,セ,5,木幡巧,美浦 手塚久,逃げ,58.0,442,-10,0,0,5,18.4,3,107.8,35.2,3.0,2026-07-05,2勝クラス,2.0
9154,福島,1800,芝,良,短い,フラット,8,シャイニースイフト,6,牡,6,吉田豊,美浦 菊川,逃げ,58.0,432,-4,0,0,9,49.7,4,108.0,35.7,1.0,2026-07-05,2勝クラス,2.0
9154,福島,1800,芝,良,短い,フラット,11,グランカンタンテ,8,牝,5,荻野極,美浦 鹿戸,先行,56.0,446,4,0,0,2,7.8,5,108.2,35.1,6.0,2026-07-05,2勝クラス,2.0
9154,福島,1800,芝,良,短い,フラット,2,マイネルフォルツァ,2,牡,6,津村,美浦 金成,差し,58.0,518,-6,0,0,3,11.3,6,108.6,35.1,8.0,2026-07-05,2勝クラス,2.0
9154,福島,1800,芝,良,短い,フラット,9,バセリーナ,7,牡,4,野中,美浦 松山,差し,58.0,464,-6,0,0,8,21.2,7,108.6,35.3,8.0,2026-07-05,2勝クラス,2.0
9154,福島,1800,芝,良,短い,フラット,3,ロゼル,3,牡,6,丸山,美浦 大和田,差し,58.0,480,-12,0,0,10,100.8,8,108.9,36.2,7.0,2026-07-05,2勝クラス,2.0
9154,福島,1800,芝,良,短い,フラット,12,ビッグデイメイク,8,牝,4,柴田大,美浦 和田雄,追い込み,56.0,430,2,0,0,12,310.4,9,109.2,35.7,10.0,2026-07-05,2勝クラス,2.0
9154,福島,1800,芝,良,短い,フラット,10,リアンベーレ,7,セ,4,嶋田,美浦 手塚久,追い込み,58.0,490,-8,0,0,7,19.4,10,109.3,35.4,11.0,2026-07-05,2勝クラス,2.0
9154,福島,1800,芝,良,短い,フラット,7,レッドダンルース,6,牡,6,小崎,栗東 福永,先行,58.0,476,12,0,0,6,19.0,11,109.4,36.8,4.0,2026-07-05,2勝クラス,2.0
9154,福島,1800,芝,良,短い,フラット,6,ヨシヒロ,5,牡,4,木幡育,美浦 松永康,追い込み,58.0,494,-9,0,0,11,175.4,12,109.5,35.6,11.0,2026-07-05,2勝クラス,2.0
9152,福島,1700,ダート,良,短い,フラット,7,ストレングス,4,牡,5,小崎,栗東 寺島,逃げ,55.0,472,2,0,0,6,9.7,1,103.8,38.3,1.0,2026-07-05,オープン,4.0
9152,福島,1700,ダート,良,短い,フラット,8,ミッキーヌチバナ,5,牡,8,戸崎圭,栗東 高橋亮,逃げ,58.0,516,2,0,0,5,9.4,2,104.0,38.0,3.0,2026-07-05,オープン,4.0
9152,福島,1700,ダート,良,短い,フラット,1,メリークリスマス,1,牡,4,三浦,美浦 小手川,先行,56.0,508,4,0,0,2,4.0,3,104.1,37.7,5.0,2026-07-05,オープン,4.0
9152,福島,1700,ダート,良,短い,フラット,12,シゲルショウグン,7,牡,6,石橋脩,栗東 大橋,逃げ,58.0,518,-12,0,0,3,5.6,4,104.1,38.6,2.0,2026-07-05,オープン,4.0
9152,福島,1700,ダート,良,短い,フラット,15,ハビレ,8,牡,5,北村友,美浦 武井,先行,56.0,510,-10,0,0,7,14.5,5,104.3,37.3,7.0,2026-07-05,オープン,4.0
9152,福島,1700,ダート,良,短い,フラット,6,ニシキギミッチー,4,牡,6,津村,美浦 鈴木伸,差し,56.0,498,-4,0,0,8,28.7,6,104.4,37.6,7.0,2026-07-05,オープン,4.0
9152,福島,1700,ダート,良,短い,フラット,11,ショウナンライシン,6,牡,6,木幡巧,美浦 大竹,差し,56.0,500,-2,0,0,10,30.3,7,104.4,37.4,10.0,2026-07-05,オープン,4.0
9152,福島,1700,ダート,良,短い,フラット,2,カンピオーネ,2,牡,7,菊沢,美浦 栗田,先行,55.0,514,-2,0,0,9,29.0,8,104.5,37.9,6.0,2026-07-05,オープン,4.0
9152,福島,1700,ダート,良,短い,フラット,9,ロジアデレード,5,牡,5,坂井,美浦 稲垣,先行,56.0,498,-4,0,0,1,3.9,9,104.6,38.7,3.0,2026-07-05,オープン,4.0
9152,福島,1700,ダート,良,短い,フラット,5,ポッドロゴ,3,牡,5,荻野極,栗東 西園翔,差し,57.0,472,-8,0,0,4,8.6,10,104.7,37.9,10.0,2026-07-05,オープン,4.0
9152,福島,1700,ダート,良,短い,フラット,13,サンマルパトロール,7,牡,6,柴田大,栗東 大橋,追い込み,54.0,490,2,0,0,15,235.2,11,105.2,37.6,14.0,2026-07-05,オープン,4.0
9152,福島,1700,ダート,良,短い,フラット,4,ベルウェザー,3,牡,5,原,栗東 茶木,追い込み,55.0,488,-6,0,0,11,30.3,12,105.3,38.3,13.0,2026-07-05,オープン,4.0
9152,福島,1700,ダート,良,短い,フラット,14,ピースオブザライフ,8,牝,6,武藤,栗東 野中,追い込み,51.0,464,-14,0,0,14,133.4,13,105.9,38.1,14.0,2026-07-05,オープン,4.0
9152,福島,1700,ダート,良,短い,フラット,10,ルージュアベリア,6,牝,5,大野,美浦 加藤士,差し,53.0,484,-4,0,0,12,39.9,14,106.2,39.6,7.0,2026-07-05,オープン,4.0
9152,福島,1700,ダート,良,短い,フラット,3,サクラトップリアル,2,牡,5,杉原,美浦 中舘,追い込み,56.0,514,-12,0,0,13,109.3,15,107.3,40.5,12.0,2026-07-05,オープン,4.0
9155,福島,1150,ダート,良,短い,フラット,8,モーゲンセン,5,牡,3,戸崎圭,美浦 斎藤誠,逃げ,55.0,518,2,0,0,7,12.9,1,68.4,37.1,2.0,2026-07-05,未勝利,0.0
9155,福島,1150,ダート,良,短い,フラット,5,トモジャオーリー,3,牝,3,津村,美浦 鈴木伸,先行,53.0,434,-8,0,0,1,4.2,2,68.5,37.0,5.0,2026-07-05,未勝利,0.0
9155,福島,1150,ダート,良,短い,フラット,13,ゼファーテソーロ,7,牡,3,菊沢,美浦 栗田,逃げ,55.0,484,-6,0,0,6,12.4,3,68.7,37.3,3.0,2026-07-05,未勝利,0.0
9155,福島,1150,ダート,良,短い,フラット,6,キングクレオール,4,牡,5,大野,美浦 和田雄,差し,58.0,466,0,0,0,15,343.1,4,68.7,36.5,9.0,2026-07-05,未勝利,0.0
9155,福島,1150,ダート,良,短い,フラット,12,レインボーラッキー,7,牝,4,小林脩,美浦 斎藤誠,差し,56.0,444,4,0,0,10,43.7,5,69.0,36.6,11.0,2026-07-05,未勝利,0.0
9155,福島,1150,ダート,良,短い,フラット,3,ヴァイオスペース,2,牡,3,原,美浦 黒岩,差し,55.0,454,0,0,0,11,51.2,6,69.2,37.1,9.0,2026-07-05,未勝利,0.0
9155,福島,1150,ダート,良,短い,フラット,7,リバージュエル,4,牝,3,上里,美浦 高柳瑞,逃げ,50.0,428,-2,0,0,14,183.8,7,69.3,38.1,1.0,2026-07-05,未勝利,0.0
9155,福島,1150,ダート,良,短い,フラット,2,ヨドノティアラ,2,牝,3,石田,美浦 矢嶋,追い込み,50.0,430,-10,0,0,5,8.1,8,69.4,36.8,12.0,2026-07-05,未勝利,0.0
9155,福島,1150,ダート,良,短い,フラット,1,ピコレッド,1,牡,4,木幡巧,美浦 牧,追い込み,58.0,532,-8,0,0,2,4.5,9,69.4,36.8,14.0,2026-07-05,未勝利,0.0
9155,福島,1150,ダート,良,短い,フラット,4,カンレイスター,3,牝,3,荻野極,美浦 矢野,先行,53.0,438,-2,0,0,4,6.5,10,69.5,38.0,7.0,2026-07-05,未勝利,0.0
9155,福島,1150,ダート,良,短い,フラット,10,スカイダイバー,6,牝,4,小崎,美浦 秋本,差し,56.0,472,8,0,0,9,38.0,11,69.7,38.1,8.0,2026-07-05,未勝利,0.0
9155,福島,1150,ダート,良,短い,フラット,11,プレザントトーン,6,牝,3,佐藤,美浦 秋本,追い込み,50.0,480,19,0,0,12,165.5,12,69.7,36.5,15.0,2026-07-05,未勝利,0.0
9155,福島,1150,ダート,良,短い,フラット,15,ランドスター,8,牡,3,丸田,美浦 柄崎,先行,55.0,500,0,0,0,3,4.9,13,69.8,38.3,5.0,2026-07-05,未勝利,0.0
9155,福島,1150,ダート,良,短い,フラット,14,アースミューズ,8,牝,4,松岡,美浦 粕谷,追い込み,56.0,452,2,0,0,8,14.5,14,70.9,38.6,12.0,2026-07-05,未勝利,0.0
9155,福島,1150,ダート,良,短い,フラット,9,ノーブルオリンポス,5,セ,4,武藤,美浦 武藤,先行,58.0,446,6,0,0,13,167.6,15,71.4,40.0,3.0,2026-07-05,未勝利,0.0
9156,小倉,2000,芝,重,短い,フラット,5,アオイハルカ,3,牝,3,今村,栗東 大久保,差し,53.0,426,0,0,0,8,39.3,1,121.9,36.3,12.0,2026-07-05,未勝利,0.0
9156,小倉,2000,芝,重,短い,フラット,12,ベルトナリテ,6,牝,3,田口,栗東 辻野,先行,55.0,424,8,0,0,16,160.9,2,122.2,36.6,5.0,2026-07-05,未勝利,0.0
9156,小倉,2000,芝,重,短い,フラット,6,タイセイアビオン,3,牝,3,団野,栗東 浜田,逃げ,55.0,426,-10,0,0,9,43.7,3,122.3,37.4,4.0,2026-07-05,未勝利,0.0
9156,小倉,2000,芝,重,短い,フラット,4,ウィスカーパッド,2,牝,3,高杉,栗東 藤岡健,逃げ,55.0,438,-6,0,0,3,4.5,4,122.5,37.9,1.0,2026-07-05,未勝利,0.0
9156,小倉,2000,芝,重,短い,フラット,8,クラリノ,4,牝,3,富田,栗東 武英,先行,55.0,422,0,0,0,14,118.2,5,122.6,37.5,5.0,2026-07-05,未勝利,0.0
9156,小倉,2000,芝,重,短い,フラット,3,サンタカタリナ,2,牝,3,コレッ,栗東 杉山晴,先行,55.0,458,-4,0,0,6,18.7,6,122.7,37.1,9.0,2026-07-05,未勝利,0.0
9156,小倉,2000,芝,重,短い,フラット,7,リボンインザスカイ,4,牝,3,菱田,栗東 安田,逃げ,55.0,478,-2,0,0,5,12.5,7,122.9,38.3,2.0,2026-07-05,未勝利,0.0
9156,小倉,2000,芝,重,短い,フラット,17,ティタノマキア,8,牝,3,西村淳,栗東 池添,逃げ,55.0,470,-4,0,0,2,4.1,8,123.2,38.6,2.0,2026-07-05,未勝利,0.0
9156,小倉,2000,芝,重,短い,フラット,18,ノヴァレジーナ,8,牝,3,永島,栗東 中尾,先行,53.0,452,0,0,0,13,72.9,9,123.2,37.8,8.0,2026-07-05,未勝利,0.0
9156,小倉,2000,芝,重,短い,フラット,11,メイショウコハル,6,牝,3,田山,栗東 四位,差し,53.0,426,-8,0,0,4,7.9,10,123.3,37.6,9.0,2026-07-05,未勝利,0.0
9156,小倉,2000,芝,重,短い,フラット,14,トライアンドエラー,7,牝,3,川須,栗東 加藤公,先行,55.0,488,0,0,0,15,124.1,11,123.8,38.7,5.0,2026-07-05,未勝利,0.0
9156,小倉,2000,芝,重,短い,フラット,10,オーマイラッキーン,5,牝,3,酒井,栗東 高橋康,差し,55.0,484,0,0,0,7,22.0,12,124.0,39.0,9.0,2026-07-05,未勝利,0.0
9156,小倉,2000,芝,重,短い,フラット,1,グランブーケ,1,牝,3,石川,栗東 福永,追い込み,55.0,438,0,0,0,12,62.0,13,124.2,38.3,17.0,2026-07-05,未勝利,0.0
9156,小倉,2000,芝,重,短い,フラット,15,ゴッドアミーラ,7,牝,3,角田和,栗東 角田,差し,55.0,474,0,0,0,10,47.4,14,124.6,38.7,13.0,2026-07-05,未勝利,0.0
9156,小倉,2000,芝,重,短い,フラット,2,ケンブリッジグレイ,1,牝,3,森田,栗東 渡辺,追い込み,52.0,452,-6,0,0,11,58.2,15,124.9,39.3,15.0,2026-07-05,未勝利,0.0
9156,小倉,2000,芝,重,短い,フラット,13,ノクスカンパーナ,7,牝,3,松若,栗東 吉岡,追い込み,55.0,484,8,0,0,17,173.9,16,125.1,39.7,13.0,2026-07-05,未勝利,0.0
9156,小倉,2000,芝,重,短い,フラット,9,メイプルキュート,5,牝,3,亀田,栗東 北出,追い込み,55.0,430,0,0,0,18,197.6,17,126.8,41.3,16.0,2026-07-05,未勝利,0.0
9156,小倉,2000,芝,重,短い,フラット,16,カトマンズゴールド,8,牝,3,松山,栗東 宮本,追い込み,55.0,458,-2,0,0,1,2.9,99,,,18.0,2026-07-05,未勝利,0.0
9157,小倉,1000,ダート,不良,短い,フラット,6,リトセア,4,牝,3,松山,栗東 浜田,逃げ,55.0,458,4,0,0,5,12.2,1,57.9,35.5,1.0,2026-07-05,未勝利,0.0
9157,小倉,1000,ダート,不良,短い,フラット,5,メイワキラリ,4,牡,3,鮫島良,栗東 河嶋,逃げ,57.0,468,2,0,0,6,13.1,2,58.1,35.5,2.0,2026-07-05,未勝利,0.0
9157,小倉,1000,ダート,不良,短い,フラット,4,モズタイシソウシ,3,牡,3,藤懸,栗東 平田,先行,57.0,462,-4,0,0,3,8.7,3,58.3,35.2,6.0,2026-07-05,未勝利,0.0
9157,小倉,1000,ダート,不良,短い,フラット,8,サトノロザリー,5,牝,3,森田,栗東 斉藤崇,逃げ,52.0,484,4,0,0,1,1.9,4,58.3,35.8,2.0,2026-07-05,未勝利,0.0
9157,小倉,1000,ダート,不良,短い,フラット,2,ショウナンタマユラ,2,牝,3,松若,栗東 梅田,差し,55.0,460,-10,0,0,4,10.1,5,58.4,35.0,8.0,2026-07-05,未勝利,0.0
9157,小倉,1000,ダート,不良,短い,フラット,12,アルミラージ,7,牝,3,川端,栗東 小林,先行,52.0,472,14,0,0,9,29.9,6,58.8,36.0,4.0,2026-07-05,未勝利,0.0
9157,小倉,1000,ダート,不良,短い,フラット,1,トモジャカトゥーラ,1,牝,3,国分優,栗東 大根田,差し,55.0,484,-2,0,0,13,219.0,7,59.3,35.5,9.0,2026-07-05,未勝利,0.0
9157,小倉,1000,ダート,不良,短い,フラット,7,スターペスアンナ,5,牝,3,太宰,栗東 石橋,追い込み,55.0,424,12,0,0,14,222.3,8,59.4,35.5,13.0,2026-07-05,未勝利,0.0
9157,小倉,1000,ダート,不良,短い,フラット,11,ナツノオジョウサマ,7,牝,3,加藤,栗東 小椋,先行,55.0,454,-2,0,0,10,42.8,9,59.6,36.9,4.0,2026-07-05,未勝利,0.0
9157,小倉,1000,ダート,不良,短い,フラット,10,タマモビスケット,6,牝,3,柴田裕,栗東 中竹,先行,53.0,476,6,0,0,8,25.7,10,59.7,36.8,6.0,2026-07-05,未勝利,0.0
9157,小倉,1000,ダート,不良,短い,フラット,14,ファイアプレイス,8,牝,3,角田和,栗東 小林,追い込み,55.0,426,-4,0,0,2,5.3,11,59.9,36.3,12.0,2026-07-05,未勝利,0.0
9157,小倉,1000,ダート,不良,短い,フラット,13,ロードフリューゲル,8,牡,3,富田,栗東 上村,差し,57.0,474,0,0,0,7,18.9,12,60.0,36.8,9.0,2026-07-05,未勝利,0.0
9157,小倉,1000,ダート,不良,短い,フラット,9,ナムラステラ,6,牝,3,団野,栗東 荒川,追い込み,55.0,468,2,0,0,12,159.0,13,60.3,36.9,11.0,2026-07-05,未勝利,0.0
9157,小倉,1000,ダート,不良,短い,フラット,3,モズナツノジン,3,牡,3,田口,栗東 畑端,追い込み,57.0,486,-10,0,0,11,132.9,14,62.1,38.2,13.0,2026-07-05,未勝利,0.0
9052,小倉,1200,芝,重,短い,フラット,1,ドラムメジャー,1,牝,3,松山,栗東 東田,逃げ,55.0,482,-4,0,0,2,4.5,1,69.7,36.6,1.0,2026-07-05,未勝利,0.0
9052,小倉,1200,芝,重,短い,フラット,13,ホッコームジカ,7,牝,3,幸,栗東 飯田,差し,55.0,426,-10,0,0,8,35.8,2,70.1,35.4,12.0,2026-07-05,未勝利,0.0
9052,小倉,1200,芝,重,短い,フラット,7,トウカイジーク,4,牡,3,今村,栗東 野中,先行,55.0,434,-8,0,0,3,6.2,3,70.2,35.9,7.0,2026-07-05,未勝利,0.0
9052,小倉,1200,芝,重,短い,フラット,12,ケイアイブラック,6,牡,3,藤懸,栗東 梅田,差し,57.0,474,2,0,0,5,15.7,4,70.3,35.9,10.0,2026-07-05,未勝利,0.0
9052,小倉,1200,芝,重,短い,フラット,6,メイショウジーニー,3,牝,3,柴田裕,栗東 秋山,逃げ,53.0,396,-4,0,0,14,121.4,5,70.3,36.6,3.0,2026-07-05,未勝利,0.0
9052,小倉,1200,芝,重,短い,フラット,8,ファイティンアスク,4,牝,3,中井,栗東 中内田,追い込み,55.0,444,0,0,0,6,16.6,6,70.4,35.4,13.0,2026-07-05,未勝利,0.0
9052,小倉,1200,芝,重,短い,フラット,16,ベルフィーノ,8,牝,3,永島,栗東 宮本,逃げ,53.0,444,0,0,0,9,39.0,7,70.5,36.6,4.0,2026-07-05,未勝利,0.0
9052,小倉,1200,芝,重,短い,フラット,4,キャンディーズ,2,牝,3,田口,栗東 四位,先行,55.0,400,4,0,0,13,98.7,8,70.7,36.4,7.0,2026-07-05,未勝利,0.0
9052,小倉,1200,芝,重,短い,フラット,15,グロリアスニケ,8,牝,3,松若,栗東 千田,先行,55.0,428,2,0,0,15,151.4,9,70.8,36.7,5.0,2026-07-05,未勝利,0.0
9052,小倉,1200,芝,重,短い,フラット,2,タワーオブバベル,1,牡,3,田山,栗東 坂口,差し,55.0,510,-2,0,0,4,8.6,10,70.8,36.3,10.0,2026-07-05,未勝利,0.0
9052,小倉,1200,芝,重,短い,フラット,5,ファーストアタック,3,牡,3,高杉,栗東 緒方,追い込み,57.0,432,4,0,0,7,16.9,11,70.8,36.2,13.0,2026-07-05,未勝利,0.0
9052,小倉,1200,芝,重,短い,フラット,11,ルルハート,6,牝,3,加藤,栗東 庄野,差し,55.0,434,2,0,0,10,53.8,12,70.9,36.6,7.0,2026-07-05,未勝利,0.0
9052,小倉,1200,芝,重,短い,フラット,3,サウンドヴィヴァン,2,牡,3,森田,栗東 斉藤崇,逃げ,54.0,446,0,0,0,11,58.5,13,71.1,37.6,2.0,2026-07-05,未勝利,0.0
9052,小倉,1200,芝,重,短い,フラット,10,アッセクシー,5,牝,3,川端,栗東 庄野,追い込み,52.0,412,12,0,0,16,177.3,14,71.1,36.2,15.0,2026-07-05,未勝利,0.0
9052,小倉,1200,芝,重,短い,フラット,9,ナムラオットー,5,牡,3,城戸,栗東 荒川,追い込み,57.0,460,16,0,0,12,70.2,15,71.4,36.7,16.0,2026-07-05,未勝利,0.0
9052,小倉,1200,芝,重,短い,フラット,14,パトローナス,7,セ,3,川田,栗東 高橋亮,先行,57.0,470,2,0,0,1,2.2,16,73.5,39.4,5.0,2026-07-05,未勝利,0.0
9156,小倉,2000,芝,重,短い,フラット,3,サトノアイボリー,3,牡,3,コレッ,栗東 杉山晴,逃げ,55.0,486,-2,0,0,4,6.3,1,121.0,35.6,2.0,2026-07-05,未勝利,0.0
9156,小倉,2000,芝,重,短い,フラット,9,ビヨンドザドリーム,8,牡,6,国分優,栗東 小椋,逃げ,58.0,440,-4,0,0,7,25.8,2,121.1,36.6,1.0,2026-07-05,未勝利,0.0
9156,小倉,2000,芝,重,短い,フラット,5,ワンダフルボンド,5,牡,3,川田,栗東 友道,先行,55.0,490,10,0,0,1,2.7,3,121.8,36.4,2.0,2026-07-05,未勝利,0.0
9156,小倉,2000,芝,重,短い,フラット,10,ヨカオウ,8,牡,3,田山,栗東 谷,先行,53.0,466,-2,0,0,2,3.8,4,122.4,37.1,2.0,2026-07-05,未勝利,0.0
9156,小倉,2000,芝,重,短い,フラット,6,クラウディアイ,6,牡,4,西村淳,栗東 橋口,先行,58.0,438,-4,0,0,5,7.0,5,122.6,37.1,5.0,2026-07-05,未勝利,0.0
9156,小倉,2000,芝,重,短い,フラット,1,シンドリームシン,1,牡,5,高杉,栗東 武幸,追い込み,58.0,492,-10,0,0,3,5.3,6,122.7,36.1,8.0,2026-07-05,未勝利,0.0
9156,小倉,2000,芝,重,短い,フラット,7,レイデラティエラ,7,牡,4,松若,栗東 小崎,差し,58.0,474,4,0,0,8,41.4,7,122.7,37.3,7.0,2026-07-05,未勝利,0.0
9156,小倉,2000,芝,重,短い,フラット,8,オモイヲノセテ,7,牝,3,幸,栗東 高橋忠,差し,53.0,458,-2,0,0,6,14.4,8,122.8,37.2,6.0,2026-07-05,未勝利,0.0
9156,小倉,2000,芝,重,短い,フラット,4,ラマヌジャン,4,牡,4,森田,栗東 宮地,追い込み,55.0,500,0,0,0,9,92.9,9,123.5,37.6,8.0,2026-07-05,未勝利,0.0
9156,小倉,2000,芝,重,短い,フラット,2,アスタールテニウム,2,牡,5,富田,栗東 橋田,追い込み,58.0,514,6,0,0,10,221.2,10,125.2,39.3,10.0,2026-07-05,未勝利,0.0
9158,小倉,1800,芝,重,短い,フラット,5,アクロフェイズ,5,牡,3,西村淳,栗東 奥村豊,逃げ,55.0,482,6,0,0,1,1.7,1,108.7,36.3,2.0,2026-07-05,1勝クラス,1.0
9158,小倉,1800,芝,重,短い,フラット,2,ダークマルス,2,セ,3,川田,栗東 杉山晴,逃げ,55.0,462,-2,0,0,2,2.6,2,109.2,37.0,1.0,2026-07-05,1勝クラス,1.0
9158,小倉,1800,芝,重,短い,フラット,6,ムスクレスト,6,牡,3,松山,栗東 安田,差し,55.0,470,2,0,0,3,5.7,3,109.5,36.8,5.0,2026-07-05,1勝クラス,1.0
9158,小倉,1800,芝,重,短い,フラット,8,ハレアカラフラ,8,牝,6,松若,栗東 吉田,先行,56.0,468,16,0,0,6,30.2,4,109.8,37.3,4.0,2026-07-05,1勝クラス,1.0
9158,小倉,1800,芝,重,短い,フラット,7,ウィテカービート,7,牡,4,富田,栗東 昆,先行,58.0,510,0,0,0,7,61.8,5,110.7,38.3,2.0,2026-07-05,1勝クラス,1.0
9158,小倉,1800,芝,重,短い,フラット,1,ナスノソナタ,1,牡,4,水沼,美浦 武井,差し,58.0,490,0,0,0,8,149.3,6,110.7,37.7,6.0,2026-07-05,1勝クラス,1.0
9158,小倉,1800,芝,重,短い,フラット,4,サトノブリジャール,4,セ,4,西塚,栗東 友道,追い込み,58.0,454,-20,0,0,5,29.5,7,112.5,39.7,6.0,2026-07-05,1勝クラス,1.0
9158,小倉,1800,芝,重,短い,フラット,3,レッドシュテルン,3,セ,4,団野,栗東 高橋一,追い込み,58.0,492,-4,0,0,4,25.1,99,,,6.0,2026-07-05,1勝クラス,1.0
9159,小倉,1700,ダート,不良,短い,フラット,9,マジックローズ,5,牝,4,西村淳,栗東 中内田,逃げ,56.0,450,6,0,0,1,3.1,1,102.2,35.2,1.0,2026-07-05,2勝クラス,2.0
9159,小倉,1700,ダート,不良,短い,フラット,14,タマモナポリ,7,牝,5,酒井,栗東 河嶋,逃げ,56.0,468,-2,0,0,12,58.1,2,103.1,36.0,2.0,2026-07-05,2勝クラス,2.0
9159,小倉,1700,ダート,不良,短い,フラット,13,ワイノナオミ,7,牝,5,国分優,栗東 畑端,先行,56.0,472,8,0,0,10,31.5,3,103.2,35.5,5.0,2026-07-05,2勝クラス,2.0
9159,小倉,1700,ダート,不良,短い,フラット,2,ホウショウマリス,1,牝,4,幸,栗東 井上,逃げ,56.0,464,16,0,0,3,4.9,4,103.2,36.0,2.0,2026-07-05,2勝クラス,2.0
9159,小倉,1700,ダート,不良,短い,フラット,1,プウスカンドゥール,1,牝,6,中井,栗東 坂口,差し,56.0,462,-2,0,0,11,55.9,5,103.7,35.5,11.0,2026-07-05,2勝クラス,2.0
9159,小倉,1700,ダート,不良,短い,フラット,4,タマモジャスミン,2,牝,4,田口,栗東 大橋,逃げ,56.0,510,14,0,0,7,14.5,6,103.8,36.3,4.0,2026-07-05,2勝クラス,2.0
9159,小倉,1700,ダート,不良,短い,フラット,5,ノボリクレバー,3,牝,6,高杉,栗東 石橋,先行,56.0,502,-4,0,0,4,9.6,7,104.0,36.5,6.0,2026-07-05,2勝クラス,2.0
9159,小倉,1700,ダート,不良,短い,フラット,12,シュヴァルツリーベ,6,牝,6,藤懸,栗東 羽月,追い込み,56.0,466,6,0,0,14,112.0,8,104.1,35.9,15.0,2026-07-05,2勝クラス,2.0
9159,小倉,1700,ダート,不良,短い,フラット,3,ユウェンタース,2,牝,4,団野,栗東 宮,差し,56.0,482,-8,0,0,8,25.8,9,104.6,36.9,10.0,2026-07-05,2勝クラス,2.0
9159,小倉,1700,ダート,不良,短い,フラット,8,ジャルディニエ,4,牝,4,吉村,栗東 奥村豊,追い込み,56.0,458,14,0,0,9,26.2,10,104.8,36.9,13.0,2026-07-05,2勝クラス,2.0
9159,小倉,1700,ダート,不良,短い,フラット,15,フローラルセント,8,牝,5,菱田,栗東 松下,先行,56.0,466,-2,0,0,16,186.8,11,105.0,37.5,6.0,2026-07-05,2勝クラス,2.0
9159,小倉,1700,ダート,不良,短い,フラット,7,フィドルファドル,4,牝,4,松山,栗東 矢作,先行,56.0,472,-4,0,0,2,4.5,12,105.0,37.4,6.0,2026-07-05,2勝クラス,2.0
9159,小倉,1700,ダート,不良,短い,フラット,6,メイショウリリー,3,牝,5,Ｍデム,栗東 高橋忠,差し,56.0,442,0,0,0,6,13.5,13,105.0,37.3,11.0,2026-07-05,2勝クラス,2.0
9159,小倉,1700,ダート,不良,短い,フラット,11,ファミリーツリー,6,牝,5,松若,栗東 河嶋,追い込み,56.0,468,4,0,0,13,77.8,14,105.5,36.9,16.0,2026-07-05,2勝クラス,2.0
9159,小倉,1700,ダート,不良,短い,フラット,16,カロローザ,8,牝,4,亀田,栗東 松永幹,追い込み,56.0,478,12,0,0,5,11.6,15,106.0,38.0,13.0,2026-07-05,2勝クラス,2.0
9159,小倉,1700,ダート,不良,短い,フラット,10,ツーピース,5,牝,4,川須,栗東 河嶋,差し,56.0,522,6,0,0,15,181.6,16,107.3,40.0,6.0,2026-07-05,2勝クラス,2.0
9052,小倉,1200,芝,重,短い,フラット,12,フリッカージャブ,8,牡,4,松山,栗東 西園翔,逃げ,57.5,508,-2,0,0,1,3.0,1,68.0,34.8,1.0,2026-07-05,G3,5.0
9052,小倉,1200,芝,重,短い,フラット,2,ジェニファー,2,牝,5,田山,栗東 浜田,逃げ,50.0,466,0,0,0,9,18.8,2,68.0,34.6,2.0,2026-07-05,G3,5.0
9052,小倉,1200,芝,重,短い,フラット,9,ヨシノイースター,6,牡,8,田辺,栗東 中尾,先行,58.0,486,-10,0,0,4,8.5,3,68.1,34.5,4.0,2026-07-05,G3,5.0
9052,小倉,1200,芝,重,短い,フラット,13,イツモニコニコ,8,牝,5,藤懸,栗東 浜田,差し,53.0,504,6,0,0,12,35.5,4,68.4,34.5,8.0,2026-07-05,G3,5.0
9052,小倉,1200,芝,重,短い,フラット,5,アブキールベイ,4,牝,4,西村淳,栗東 坂口,追い込み,55.5,430,-12,0,0,6,14.3,5,68.6,34.5,10.0,2026-07-05,G3,5.0
9052,小倉,1200,芝,重,短い,フラット,10,サウンドモリアーナ,7,牝,4,吉村,栗東 武英,逃げ,55.0,450,2,0,0,8,18.2,6,68.6,35.2,2.0,2026-07-05,G3,5.0
9052,小倉,1200,芝,重,短い,フラット,4,アンクルクロス,4,牡,5,松若,栗東 高橋亮,追い込み,56.0,478,2,0,0,3,8.1,7,68.6,34.4,10.0,2026-07-05,G3,5.0
9052,小倉,1200,芝,重,短い,フラット,1,ランフォーヴァウ,1,牝,4,石川,栗東 福永,差し,54.0,458,12,0,0,10,25.7,8,68.9,35.1,8.0,2026-07-05,G3,5.0
9052,小倉,1200,芝,重,短い,フラット,11,ヤマニンアルリフラ,7,牡,5,団野,栗東 斉藤崇,追い込み,57.5,504,9,0,0,5,11.4,9,69.0,34.7,12.0,2026-07-05,G3,5.0
9052,小倉,1200,芝,重,短い,フラット,7,デアヴェローチェ,5,牝,3,川田,栗東 上村,追い込み,53.0,464,6,0,0,2,4.2,10,69.0,34.5,13.0,2026-07-05,G3,5.0
9052,小倉,1200,芝,重,短い,フラット,6,オタルエバー,5,牡,7,角田和,栗東 中竹,差し,56.0,500,-4,0,0,11,29.5,11,69.6,36.0,7.0,2026-07-05,G3,5.0
9052,小倉,1200,芝,重,短い,フラット,3,プロトポロス,3,牡,6,幸,栗東 西村,先行,53.0,492,0,0,0,13,47.3,12,70.1,36.8,4.0,2026-07-05,G3,5.0
9052,小倉,1200,芝,重,短い,フラット,8,アメリカンビキニ,6,牝,4,酒井,栗東 斉藤崇,先行,51.0,512,-6,0,0,7,15.2,13,73.2,40.1,4.0,2026-07-05,G3,5.0
9159,小倉,1700,ダート,不良,短い,フラット,10,システマソラー,5,牡,3,川田,栗東 橋田,逃げ,55.0,518,-2,0,0,1,1.7,1,102.4,36.5,4.0,2026-07-05,未勝利,0.0
9159,小倉,1700,ダート,不良,短い,フラット,2,サイモンゼスト,1,牡,3,酒井,栗東 谷,逃げ,55.0,498,-4,0,0,6,21.5,2,102.8,37.7,1.0,2026-07-05,未勝利,0.0
9159,小倉,1700,ダート,不良,短い,フラット,15,ゲタリア,8,牡,3,コレッ,栗東 杉山晴,逃げ,55.0,528,-20,0,0,5,14.2,3,102.8,37.5,2.0,2026-07-05,未勝利,0.0
9159,小倉,1700,ダート,不良,短い,フラット,4,リヒトミューレ,2,牡,3,西村淳,栗東 中村,逃げ,55.0,504,-6,0,0,3,7.6,4,102.9,37.3,3.0,2026-07-05,未勝利,0.0
9159,小倉,1700,ダート,不良,短い,フラット,1,ケンフィールド,1,牡,3,幸,栗東 大根田,先行,55.0,488,12,0,0,4,10.3,5,103.9,38.5,4.0,2026-07-05,未勝利,0.0
9159,小倉,1700,ダート,不良,短い,フラット,5,テイクイットオール,3,牡,4,柴田裕,栗東 中竹,先行,56.0,456,-14,0,0,11,87.2,6,104.2,38.3,6.0,2026-07-05,未勝利,0.0
9159,小倉,1700,ダート,不良,短い,フラット,8,タイセイジェイド,4,牡,3,松山,栗東 矢作,先行,55.0,492,8,0,0,2,6.4,7,104.5,38.9,6.0,2026-07-05,未勝利,0.0
9159,小倉,1700,ダート,不良,短い,フラット,9,ビズロード,5,セ,3,菱田,栗東 小崎,追い込み,55.0,464,-2,0,0,7,22.0,8,104.5,37.8,14.0,2026-07-05,未勝利,0.0
9159,小倉,1700,ダート,不良,短い,フラット,6,フェミナンジェンヌ,3,牝,3,川端,栗東 高橋一,差し,50.0,454,-10,0,0,14,221.6,9,104.7,38.1,12.0,2026-07-05,未勝利,0.0
9159,小倉,1700,ダート,不良,短い,フラット,7,ゴールデンスラム,4,牡,3,吉村,栗東 池江,先行,55.0,486,-4,0,0,8,24.8,10,104.8,39.0,8.0,2026-07-05,未勝利,0.0
9159,小倉,1700,ダート,不良,短い,フラット,16,ブラックドレス,8,牝,5,永島,栗東 谷,差し,54.0,452,-4,0,0,13,117.8,11,105.1,38.7,9.0,2026-07-05,未勝利,0.0
9159,小倉,1700,ダート,不良,短い,フラット,11,ルペイドゥロール,6,牡,3,田山,栗東 新谷,差し,53.0,510,2,0,0,12,112.1,12,105.2,38.9,9.0,2026-07-05,未勝利,0.0
9159,小倉,1700,ダート,不良,短い,フラット,14,メイショウカスガイ,7,牡,4,角田和,栗東 角田,追い込み,58.0,496,2,0,0,10,42.1,13,105.5,38.0,15.0,2026-07-05,未勝利,0.0
9159,小倉,1700,ダート,不良,短い,フラット,12,バレンシア,6,牝,4,Ｍデム,栗東 笹田,追い込み,56.0,458,-2,0,0,9,27.5,14,105.7,39.3,12.0,2026-07-05,未勝利,0.0
9159,小倉,1700,ダート,不良,短い,フラット,13,アーブルラーブル,7,牝,4,富田,栗東 茶木,差し,56.0,470,-2,0,0,16,351.4,15,106.2,39.9,9.0,2026-07-05,未勝利,0.0
9159,小倉,1700,ダート,不良,短い,フラット,3,トッレブランカ,2,牡,4,長岡,栗東 今野,追い込み,58.0,456,-6,0,0,15,334.8,16,107.3,41.0,15.0,2026-07-05,未勝利,0.0
9160,函館,1000,ダート,良,短い,フラット,10,グレイトソン,7,牡,3,和田陽,栗東 鈴木孝,逃げ,54.0,460,-4,0,0,1,1.8,1,59.6,36.5,1.0,2026-07-05,未勝利,0.0
9160,函館,1000,ダート,良,短い,フラット,3,カッサンドラ,3,牝,3,横山琉,栗東 高橋忠,先行,55.0,422,-2,0,0,2,4.9,2,60.3,36.9,5.0,2026-07-05,未勝利,0.0
9160,函館,1000,ダート,良,短い,フラット,7,マーマレードスカイ,6,牝,3,佐々木,美浦 堀内,逃げ,55.0,410,-2,0,0,3,6.0,3,60.4,37.1,3.0,2026-07-05,未勝利,0.0
9160,函館,1000,ダート,良,短い,フラット,5,カプリースカラー,5,牝,3,鷲頭,美浦 金成,差し,53.0,404,-12,0,0,8,51.3,4,60.7,36.5,9.0,2026-07-05,未勝利,0.0
9160,函館,1000,ダート,良,短い,フラット,6,ミスマラッカ,5,牝,3,丹内,美浦 本間,差し,55.0,444,18,0,0,10,67.6,5,60.8,37.1,8.0,2026-07-05,未勝利,0.0
9160,函館,1000,ダート,良,短い,フラット,12,ジェッディンデデン,8,牝,3,遠藤,美浦 大和田,逃げ,52.0,480,-2,0,0,4,8.4,6,60.8,37.6,2.0,2026-07-05,未勝利,0.0
9160,函館,1000,ダート,良,短い,フラット,11,ロードベルファスト,8,牡,3,小沢,栗東 畑端,追い込み,57.0,474,-8,0,0,11,89.0,7,60.9,37.1,9.0,2026-07-05,未勝利,0.0
9160,函館,1000,ダート,良,短い,フラット,2,ペイシャクロス,2,牝,3,長浜,美浦 粕谷,先行,54.0,458,-2,0,0,6,27.5,8,61.0,37.6,3.0,2026-07-05,未勝利,0.0
9160,函館,1000,ダート,良,短い,フラット,8,デルマハルナ,6,牝,3,大久保,美浦 天間,先行,52.0,466,6,0,0,12,146.6,9,61.0,37.5,6.0,2026-07-05,未勝利,0.0
9160,函館,1000,ダート,良,短い,フラット,1,アクロスメモリア,1,牝,3,小林美,美浦 田島,追い込み,52.0,470,-2,0,0,5,10.3,10,61.0,35.4,11.0,2026-07-05,未勝利,0.0
9160,函館,1000,ダート,良,短い,フラット,9,ジャストキュート,7,牝,3,舟山,美浦 武藤,差し,54.0,468,0,0,0,7,32.1,11,61.9,38.4,6.0,2026-07-05,未勝利,0.0
9160,函館,1000,ダート,良,短い,フラット,4,カフェオドヴィー,4,牡,3,斎藤,美浦 古賀慎,追い込み,57.0,550,0,0,0,9,56.2,12,64.1,37.2,12.0,2026-07-05,未勝利,0.0
9161,函館,1700,ダート,良,短い,フラット,11,クッカユフラ,7,牝,3,斎藤,美浦 池上,逃げ,55.0,446,0,0,0,8,44.6,1,106.9,39.1,2.0,2026-07-05,未勝利,0.0
9161,函館,1700,ダート,良,短い,フラット,1,ニシノモリミチ,1,牡,3,横山武,美浦 高木,逃げ,57.0,482,-4,0,0,2,3.1,2,107.0,39.7,1.0,2026-07-05,未勝利,0.0
9161,函館,1700,ダート,良,短い,フラット,13,ゴンフィンガー,8,牡,3,佐々木,栗東 中内田,先行,57.0,460,0,0,0,1,2.3,3,107.0,38.7,4.0,2026-07-05,未勝利,0.0
9161,函館,1700,ダート,良,短い,フラット,4,レースクイーン,3,牝,3,横山琉,美浦 蛯名利,逃げ,55.0,416,0,0,0,10,78.1,4,107.0,39.1,2.0,2026-07-05,未勝利,0.0
9161,函館,1700,ダート,良,短い,フラット,9,ジャストグレース,6,牡,3,古川吉,栗東 大根田,追い込み,57.0,492,-2,0,0,5,17.1,5,108.1,38.5,13.0,2026-07-05,未勝利,0.0
9161,函館,1700,ダート,良,短い,フラット,7,ヘイマー,5,牡,3,遠藤,美浦 伊藤伸,差し,54.0,514,2,0,0,11,105.2,6,108.3,39.5,9.0,2026-07-05,未勝利,0.0
9161,函館,1700,ダート,良,短い,フラット,8,ミリオングローリー,5,牡,3,長浜,美浦 蛯名正,差し,56.0,460,-4,0,0,6,18.4,7,108.4,39.5,9.0,2026-07-05,未勝利,0.0
9161,函館,1700,ダート,良,短い,フラット,2,キャピタル,2,牡,3,鮫島駿,美浦 堀,先行,57.0,466,0,0,0,4,7.6,8,108.4,40.1,5.0,2026-07-05,未勝利,0.0
9161,函館,1700,ダート,良,短い,フラット,10,マツリダシリウス,6,牡,3,舟山,美浦 水野,先行,56.0,474,4,0,0,9,60.7,9,109.0,40.4,6.0,2026-07-05,未勝利,0.0
9161,函館,1700,ダート,良,短い,フラット,14,ルナノーヴァ,8,牡,3,和田陽,栗東 緒方,先行,54.0,436,-4,0,0,12,115.4,10,109.1,40.5,6.0,2026-07-05,未勝利,0.0
9161,函館,1700,ダート,良,短い,フラット,6,ガダニーニ,4,牝,3,丹内,美浦 西田,差し,55.0,496,-2,0,0,7,28.3,11,109.3,40.7,6.0,2026-07-05,未勝利,0.0
9161,函館,1700,ダート,良,短い,フラット,12,ガーディアンテイル,7,牡,3,岩田康,美浦 小手川,追い込み,57.0,514,2,0,0,3,7.1,12,109.7,40.5,12.0,2026-07-05,未勝利,0.0
9161,函館,1700,ダート,良,短い,フラット,5,オーキーベルセルク,4,牡,3,小林美,美浦 戸田,追い込み,54.0,460,-8,0,0,13,129.9,13,110.2,41.6,9.0,2026-07-05,未勝利,0.0
9161,函館,1700,ダート,良,短い,フラット,3,カンフージョン,3,牡,3,小沢,栗東 吉村,追い込み,57.0,510,2,0,0,14,206.7,14,111.5,42.2,14.0,2026-07-05,未勝利,0.0
9162,函館,1200,芝,良,短い,フラット,16,バレンタインビスタ,8,牝,3,佐々木,美浦 蛯名正,逃げ,55.0,476,6,0,0,3,6.1,1,68.8,35.1,1.0,2026-07-05,未勝利,0.0
9162,函館,1200,芝,良,短い,フラット,2,マメーアップル,1,牝,3,横山琉,美浦 岩戸,逃げ,55.0,438,6,0,0,6,9.8,2,69.1,34.9,3.0,2026-07-05,未勝利,0.0
9162,函館,1200,芝,良,短い,フラット,13,ルージュフローラ,7,牝,3,古川吉,美浦 森一,差し,55.0,412,4,0,0,9,19.8,3,69.1,34.6,10.0,2026-07-05,未勝利,0.0
9162,函館,1200,芝,良,短い,フラット,12,コスモファーブロス,6,牝,3,横山武,栗東 吉田,逃げ,55.0,426,4,0,0,2,4.9,4,69.2,35.1,3.0,2026-07-05,未勝利,0.0
9162,函館,1200,芝,良,短い,フラット,6,ハルヒメ,3,牝,3,長浜,美浦 矢嶋,先行,54.0,398,0,0,0,5,7.1,5,69.2,34.8,6.0,2026-07-05,未勝利,0.0
9162,函館,1200,芝,良,短い,フラット,5,ブルーエ,3,牝,3,横山和,美浦 中舘,先行,55.0,450,-4,0,0,4,6.8,6,69.3,34.8,6.0,2026-07-05,未勝利,0.0
9162,函館,1200,芝,良,短い,フラット,7,ルーチェコメット,4,牝,3,小林美,栗東 長谷川,差し,52.0,408,-2,0,0,8,18.2,7,69.3,34.5,11.0,2026-07-05,未勝利,0.0
9162,函館,1200,芝,良,短い,フラット,9,プリュスエクラ,5,牝,3,鮫島駿,栗東 小林,先行,55.0,442,-2,0,0,7,14.2,8,69.3,35.0,6.0,2026-07-05,未勝利,0.0
9162,函館,1200,芝,良,短い,フラット,10,ジュディーイメル,5,牝,3,武豊,栗東 武英,先行,55.0,440,-4,0,0,1,4.1,9,69.6,35.5,3.0,2026-07-05,未勝利,0.0
9162,函館,1200,芝,良,短い,フラット,4,ブライティアロード,2,牝,3,遠藤,美浦 和田郎,追い込み,52.0,442,-8,0,0,16,392.2,10,69.6,34.5,14.0,2026-07-05,未勝利,0.0
9162,函館,1200,芝,良,短い,フラット,3,パトリシア,2,牝,3,丹内,美浦 杉浦,逃げ,55.0,466,16,0,0,13,171.1,11,69.7,35.8,2.0,2026-07-05,未勝利,0.0
9162,函館,1200,芝,良,短い,フラット,8,ヘリオドール,4,牝,3,黛,美浦 和田雄,追い込み,55.0,452,12,0,0,15,364.4,12,69.7,34.7,14.0,2026-07-05,未勝利,0.0
9162,函館,1200,芝,良,短い,フラット,11,アルマフレイヤ,6,牝,3,原田和,美浦 伊藤伸,差し,55.0,400,-4,0,0,14,219.8,13,69.7,34.9,11.0,2026-07-05,未勝利,0.0
9162,函館,1200,芝,良,短い,フラット,1,ラストシャイニー,1,牝,3,小沢,美浦 千葉,追い込み,55.0,428,12,0,0,11,78.7,14,69.8,35.0,11.0,2026-07-05,未勝利,0.0
9162,函館,1200,芝,良,短い,フラット,15,チャーミングアイ,8,牝,3,大久保,美浦 菊川,差し,52.0,474,10,0,0,10,19.9,15,69.8,35.6,6.0,2026-07-05,未勝利,0.0
9162,函館,1200,芝,良,短い,フラット,14,レオダーム,7,牝,3,古川奈,栗東 牧田,追い込み,53.0,390,0,0,0,12,168.3,16,70.0,34.6,16.0,2026-07-05,未勝利,0.0
9163,函館,2000,芝,良,短い,フラット,6,エイシンインアウト,3,牡,3,横山琉,栗東 中尾,逃げ,57.0,488,0,0,0,3,5.6,1,121.4,35.0,4.0,2026-07-05,未勝利,0.0
9163,函館,2000,芝,良,短い,フラット,16,ギオンバヤシ,8,牡,3,武豊,栗東 鈴木孝,差し,57.0,432,0,0,0,2,4.5,2,121.6,34.8,11.0,2026-07-05,未勝利,0.0
9163,函館,2000,芝,良,短い,フラット,12,ショウナンマルチ,6,牡,3,池添,美浦 大竹,先行,57.0,508,-4,0,0,1,2.3,3,121.8,35.4,6.0,2026-07-05,未勝利,0.0
9163,函館,2000,芝,良,短い,フラット,7,ウインカトリーヌ,4,牝,3,岩田康,栗東 西園翔,逃げ,55.0,500,-4,0,0,10,32.4,4,121.8,35.7,3.0,2026-07-05,未勝利,0.0
9163,函館,2000,芝,良,短い,フラット,3,マコトアディントン,2,牡,3,丹内,栗東 前川,先行,57.0,434,2,0,0,4,11.1,5,121.8,35.2,8.0,2026-07-05,未勝利,0.0
9163,函館,2000,芝,良,短い,フラット,10,ルナティックブルー,5,牝,3,小沢,栗東 今野,逃げ,55.0,432,2,0,0,9,29.6,6,121.8,35.9,2.0,2026-07-05,未勝利,0.0
9163,函館,2000,芝,良,短い,フラット,13,テンレディーゴー,7,牡,3,佐々木,美浦 菊川,逃げ,57.0,488,2,0,0,11,91.0,7,121.8,36.1,1.0,2026-07-05,未勝利,0.0
9163,函館,2000,芝,良,短い,フラット,8,ゴコウコイコイ,4,牝,3,国分恭,美浦 栗田,差し,55.0,426,4,0,0,6,11.5,8,121.9,35.3,8.0,2026-07-05,未勝利,0.0
9163,函館,2000,芝,良,短い,フラット,1,パンキー,1,牡,3,横山和,栗東 茶木,差し,57.0,440,0,0,0,5,11.5,9,122.1,35.5,8.0,2026-07-05,未勝利,0.0
9163,函館,2000,芝,良,短い,フラット,5,ティラユール,3,牡,3,大久保,栗東 北出,先行,54.0,426,-2,0,0,14,369.8,10,122.2,35.9,4.0,2026-07-05,未勝利,0.0
9163,函館,2000,芝,良,短い,フラット,4,ヤクジョ,2,牡,3,小林美,美浦 松永康,差し,54.0,452,0,0,0,7,21.7,11,122.5,35.5,11.0,2026-07-05,未勝利,0.0
9163,函館,2000,芝,良,短い,フラット,2,タイセイネクサス,1,セ,3,黛,美浦 古賀慎,追い込み,57.0,428,-2,0,0,15,423.7,12,122.7,35.7,14.0,2026-07-05,未勝利,0.0
9163,函館,2000,芝,良,短い,フラット,15,ファーザーアウェイ,8,牡,3,鮫島駿,美浦 尾関,先行,57.0,462,-2,0,0,8,26.9,13,122.8,36.6,6.0,2026-07-05,未勝利,0.0
9163,函館,2000,芝,良,短い,フラット,11,アルタティール,6,牡,3,長浜,美浦 手塚久,追い込み,56.0,418,0,0,0,13,301.2,14,122.8,36.2,11.0,2026-07-05,未勝利,0.0
9163,函館,2000,芝,良,短い,フラット,14,デルマノリクラ,7,牡,3,遠藤,美浦 勢司,追い込み,54.0,486,2,0,0,16,642.4,15,123.2,36.2,15.0,2026-07-05,未勝利,0.0
9163,函館,2000,芝,良,短い,フラット,9,リトルコリンズ,5,牡,3,原田和,美浦 小手川,追い込み,57.0,426,-6,0,0,12,213.8,16,124.1,37.5,16.0,2026-07-05,未勝利,0.0
9160,函館,1000,ダート,良,短い,フラット,7,キャリーグレイス,7,牝,4,舟山,栗東 寺島,逃げ,55.0,456,-8,0,0,2,3.3,1,58.6,35.8,1.0,2026-07-05,未勝利,0.0
9160,函館,1000,ダート,良,短い,フラット,8,キャンドルマス,8,牡,5,武豊,栗東 小崎,先行,58.0,504,0,0,0,3,5.3,2,59.0,35.8,3.0,2026-07-05,未勝利,0.0
9160,函館,1000,ダート,良,短い,フラット,2,アルヘンティニータ,2,牝,5,小林美,美浦 戸田,逃げ,53.0,438,0,0,0,4,5.7,3,59.1,36.2,2.0,2026-07-05,未勝利,0.0
9160,函館,1000,ダート,良,短い,フラット,4,クイーンレグナント,4,牝,3,横山和,美浦 嘉藤,先行,53.0,442,0,0,0,5,6.4,4,59.5,36.0,4.0,2026-07-05,未勝利,0.0
9160,函館,1000,ダート,良,短い,フラット,3,ムーンブランシュ,3,牝,3,古川吉,美浦 牧,差し,53.0,480,2,0,0,1,2.6,5,59.8,36.3,5.0,2026-07-05,未勝利,0.0
9160,函館,1000,ダート,良,短い,フラット,6,パーティーガール,6,牝,4,遠藤,美浦 伊藤伸,差し,53.0,472,2,0,0,9,165.0,6,59.8,35.8,6.0,2026-07-05,未勝利,0.0
9160,函館,1000,ダート,良,短い,フラット,9,カップッチョ,8,牡,9,黛,美浦 佐藤吉,追い込み,58.0,488,-10,0,0,8,100.0,7,60.1,35.9,7.0,2026-07-05,未勝利,0.0
9160,函館,1000,ダート,良,短い,フラット,5,マインセーラ,5,牝,3,的場,美浦 的場,追い込み,53.0,432,6,0,0,7,86.2,8,60.3,35.6,9.0,2026-07-05,未勝利,0.0
9160,函館,1000,ダート,良,短い,フラット,1,ジェイエルライナー,1,牝,4,河原田,美浦 青木,追い込み,52.0,456,4,0,0,6,44.9,9,60.9,37.1,7.0,2026-07-05,未勝利,0.0
9161,函館,1700,ダート,良,短い,フラット,4,アオハルブルース,4,牡,3,岩田康,美浦 栗田,逃げ,55.0,522,-2,0,0,1,2.1,1,105.2,37.5,1.0,2026-07-05,未勝利,0.0
9161,函館,1700,ダート,良,短い,フラット,2,ポンピエ,2,牡,5,鮫島駿,栗東 井上,逃げ,58.0,456,-2,0,0,3,5.5,2,105.4,37.5,2.0,2026-07-05,未勝利,0.0
9161,函館,1700,ダート,良,短い,フラット,1,ファンタイムギフト,1,セ,4,丹内,美浦 相沢,差し,58.0,490,-4,0,0,5,8.5,3,106.0,37.7,5.0,2026-07-05,未勝利,0.0
9161,函館,1700,ダート,良,短い,フラット,6,ゴールドドレッサ,6,牝,3,横山和,美浦 中川,先行,53.0,438,4,0,0,4,6.8,4,106.1,38.3,2.0,2026-07-05,未勝利,0.0
9161,函館,1700,ダート,良,短い,フラット,8,ナクライト,8,牡,4,武豊,美浦 手塚徳,先行,58.0,512,6,0,0,2,3.6,5,106.2,38.2,4.0,2026-07-05,未勝利,0.0
9161,函館,1700,ダート,良,短い,フラット,5,ブリスフル,5,牡,5,河原田,美浦 武市,差し,54.0,506,2,0,0,7,35.9,6,106.4,37.8,6.0,2026-07-05,未勝利,0.0
9161,函館,1700,ダート,良,短い,フラット,7,マジカルシャイン,7,牝,4,浜中,栗東 武英,追い込み,56.0,510,-6,0,0,6,35.5,7,108.1,39.6,7.0,2026-07-05,未勝利,0.0
9161,函館,1700,ダート,良,短い,フラット,3,スタンピー,3,牝,4,長浜,美浦 深山,追い込み,55.0,468,12,0,0,8,58.0,8,109.8,41.5,8.0,2026-07-05,未勝利,0.0
9162,函館,1200,芝,良,短い,フラット,16,サンタアニタ,8,牝,4,斎藤,美浦 斎藤誠,逃げ,56.0,482,0,0,0,4,8.6,1,68.5,34.6,2.0,2026-07-05,2勝クラス,2.0
9162,函館,1200,芝,良,短い,フラット,3,マジカルフェアリー,2,牝,4,舟山,栗東 寺島,逃げ,56.0,454,2,0,0,13,65.4,2,68.6,34.4,3.0,2026-07-05,2勝クラス,2.0
9162,函館,1200,芝,良,短い,フラット,6,マナボニート,3,牝,3,丹内,栗東 北出,差し,53.0,484,4,0,0,1,2.9,3,68.6,34.1,10.0,2026-07-05,2勝クラス,2.0
9162,函館,1200,芝,良,短い,フラット,2,ハリウッドメモリー,1,牝,4,横山和,栗東 長谷川,差し,56.0,466,-2,0,0,3,5.1,4,68.7,34.2,10.0,2026-07-05,2勝クラス,2.0
9162,函館,1200,芝,良,短い,フラット,13,ショウナンカリス,7,牝,3,池添,美浦 加藤士,先行,53.0,422,2,0,0,2,4.5,5,68.8,34.4,7.0,2026-07-05,2勝クラス,2.0
9162,函館,1200,芝,良,短い,フラット,11,ベビーズブレス,6,牝,4,武豊,栗東 千田,逃げ,56.0,442,8,0,0,5,11.9,6,68.8,34.7,3.0,2026-07-05,2勝クラス,2.0
9162,函館,1200,芝,良,短い,フラット,1,スイミーユニバンス,1,牝,6,鮫島駿,栗東 平田,追い込み,56.0,442,-4,0,0,14,121.3,7,68.9,33.9,15.0,2026-07-05,2勝クラス,2.0
9162,函館,1200,芝,良,短い,フラット,14,セイプリーズ,7,牝,4,古川吉,栗東 宮,追い込み,56.0,420,-8,0,0,12,50.4,8,68.9,34.1,14.0,2026-07-05,2勝クラス,2.0
9162,函館,1200,芝,良,短い,フラット,10,ベルビースタローン,5,牝,4,小林美,美浦 戸田,逃げ,56.0,528,20,0,0,8,25.2,9,68.9,35.1,1.0,2026-07-05,2勝クラス,2.0
9162,函館,1200,芝,良,短い,フラット,12,ヒラボクミニー,6,牝,5,浜中,美浦 村田,先行,56.0,488,0,0,0,11,40.7,10,69.0,35.0,3.0,2026-07-05,2勝クラス,2.0
9162,函館,1200,芝,良,短い,フラット,8,ラスティングスノー,4,牝,3,横山琉,美浦 池上,差し,53.0,468,-10,0,0,9,26.3,11,69.0,34.4,12.0,2026-07-05,2勝クラス,2.0
9162,函館,1200,芝,良,短い,フラット,9,ミニョンマルーン,5,牝,4,長浜,美浦 伊藤圭,先行,56.0,488,-4,0,0,10,29.0,12,69.1,34.7,7.0,2026-07-05,2勝クラス,2.0
9162,函館,1200,芝,良,短い,フラット,7,リリーフィールド,4,牝,4,佐々木,栗東 小崎,差し,56.0,444,4,0,0,6,16.8,13,69.1,34.8,7.0,2026-07-05,2勝クラス,2.0
9162,函館,1200,芝,良,短い,フラット,4,マルプリ,2,牝,6,秋山稔,美浦 青木,追い込み,56.0,466,0,0,0,15,169.9,14,69.1,34.2,15.0,2026-07-05,2勝クラス,2.0
9162,函館,1200,芝,良,短い,フラット,5,ゴキゲンサン,3,牝,6,国分恭,美浦 伊藤大,追い込み,56.0,510,2,0,0,16,184.2,15,69.2,34.6,12.0,2026-07-05,2勝クラス,2.0
9162,函館,1200,芝,良,短い,フラット,15,モズアンタレス,8,牝,6,吉田隼,栗東 飯田,先行,56.0,502,-4,0,0,7,21.6,16,69.3,35.2,6.0,2026-07-05,2勝クラス,2.0
9164,函館,2600,芝,良,短い,フラット,1,アルマデオロ,1,牡,4,武豊,栗東 清水久,逃げ,56.0,496,4,0,0,1,1.8,1,160.1,35.1,1.0,2026-07-05,2勝クラス,2.0
9164,函館,2600,芝,良,短い,フラット,7,アスクデッドヒート,6,牡,4,古川奈,栗東 矢作,先行,55.0,480,6,0,0,3,7.7,2,160.3,34.9,5.0,2026-07-05,2勝クラス,2.0
9164,函館,2600,芝,良,短い,フラット,11,バースライト,8,牡,4,浜中,栗東 武幸,逃げ,56.0,516,10,0,0,2,7.4,3,160.4,35.4,2.0,2026-07-05,2勝クラス,2.0
9164,函館,2600,芝,良,短い,フラット,8,ラーシャローム,7,牡,4,横山武,美浦 奥村武,先行,56.0,478,6,0,0,4,8.4,4,160.4,35.3,3.0,2026-07-05,2勝クラス,2.0
9164,函館,2600,芝,良,短い,フラット,6,ジュンツバメガエシ,6,牡,6,岩田康,栗東 友道,差し,57.0,514,2,0,0,7,17.3,5,160.4,34.8,5.0,2026-07-05,2勝クラス,2.0
9164,函館,2600,芝,良,短い,フラット,3,リアルファインド,3,牡,5,吉田隼,美浦 小笠,先行,56.0,524,20,0,0,8,22.8,6,160.5,35.2,3.0,2026-07-05,2勝クラス,2.0
9164,函館,2600,芝,良,短い,フラット,10,ライフセービング,8,牡,5,古川吉,栗東 宮,追い込み,55.0,462,-6,0,0,9,38.0,7,160.8,35.0,10.0,2026-07-05,2勝クラス,2.0
9164,函館,2600,芝,良,短い,フラット,9,ブリヤディアマンテ,7,牡,4,横山和,美浦 小島,追い込み,54.0,498,10,0,0,10,55.5,8,160.9,35.2,9.0,2026-07-05,2勝クラス,2.0
9164,函館,2600,芝,良,短い,フラット,5,リギーロ,5,牡,4,丹内,美浦 栗田,差し,56.0,480,-6,0,0,6,12.5,9,160.9,35.7,5.0,2026-07-05,2勝クラス,2.0
9164,函館,2600,芝,良,短い,フラット,2,アメジストブラック,2,牡,7,舟山,栗東 小椋,追い込み,56.0,528,-2,0,0,11,70.2,10,161.4,35.8,10.0,2026-07-05,2勝クラス,2.0
9164,函館,2600,芝,良,短い,フラット,4,ゴールデンパゴーダ,4,牝,3,佐々木,美浦 上原佑,差し,52.0,402,2,0,0,5,12.3,11,162.2,36.9,5.0,2026-07-05,2勝クラス,2.0
9161,函館,1700,ダート,良,短い,フラット,11,ワイドブリザード,8,セ,5,浜中,栗東 佐藤悠,逃げ,57.0,448,-6,0,0,4,5.1,1,103.4,37.0,1.0,2026-07-05,L(リステッド),4.5
9161,函館,1700,ダート,良,短い,フラット,6,レヴォントゥレット,6,牡,5,鮫島駿,栗東 矢作,先行,58.0,488,6,0,0,7,13.6,2,104.1,37.3,3.0,2026-07-05,L(リステッド),4.5
9161,函館,1700,ダート,良,短い,フラット,7,ヒルノハンブルク,6,牡,4,武豊,栗東 武英,逃げ,57.0,466,-6,0,0,5,6.3,3,104.2,37.7,2.0,2026-07-05,L(リステッド),4.5
9161,函館,1700,ダート,良,短い,フラット,1,オウギノカナメ,1,牡,6,丹内,美浦 高木,追い込み,57.0,484,0,0,0,8,31.6,4,104.5,37.0,9.0,2026-07-05,L(リステッド),4.5
9161,函館,1700,ダート,良,短い,フラット,4,プロミストジーン,4,牝,4,池添,美浦 上原佑,差し,56.0,468,0,0,0,1,4.2,5,104.5,37.5,7.0,2026-07-05,L(リステッド),4.5
9161,函館,1700,ダート,良,短い,フラット,5,ホールシバン,5,セ,8,秋山稔,栗東 高橋忠,追い込み,58.0,540,16,0,0,11,106.9,6,104.6,36.8,10.0,2026-07-05,L(リステッド),4.5
9161,函館,1700,ダート,良,短い,フラット,2,ラタフォレスト,2,牡,5,斎藤,美浦 加藤征,差し,58.0,506,-4,0,0,2,4.5,7,104.6,37.4,7.0,2026-07-05,L(リステッド),4.5
9161,函館,1700,ダート,良,短い,フラット,3,テーオードレフォン,3,牡,7,古川吉,栗東 梅田,先行,59.0,500,-6,0,0,9,37.7,8,105.0,38.4,3.0,2026-07-05,L(リステッド),4.5
9161,函館,1700,ダート,良,短い,フラット,8,アスクデビューモア,7,牡,5,岩田康,栗東 福永,先行,57.0,458,-4,0,0,10,62.3,9,105.2,38.3,5.0,2026-07-05,L(リステッド),4.5
9161,函館,1700,ダート,良,短い,フラット,9,カナルビーグル,7,牡,4,横山武,栗東 佐藤悠,追い込み,57.0,520,12,0,0,6,10.8,10,105.4,37.6,11.0,2026-07-05,L(リステッド),4.5
9161,函館,1700,ダート,良,短い,フラット,10,コトホドサヨウニ,8,牡,5,佐々木,栗東 奥村豊,差し,58.0,522,6,0,0,3,5.0,11,105.6,38.8,5.0,2026-07-05,L(リステッド),4.5
9162,函館,1200,芝,良,短い,フラット,4,ララバニュルス,4,牡,4,横山和,美浦 大竹,先行,58.0,544,-2,0,0,1,2.3,1,68.9,34.1,3.0,2026-07-05,未勝利,0.0
9162,函館,1200,芝,良,短い,フラット,7,ハーモニーソング,7,牝,4,佐々木,美浦 田島,逃げ,56.0,456,6,0,0,3,7.6,2,69.0,34.8,1.0,2026-07-05,未勝利,0.0
9162,函館,1200,芝,良,短い,フラット,10,コモンスナイプ,8,牡,4,横山琉,栗東 藤岡健,差し,58.0,464,-2,0,0,4,8.5,3,69.2,34.5,6.0,2026-07-05,未勝利,0.0
9162,函館,1200,芝,良,短い,フラット,1,ソードマスター,1,牡,4,舟山,美浦 小笠,先行,57.0,456,-4,0,0,6,14.6,4,69.3,34.9,3.0,2026-07-05,未勝利,0.0
9162,函館,1200,芝,良,短い,フラット,6,ブライトアゲイン,6,牝,5,松本,栗東 森秀,逃げ,56.0,478,-4,0,0,5,10.4,5,69.3,35.1,2.0,2026-07-05,未勝利,0.0
9162,函館,1200,芝,良,短い,フラット,3,ユーベルジーク,3,牝,3,和田陽,美浦 辻,差し,50.0,456,0,0,0,10,144.0,6,69.5,34.8,6.0,2026-07-05,未勝利,0.0
9162,函館,1200,芝,良,短い,フラット,5,フレンドモナコ,5,牡,3,遠藤,美浦 加藤和,追い込み,52.0,414,2,0,0,7,63.1,7,69.5,34.5,9.0,2026-07-05,未勝利,0.0
9162,函館,1200,芝,良,短い,フラット,9,グランフィエルテ,8,牝,3,斎藤,栗東 吉田,先行,53.0,446,2,0,0,2,2.6,8,69.6,35.2,3.0,2026-07-05,未勝利,0.0
9162,函館,1200,芝,良,短い,フラット,8,ブラヴィーノ,7,牡,7,丹内,美浦 天間,追い込み,58.0,464,8,0,0,9,120.7,9,69.7,34.7,9.0,2026-07-05,未勝利,0.0
9162,函館,1200,芝,良,短い,フラット,2,マイオウンウェイ,2,セ,3,小沢,栗東 高野,追い込み,55.0,434,4,0,0,8,85.6,10,70.4,35.6,6.0,2026-07-05,未勝利,0.0
9165,福島,2600,芝,稍重,短い,フラット,2,ボンボンベイビー,1,牡,3,吉田豊,栗東 矢作,逃げ,57.0,438,-2,0,0,7,15.7,1,159.2,35.7,2.0,2026-07-04,未勝利,0.0
9165,福島,2600,芝,稍重,短い,フラット,7,クイーンズレイン,4,牝,3,石神道,美浦 林,先行,52.0,442,-10,0,0,3,5.2,2,159.3,35.7,5.0,2026-07-04,未勝利,0.0
9165,福島,2600,芝,稍重,短い,フラット,1,ファランギーナ,1,牡,3,戸崎圭,栗東 福永,先行,57.0,418,-4,0,0,1,3.7,3,159.6,35.8,7.0,2026-07-04,未勝利,0.0
9165,福島,2600,芝,稍重,短い,フラット,4,オープンザパンドラ,2,牡,3,菊沢,栗東 小椋,差し,57.0,444,-14,0,0,4,8.5,4,159.6,35.6,10.0,2026-07-04,未勝利,0.0
9165,福島,2600,芝,稍重,短い,フラット,3,ベルトラッキ,2,牡,3,上里,美浦 加藤士,差し,54.0,472,0,0,0,2,3.9,5,159.7,35.5,12.0,2026-07-04,未勝利,0.0
9165,福島,2600,芝,稍重,短い,フラット,15,クライングナウ,8,牡,3,坂井,美浦 斎藤誠,追い込み,57.0,508,-10,0,0,9,17.4,6,159.9,35.5,12.0,2026-07-04,未勝利,0.0
9165,福島,2600,芝,稍重,短い,フラット,12,ミサダメキメル,6,牡,3,柴田大,美浦 高橋文,先行,57.0,450,2,0,0,10,52.3,7,159.9,36.5,5.0,2026-07-04,未勝利,0.0
9165,福島,2600,芝,稍重,短い,フラット,10,ヨーゼフ,5,牡,3,武藤,美浦 戸田,差し,57.0,506,-4,0,0,15,163.4,8,160.1,36.0,10.0,2026-07-04,未勝利,0.0
9165,福島,2600,芝,稍重,短い,フラット,16,アイスアイスベイビ,8,牡,3,木幡巧,美浦 岩戸,逃げ,57.0,462,-2,0,0,8,16.4,9,160.2,37.1,1.0,2026-07-04,未勝利,0.0
9165,福島,2600,芝,稍重,短い,フラット,13,シンショク,7,牡,3,田辺,美浦 尾形,逃げ,57.0,472,-4,0,0,6,14.3,10,161.1,37.7,3.0,2026-07-04,未勝利,0.0
9165,福島,2600,芝,稍重,短い,フラット,9,レディホークダイヤ,5,牝,3,北村宏,美浦 田中剛,追い込み,55.0,442,2,0,0,13,134.3,11,161.3,37.3,15.0,2026-07-04,未勝利,0.0
9165,福島,2600,芝,稍重,短い,フラット,11,オーケーグリット,6,牡,3,石田,美浦 相沢,逃げ,54.0,464,-2,0,0,11,58.1,12,161.4,38.1,3.0,2026-07-04,未勝利,0.0
9165,福島,2600,芝,稍重,短い,フラット,5,ホグホグナナハン,3,牡,3,丸田,美浦 小笠,追い込み,57.0,460,-2,0,0,12,120.7,13,161.8,37.3,15.0,2026-07-04,未勝利,0.0
9165,福島,2600,芝,稍重,短い,フラット,14,トップオブザキング,7,牡,3,原,美浦 蛯名利,先行,57.0,488,2,0,0,14,142.3,14,161.9,38.3,7.0,2026-07-04,未勝利,0.0
9165,福島,2600,芝,稍重,短い,フラット,6,ドナディクオーレ,3,牝,3,津村,美浦 上原佑,差し,55.0,366,0,0,0,5,9.9,15,162.6,39.0,7.0,2026-07-04,未勝利,0.0
9165,福島,2600,芝,稍重,短い,フラット,8,リバーブレーション,4,牡,3,杉原,美浦 清水英,追い込み,57.0,430,-10,0,0,16,255.1,16,163.0,39.2,12.0,2026-07-04,未勝利,0.0
9166,福島,1700,ダート,重,短い,フラット,9,オリジナルアポジー,5,牡,3,武藤,美浦 水野,逃げ,57.0,470,8,0,0,14,250.9,1,107.2,37.6,1.0,2026-07-04,未勝利,0.0
9166,福島,1700,ダート,重,短い,フラット,8,ワンダーブリッツ,5,牡,3,戸崎圭,美浦 久保田,先行,57.0,510,2,0,0,1,2.1,2,107.3,37.2,5.0,2026-07-04,未勝利,0.0
9166,福島,1700,ダート,重,短い,フラット,12,イントゥザウインド,7,牡,3,坂井,美浦 尾関,逃げ,57.0,420,-6,0,0,2,2.2,3,107.3,37.4,2.0,2026-07-04,未勝利,0.0
9166,福島,1700,ダート,重,短い,フラット,15,キタノドンカルロ,8,牡,3,柴田大,美浦 粕谷,先行,57.0,432,-2,0,0,3,7.9,4,107.4,37.3,5.0,2026-07-04,未勝利,0.0
9166,福島,1700,ダート,重,短い,フラット,7,ザンシュトーム,4,牝,3,原,美浦 辻,先行,55.0,428,0,0,0,5,18.0,5,107.8,37.6,7.0,2026-07-04,未勝利,0.0
9166,福島,1700,ダート,重,短い,フラット,14,ショウナンタヅナ,8,牡,3,津村,美浦 武市,差し,57.0,462,-6,0,0,4,15.3,6,108.1,37.8,7.0,2026-07-04,未勝利,0.0
9166,福島,1700,ダート,重,短い,フラット,6,アンコンケラブル,4,牡,3,石神道,美浦 牧,逃げ,54.0,464,0,0,0,8,86.2,7,108.5,38.5,2.0,2026-07-04,未勝利,0.0
9166,福島,1700,ダート,重,短い,フラット,1,パワポケグッド,1,牡,3,杉原,美浦 大和田,差し,57.0,428,-4,0,0,10,137.9,8,108.8,38.1,9.0,2026-07-04,未勝利,0.0
9166,福島,1700,ダート,重,短い,フラット,11,レインボーワールド,6,牝,3,野中,美浦 畠山,先行,55.0,422,-16,0,0,15,318.3,9,108.8,39.0,2.0,2026-07-04,未勝利,0.0
9166,福島,1700,ダート,重,短い,フラット,3,モータリゼーション,2,牡,3,大野,美浦 鈴木慎,差し,57.0,484,-22,0,0,9,133.8,10,109.1,38.6,10.0,2026-07-04,未勝利,0.0
9166,福島,1700,ダート,重,短い,フラット,10,セイクリッドシチー,6,牡,3,江田照,美浦 田中剛,追い込み,57.0,480,-8,0,0,6,50.0,11,109.2,38.8,12.0,2026-07-04,未勝利,0.0
9166,福島,1700,ダート,重,短い,フラット,4,ワイルドカイザー,3,牡,3,嶋田,美浦 矢嶋,追い込み,57.0,426,6,0,0,11,179.6,12,109.3,38.0,14.0,2026-07-04,未勝利,0.0
9166,福島,1700,ダート,重,短い,フラット,5,ナックキャンドル,3,牝,3,谷原,美浦 小野,追い込み,51.0,448,-18,0,0,12,197.5,13,109.8,38.6,14.0,2026-07-04,未勝利,0.0
9166,福島,1700,ダート,重,短い,フラット,2,ハッピーカーン,2,牡,3,松岡,美浦 松永康,追い込み,57.0,472,2,0,0,13,203.7,14,109.8,39.2,13.0,2026-07-04,未勝利,0.0
9166,福島,1700,ダート,重,短い,フラット,13,マンモスホームラン,7,牡,3,石田,美浦 新開,差し,54.0,518,-6,0,0,7,72.7,15,109.8,39.4,10.0,2026-07-04,未勝利,0.0
9167,福島,1200,芝,稍重,短い,フラット,9,グレイシエーション,5,牝,3,杉原,美浦 栗田,逃げ,55.0,468,-10,0,0,1,1.6,1,68.3,34.4,2.0,2026-07-04,未勝利,0.0
9167,福島,1200,芝,稍重,短い,フラット,16,リーデレクオーレ,8,牝,3,柴田大,美浦 秋本,逃げ,55.0,418,0,0,0,2,7.8,2,68.5,34.5,3.0,2026-07-04,未勝利,0.0
9167,福島,1200,芝,稍重,短い,フラット,12,ラウンドヒル,6,牝,3,三浦,美浦 田島,逃げ,55.0,456,0,0,0,8,19.7,3,68.6,34.8,1.0,2026-07-04,未勝利,0.0
9167,福島,1200,芝,稍重,短い,フラット,3,ロジスカヤ,2,牝,3,石田,美浦 新開,差し,52.0,410,-4,0,0,6,16.8,4,68.9,33.8,11.0,2026-07-04,未勝利,0.0
9167,福島,1200,芝,稍重,短い,フラット,15,シエラモレーナ,8,牝,3,佐藤,美浦 古賀慎,追い込み,52.0,430,10,0,0,15,199.2,5,69.1,34.0,14.0,2026-07-04,未勝利,0.0
9167,福島,1200,芝,稍重,短い,フラット,5,フレンドリーエール,3,牝,3,横山典,美浦 村田,逃げ,55.0,414,-6,0,0,11,96.1,6,69.4,35.3,4.0,2026-07-04,未勝利,0.0
9167,福島,1200,芝,稍重,短い,フラット,1,タイセイスタナー,1,牝,3,荻野極,美浦 池上,先行,55.0,470,0,0,0,4,12.1,7,69.4,34.9,6.0,2026-07-04,未勝利,0.0
9167,福島,1200,芝,稍重,短い,フラット,6,カラーオブサクセス,3,牝,3,菊沢,美浦 武市,先行,55.0,422,2,0,0,9,21.6,8,69.6,35.2,6.0,2026-07-04,未勝利,0.0
9167,福島,1200,芝,稍重,短い,フラット,2,ミスティユニバンス,1,牝,3,小崎,美浦 加藤征,先行,55.0,446,10,0,0,5,15.5,9,69.7,34.9,8.0,2026-07-04,未勝利,0.0
9167,福島,1200,芝,稍重,短い,フラット,10,ハーティーチアーズ,5,牝,3,木幡初,美浦 本間,先行,55.0,466,0,0,0,12,135.1,10,69.8,35.6,4.0,2026-07-04,未勝利,0.0
9167,福島,1200,芝,稍重,短い,フラット,4,アーリマックス,2,牝,3,石神道,美浦 清水英,差し,52.0,388,-4,0,0,3,8.3,11,69.9,35.1,11.0,2026-07-04,未勝利,0.0
9167,福島,1200,芝,稍重,短い,フラット,8,ナディア,4,牝,3,田辺,美浦 菊川,追い込み,55.0,436,0,0,0,7,19.3,12,69.9,35.1,11.0,2026-07-04,未勝利,0.0
9167,福島,1200,芝,稍重,短い,フラット,14,ホウオウミステリー,7,牝,3,丸田,美浦 池上,差し,55.0,478,4,0,0,13,146.3,13,69.9,35.3,8.0,2026-07-04,未勝利,0.0
9167,福島,1200,芝,稍重,短い,フラット,13,アルファリラエ,7,牝,3,土田,美浦 田島,追い込み,52.0,404,-4,0,0,14,149.4,14,70.1,34.8,15.0,2026-07-04,未勝利,0.0
9167,福島,1200,芝,稍重,短い,フラット,11,トゥレイス,6,牝,3,上里,美浦 高柳瑞,差し,52.0,422,2,0,0,10,63.4,15,70.2,35.6,8.0,2026-07-04,未勝利,0.0
9167,福島,1200,芝,稍重,短い,フラット,7,ロッタリーランド,4,牝,3,小林脩,美浦 浅利,追い込み,55.0,406,4,0,0,16,333.2,16,72.4,35.9,16.0,2026-07-04,未勝利,0.0
9168,福島,2000,芝,良,短い,フラット,7,フレキシブル,4,牝,3,戸崎圭,美浦 斎藤誠,先行,55.0,440,0,0,0,3,5.2,1,120.0,35.9,6.0,2026-07-04,未勝利,0.0
9168,福島,2000,芝,良,短い,フラット,9,アルティマローネ,5,牝,3,武藤,美浦 武市,差し,55.0,392,4,0,0,8,29.6,2,120.0,35.5,10.0,2026-07-04,未勝利,0.0
9168,福島,2000,芝,良,短い,フラット,14,ピースフルマインド,7,牝,3,荻野極,美浦 伊坂,逃げ,55.0,440,-8,0,0,4,6.6,3,120.1,36.1,3.0,2026-07-04,未勝利,0.0
9168,福島,2000,芝,良,短い,フラット,13,アンヴデット,7,牝,3,丸山,美浦 高橋文,差し,55.0,402,6,0,0,6,16.9,4,120.2,35.3,12.0,2026-07-04,未勝利,0.0
9168,福島,2000,芝,良,短い,フラット,6,アールグレイ,3,牝,3,原,美浦 蛯名正,逃げ,55.0,444,-2,0,0,2,3.3,5,120.2,37.0,1.0,2026-07-04,未勝利,0.0
9168,福島,2000,芝,良,短い,フラット,3,フロンテアムーン,2,牝,3,石田,美浦 奥村武,先行,52.0,398,-10,0,0,10,49.8,6,120.4,36.3,6.0,2026-07-04,未勝利,0.0
9168,福島,2000,芝,良,短い,フラット,2,ダイヤモンドパレス,1,牝,3,津村,美浦 手塚久,差し,55.0,430,6,0,0,1,3.1,7,120.5,35.9,11.0,2026-07-04,未勝利,0.0
9168,福島,2000,芝,良,短い,フラット,4,ミセスジョーンズ,2,牝,3,石神道,美浦 松永康,逃げ,52.0,438,0,0,0,9,34.9,8,120.5,36.7,3.0,2026-07-04,未勝利,0.0
9168,福島,2000,芝,良,短い,フラット,11,アドマイヤフク,6,牝,3,小崎,美浦 加藤征,先行,55.0,430,2,0,0,12,97.6,9,120.6,36.3,6.0,2026-07-04,未勝利,0.0
9168,福島,2000,芝,良,短い,フラット,10,ホウオウライラック,5,牝,3,丸田,美浦 高柳瑞,差し,55.0,428,-2,0,0,11,62.1,10,120.6,36.3,9.0,2026-07-04,未勝利,0.0
9168,福島,2000,芝,良,短い,フラット,8,ギャニミード,4,牝,3,北村宏,美浦 木村,逃げ,55.0,466,8,0,0,5,15.1,11,120.9,37.5,2.0,2026-07-04,未勝利,0.0
9168,福島,2000,芝,良,短い,フラット,1,ジーナグレイス,1,牝,3,江田照,美浦 田中勝,先行,55.0,420,0,0,0,14,140.3,12,121.2,37.3,5.0,2026-07-04,未勝利,0.0
9168,福島,2000,芝,良,短い,フラット,15,キタノアヤカ,8,牝,3,木幡巧,美浦 萱野,追い込み,55.0,450,-4,0,0,13,128.4,13,121.4,36.8,12.0,2026-07-04,未勝利,0.0
9168,福島,2000,芝,良,短い,フラット,12,ノーブルスアーク,6,牝,3,佐藤,美浦 尾形,追い込み,52.0,440,-4,0,0,16,269.7,14,123.5,39.0,14.0,2026-07-04,未勝利,0.0
9168,福島,2000,芝,良,短い,フラット,5,アズサ,3,牝,3,菊沢,美浦 和田郎,追い込み,55.0,488,18,0,0,15,221.2,15,124.5,39.5,16.0,2026-07-04,未勝利,0.0
9168,福島,2000,芝,良,短い,フラット,16,スターリットフレア,8,牝,3,杉原,美浦 田中博,追い込み,55.0,468,-12,0,0,7,24.9,16,126.2,41.8,14.0,2026-07-04,未勝利,0.0
9166,福島,1700,ダート,稍重,短い,フラット,3,シューティングガイ,2,牡,3,津村,美浦 斎藤誠,逃げ,55.0,492,-6,0,0,2,4.7,1,104.9,37.4,1.0,2026-07-04,未勝利,0.0
9166,福島,1700,ダート,稍重,短い,フラット,4,エアトベーレ,3,牝,3,嶋田,美浦 手塚久,逃げ,53.0,418,0,0,0,7,17.3,2,104.9,37.3,2.0,2026-07-04,未勝利,0.0
9166,福島,1700,ダート,稍重,短い,フラット,8,ヤングアメリカンズ,5,牡,4,三浦,美浦 加藤征,先行,58.0,498,-8,0,0,5,8.9,3,105.4,37.6,4.0,2026-07-04,未勝利,0.0
9166,福島,1700,ダート,稍重,短い,フラット,6,ルシャルムール,4,セ,4,原,美浦 大竹,先行,58.0,460,0,0,0,1,3.0,4,105.6,37.2,7.0,2026-07-04,未勝利,0.0
9166,福島,1700,ダート,稍重,短い,フラット,7,エウテルペ,4,牝,4,石神道,美浦 和田郎,先行,53.0,466,8,0,0,12,77.4,5,106.2,38.4,6.0,2026-07-04,未勝利,0.0
9166,福島,1700,ダート,稍重,短い,フラット,12,コスモシェルベット,7,牡,4,武藤,美浦 水野,差し,58.0,440,2,0,0,6,15.2,6,106.3,38.1,7.0,2026-07-04,未勝利,0.0
9166,福島,1700,ダート,稍重,短い,フラット,11,レッドルイナール,6,セ,4,石川裕,美浦 平岩,差し,58.0,476,8,0,0,14,123.2,7,106.3,37.4,11.0,2026-07-04,未勝利,0.0
9166,福島,1700,ダート,稍重,短い,フラット,5,ユキノグラス,3,牡,3,大野,美浦 小笠,逃げ,55.0,454,-6,0,0,8,19.4,8,106.5,38.8,3.0,2026-07-04,未勝利,0.0
9166,福島,1700,ダート,稍重,短い,フラット,14,ベルチュガダン,8,牝,4,丸山,美浦 矢嶋,先行,56.0,470,-10,0,0,4,7.0,9,106.5,38.6,4.0,2026-07-04,未勝利,0.0
9166,福島,1700,ダート,稍重,短い,フラット,1,ゴーゴーパンチ,1,牡,3,石田,美浦 天間,差し,52.0,486,-8,0,0,3,6.2,10,106.7,38.4,10.0,2026-07-04,未勝利,0.0
9166,福島,1700,ダート,稍重,短い,フラット,9,エスシーレイジュ,5,牝,3,杉原,美浦 松山,差し,53.0,440,-12,0,0,13,86.2,11,107.0,38.8,9.0,2026-07-04,未勝利,0.0
9166,福島,1700,ダート,稍重,短い,フラット,2,パッカパッカブー,2,セ,5,佐藤,美浦 堀内,追い込み,55.0,488,0,0,0,15,239.6,12,107.1,38.4,14.0,2026-07-04,未勝利,0.0
9166,福島,1700,ダート,稍重,短い,フラット,15,エコロストーム,8,牝,3,荻野極,美浦 千葉,追い込み,53.0,458,0,0,0,10,37.2,13,107.1,38.5,13.0,2026-07-04,未勝利,0.0
9166,福島,1700,ダート,稍重,短い,フラット,13,ブリスキー,7,セ,6,菊沢,美浦 堀,追い込み,58.0,474,-4,0,0,9,23.0,14,107.1,38.9,11.0,2026-07-04,未勝利,0.0
9166,福島,1700,ダート,稍重,短い,フラット,10,カフェロワドール,6,牡,4,小崎,美浦 嘉藤,追い込み,58.0,494,0,0,0,11,50.6,15,107.2,38.3,14.0,2026-07-04,未勝利,0.0
9168,福島,2000,芝,良,短い,フラット,5,ムーンストラック,5,牝,4,菊沢,美浦 武市,差し,56.0,460,-2,0,0,5,15.9,1,120.4,35.2,6.0,2026-07-04,1勝クラス,1.0
9168,福島,2000,芝,良,短い,フラット,7,ミッドセンチュリー,7,牡,4,嶋田,美浦 松山,先行,58.0,462,-12,0,0,4,11.2,2,120.4,35.4,4.0,2026-07-04,1勝クラス,1.0
9168,福島,2000,芝,良,短い,フラット,6,トレベルオール,6,牡,5,大野,美浦 辻,逃げ,58.0,460,-2,0,0,3,6.0,3,120.6,36.0,2.0,2026-07-04,1勝クラス,1.0
9168,福島,2000,芝,良,短い,フラット,4,コスモアチーブ,4,牡,4,石川,美浦 相沢,追い込み,58.0,470,-6,0,0,2,5.5,4,120.6,35.4,8.0,2026-07-04,1勝クラス,1.0
9168,福島,2000,芝,良,短い,フラット,3,アレクレア,3,牝,4,松岡,美浦 蛯名利,追い込み,56.0,440,14,0,0,9,92.8,5,120.8,35.3,9.0,2026-07-04,1勝クラス,1.0
9168,福島,2000,芝,良,短い,フラット,9,アローメタル,8,牡,3,坂井,美浦 木村,先行,55.0,520,2,0,0,1,1.5,6,120.8,36.0,3.0,2026-07-04,1勝クラス,1.0
9168,福島,2000,芝,良,短い,フラット,8,マイネルボス,7,牡,4,柴田大,美浦 畠山,差し,58.0,440,0,0,0,10,109.6,7,121.1,36.1,6.0,2026-07-04,1勝クラス,1.0
9168,福島,2000,芝,良,短い,フラット,10,コスモエルヴァル,8,牡,3,津村,美浦 青木,逃げ,55.0,486,2,0,0,6,28.4,8,121.2,36.7,1.0,2026-07-04,1勝クラス,1.0
9168,福島,2000,芝,良,短い,フラット,2,メアヴィア,2,牝,5,江田照,美浦 金成,先行,56.0,478,4,0,0,8,35.0,9,121.5,36.7,4.0,2026-07-04,1勝クラス,1.0
9168,福島,2000,芝,良,短い,フラット,1,ニシノイストワール,1,牡,4,荻野極,美浦 鹿戸,追い込み,58.0,468,-2,0,0,7,29.3,10,123.0,37.7,10.0,2026-07-04,1勝クラス,1.0
9166,福島,1700,ダート,稍重,短い,フラット,4,ディーズゴールド,4,牡,4,坂井,美浦 中舘,逃げ,58.0,484,-4,0,0,1,2.7,1,103.4,36.7,2.0,2026-07-04,2勝クラス,2.0
9166,福島,1700,ダート,稍重,短い,フラット,10,ユイノマチブセ,8,牡,6,木幡初,美浦 竹内,逃げ,58.0,442,2,0,0,3,7.3,2,103.6,37.0,1.0,2026-07-04,2勝クラス,2.0
9166,福島,1700,ダート,稍重,短い,フラット,3,レッドベルダンス,3,牡,4,嶋田,美浦 手塚久,先行,58.0,486,6,0,0,4,7.6,3,104.3,37.2,5.0,2026-07-04,2勝クラス,2.0
9166,福島,1700,ダート,稍重,短い,フラット,1,マンダリンボレロ,1,牡,6,松岡,美浦 伊藤伸,先行,58.0,496,-8,0,0,7,16.0,4,104.5,37.6,3.0,2026-07-04,2勝クラス,2.0
9166,福島,1700,ダート,稍重,短い,フラット,8,トゥーザムーン,7,牝,4,木幡巧,美浦 辻,差し,56.0,502,14,0,0,5,7.9,5,105.2,38.0,6.0,2026-07-04,2勝クラス,2.0
9166,福島,1700,ダート,稍重,短い,フラット,5,ダディーズトリップ,5,牡,10,横山典,栗東 千田,追い込み,58.0,472,-4,0,0,9,37.7,6,105.3,36.8,10.0,2026-07-04,2勝クラス,2.0
9166,福島,1700,ダート,稍重,短い,フラット,9,キングツェッペリン,8,牡,5,石橋脩,栗東 牧田,先行,58.0,470,-2,0,0,6,9.4,7,105.3,38.0,3.0,2026-07-04,2勝クラス,2.0
9166,福島,1700,ダート,稍重,短い,フラット,2,ウインアルドーレ,2,牡,5,菊沢,美浦 奥平,差し,58.0,496,-4,0,0,10,57.7,8,105.6,38.1,7.0,2026-07-04,2勝クラス,2.0
9166,福島,1700,ダート,稍重,短い,フラット,7,クロドラバール,7,セ,5,石川,美浦 奥村武,追い込み,58.0,520,4,0,0,8,31.6,9,106.2,38.6,8.0,2026-07-04,2勝クラス,2.0
9166,福島,1700,ダート,稍重,短い,フラット,6,エリーナストーム,6,牝,4,三浦,美浦 鹿戸,追い込み,56.0,524,0,0,0,2,4.0,10,106.8,39.2,8.0,2026-07-04,2勝クラス,2.0
9169,福島,1150,ダート,稍重,短い,フラット,9,ゲイルライダー,8,牡,4,戸崎圭,栗東 牧浦,逃げ,58.0,508,-8,0,0,1,1.6,1,67.1,35.3,2.0,2026-07-04,3勝クラス,3.0
9169,福島,1150,ダート,稍重,短い,フラット,8,イリフィ,7,牝,4,坂井,栗東 高野,先行,56.0,430,0,0,0,2,6.3,2,67.5,35.7,2.0,2026-07-04,3勝クラス,3.0
9169,福島,1150,ダート,稍重,短い,フラット,3,ラストシャリナ,3,牡,4,石川,美浦 矢嶋,差し,58.0,488,-8,0,0,7,26.4,3,67.9,35.6,7.0,2026-07-04,3勝クラス,3.0
9169,福島,1150,ダート,稍重,短い,フラット,7,テセラリアン,7,牝,5,菊沢,美浦 鈴木慎,逃げ,56.0,448,-6,0,0,3,6.9,4,67.9,36.2,1.0,2026-07-04,3勝クラス,3.0
9169,福島,1150,ダート,稍重,短い,フラット,10,カネショウレジェン,8,牡,4,大野,美浦 稲垣,追い込み,58.0,486,0,0,0,4,9.2,5,67.9,35.6,7.0,2026-07-04,3勝クラス,3.0
9169,福島,1150,ダート,稍重,短い,フラット,1,ボディブロー,1,牡,5,荻野極,栗東 森秀,先行,58.0,524,-14,0,0,6,22.0,6,68.0,36.0,4.0,2026-07-04,3勝クラス,3.0
9169,福島,1150,ダート,稍重,短い,フラット,4,メイショウコバト,4,牝,6,石橋脩,美浦 和田勇,先行,56.0,466,-6,0,0,10,95.3,7,68.2,36.1,4.0,2026-07-04,3勝クラス,3.0
9169,福島,1150,ダート,稍重,短い,フラット,2,ゲキザル,2,牡,7,原,美浦 青木,追い込み,58.0,470,-12,0,0,8,27.8,8,68.6,36.0,10.0,2026-07-04,3勝クラス,3.0
9169,福島,1150,ダート,稍重,短い,フラット,6,アイアムユウシュン,6,牡,5,小崎,美浦 奥平,差し,58.0,514,-10,0,0,5,13.4,9,68.6,36.6,4.0,2026-07-04,3勝クラス,3.0
9169,福島,1150,ダート,稍重,短い,フラット,5,ピックアップライン,5,牡,6,木幡巧,美浦 田中剛,追い込み,58.0,506,-10,0,0,9,45.5,10,69.2,36.9,9.0,2026-07-04,3勝クラス,3.0
9167,福島,1200,芝,良,短い,フラット,13,ルージュブリッツ,7,牝,3,荻野極,美浦 古賀慎,先行,53.0,440,16,0,0,7,12.3,1,68.5,34.6,5.0,2026-07-04,未勝利,0.0
9167,福島,1200,芝,良,短い,フラット,10,プリュノワール,5,牝,5,杉原,美浦 浅利,先行,56.0,452,6,0,0,9,16.3,2,68.6,34.6,7.0,2026-07-04,未勝利,0.0
9167,福島,1200,芝,良,短い,フラット,16,ロンドンアームズ,8,牝,5,田辺,美浦 伊坂,先行,56.0,474,0,0,0,8,15.0,3,68.6,34.4,8.0,2026-07-04,未勝利,0.0
9167,福島,1200,芝,良,短い,フラット,14,トワニ,7,牝,3,横山典,美浦 蛯名正,差し,53.0,424,0,0,0,1,3.3,4,68.7,34.4,10.0,2026-07-04,未勝利,0.0
9167,福島,1200,芝,良,短い,フラット,11,リラベガ,6,牝,3,丸山,美浦 岩戸,逃げ,53.0,434,12,0,0,3,6.5,5,68.7,35.0,3.0,2026-07-04,未勝利,0.0
9167,福島,1200,芝,良,短い,フラット,15,カガラプンツェル,8,牝,3,江田照,美浦 萱野,逃げ,53.0,476,0,0,0,5,10.4,6,68.8,35.3,1.0,2026-07-04,未勝利,0.0
9167,福島,1200,芝,良,短い,フラット,7,レッドカメリア,4,牝,6,嶋田,美浦 佐藤吉,追い込み,56.0,464,0,0,0,13,110.4,7,68.8,34.5,13.0,2026-07-04,未勝利,0.0
9167,福島,1200,芝,良,短い,フラット,3,アルマロクザン,2,牝,6,松岡,美浦 伊藤伸,逃げ,56.0,488,2,0,0,10,59.6,8,68.8,35.1,3.0,2026-07-04,未勝利,0.0
9167,福島,1200,芝,良,短い,フラット,5,ルパヴィヨン,3,牝,4,菊沢,美浦 小手川,先行,56.0,468,-4,0,0,6,12.1,9,68.8,35.1,5.0,2026-07-04,未勝利,0.0
9167,福島,1200,芝,良,短い,フラット,6,ラヴノー,3,牝,3,津村,美浦 林,差し,53.0,408,6,0,0,2,4.4,10,68.9,34.9,8.0,2026-07-04,未勝利,0.0
9167,福島,1200,芝,良,短い,フラット,4,ミセスリリー,2,牝,4,石田,美浦 宮田,追い込み,53.0,478,6,0,0,11,88.1,11,69.4,34.1,15.0,2026-07-04,未勝利,0.0
9167,福島,1200,芝,良,短い,フラット,8,パッションディーバ,4,牝,4,武藤,美浦 武藤,追い込み,56.0,448,2,0,0,15,138.1,12,69.4,34.6,14.0,2026-07-04,未勝利,0.0
9167,福島,1200,芝,良,短い,フラット,2,アテンスマイル,1,牝,5,上里,美浦 室井,差し,53.0,460,-12,0,0,14,122.6,13,69.5,35.2,10.0,2026-07-04,未勝利,0.0
9167,福島,1200,芝,良,短い,フラット,12,カシノリアーナ,6,牝,3,佐藤,美浦 天間,追い込み,50.0,426,-6,0,0,12,89.6,14,69.7,34.6,15.0,2026-07-04,未勝利,0.0
9167,福島,1200,芝,良,短い,フラット,9,ブラックティンカー,5,牝,4,原,美浦 粕谷,逃げ,56.0,462,0,0,0,4,8.7,15,70.1,36.6,2.0,2026-07-04,未勝利,0.0
9167,福島,1200,芝,良,短い,フラット,1,ピクラリーダ,1,牝,5,木幡巧,美浦 清水英,差し,56.0,464,8,0,0,16,223.5,16,70.6,36.3,10.0,2026-07-04,未勝利,0.0
9170,函館,1800,芝,良,短い,フラット,16,ニシノマルガリート,8,牡,3,横山武,美浦 鈴木伸,逃げ,57.0,438,2,0,0,4,10.5,1,108.2,34.8,3.0,2026-07-04,未勝利,0.0
9170,函館,1800,芝,良,短い,フラット,3,トリニタリオ,2,牡,3,横山和,美浦 勢司,逃げ,57.0,434,6,0,0,1,2.1,2,108.2,35.1,1.0,2026-07-04,未勝利,0.0
9170,函館,1800,芝,良,短い,フラット,5,コワンニシタガウ,3,牡,3,武豊,栗東 庄野,逃げ,57.0,486,10,0,0,2,4.8,3,108.3,34.9,3.0,2026-07-04,未勝利,0.0
9170,函館,1800,芝,良,短い,フラット,1,ヒメヒオウギ,1,牝,3,河原田,栗東 中竹,差し,51.0,390,4,0,0,5,10.6,4,108.3,34.4,9.0,2026-07-04,未勝利,0.0
9170,函館,1800,芝,良,短い,フラット,15,エイシンリーガル,8,牡,3,松本,栗東 高橋康,先行,57.0,468,-2,0,0,12,86.9,5,108.5,34.9,6.0,2026-07-04,未勝利,0.0
9170,函館,1800,芝,良,短い,フラット,10,ボーントゥラブユー,5,牝,3,横山琉,美浦 小笠,先行,55.0,474,0,0,0,7,17.2,6,108.5,35.1,3.0,2026-07-04,未勝利,0.0
9170,函館,1800,芝,良,短い,フラット,13,ユマハム,7,牡,3,舟山,美浦 田中博,逃げ,56.0,466,-2,0,0,6,13.0,7,108.5,35.5,2.0,2026-07-04,未勝利,0.0
9170,函館,1800,芝,良,短い,フラット,11,タイセイルビー,6,牝,3,鮫島駿,美浦 千葉,先行,55.0,452,0,0,0,13,110.4,8,108.6,34.8,6.0,2026-07-04,未勝利,0.0
9170,函館,1800,芝,良,短い,フラット,14,ワダツミ,7,牝,3,川又,栗東 笹田,差し,55.0,446,0,0,0,8,54.3,9,108.8,34.7,11.0,2026-07-04,未勝利,0.0
9170,函館,1800,芝,良,短い,フラット,4,ホウショウリュウ,2,牡,3,岩田康,美浦 本間,先行,57.0,470,6,0,0,15,195.7,10,108.8,35.2,6.0,2026-07-04,未勝利,0.0
9170,函館,1800,芝,良,短い,フラット,7,スワトウ,4,牝,3,和田陽,栗東 牧田,差し,52.0,446,4,0,0,9,66.4,11,108.9,34.9,9.0,2026-07-04,未勝利,0.0
9170,函館,1800,芝,良,短い,フラット,12,メイショウローゼ,6,牝,3,吉田隼,栗東 本田,差し,55.0,416,10,0,0,3,6.1,12,109.1,34.8,12.0,2026-07-04,未勝利,0.0
9170,函館,1800,芝,良,短い,フラット,2,デイズインザサン,1,牝,3,大久保,美浦 小野,追い込み,52.0,470,6,0,0,11,82.3,13,109.2,34.9,14.0,2026-07-04,未勝利,0.0
9170,函館,1800,芝,良,短い,フラット,6,アウェイクネス,3,牝,3,鷲頭,栗東 前川,追い込み,53.0,438,0,0,0,16,238.9,14,109.2,35.1,12.0,2026-07-04,未勝利,0.0
9170,函館,1800,芝,良,短い,フラット,8,マイネルディザイア,4,牡,3,丹内,美浦 室井,追い込み,57.0,436,4,0,0,14,170.9,15,109.4,34.8,15.0,2026-07-04,未勝利,0.0
9170,函館,1800,芝,良,短い,フラット,9,ヴァールザーゲン,5,牝,3,小林美,美浦 松山,追い込み,52.0,412,10,0,0,10,80.1,16,111.4,37.1,16.0,2026-07-04,未勝利,0.0
9171,函館,1700,ダート,良,短い,フラット,9,ギンケイ,7,牝,3,横山琉,美浦 中川,差し,55.0,470,2,0,0,1,2.5,1,106.7,37.8,8.0,2026-07-04,未勝利,0.0
9171,函館,1700,ダート,良,短い,フラット,6,ルージュリヴィエラ,5,牝,3,横山和,美浦 嘉藤,先行,55.0,410,-2,0,0,8,31.1,2,106.8,38.3,4.0,2026-07-04,未勝利,0.0
9171,函館,1700,ダート,良,短い,フラット,10,ウォータースパウト,7,牝,3,国分恭,美浦 小笠,先行,55.0,464,2,0,0,4,12.8,3,107.1,38.5,4.0,2026-07-04,未勝利,0.0
9171,函館,1700,ダート,良,短い,フラット,3,テリオスリコ,3,牝,3,古川吉,栗東 松下,先行,55.0,440,-2,0,0,11,302.1,4,107.7,38.8,6.0,2026-07-04,未勝利,0.0
9171,函館,1700,ダート,良,短い,フラット,8,ルージュボニート,6,牝,3,丹内,美浦 高柳瑞,逃げ,55.0,446,2,0,0,5,20.5,5,107.7,39.6,2.0,2026-07-04,未勝利,0.0
9171,函館,1700,ダート,良,短い,フラット,5,ラショナルポイント,5,牝,3,横山武,美浦 大竹,逃げ,55.0,478,4,0,0,3,3.6,6,108.3,40.3,1.0,2026-07-04,未勝利,0.0
9171,函館,1700,ダート,良,短い,フラット,1,ハスカップジャム,1,牝,3,長浜,美浦 中舘,逃げ,54.0,416,-6,0,0,9,67.4,7,108.7,40.8,2.0,2026-07-04,未勝利,0.0
9171,函館,1700,ダート,良,短い,フラット,2,マスカルポーネ,2,牝,3,舟山,美浦 水野,差し,54.0,442,-4,0,0,6,25.3,8,109.5,41.2,6.0,2026-07-04,未勝利,0.0
9171,函館,1700,ダート,良,短い,フラット,4,ペガサスウィンド,4,牝,3,鮫島駿,栗東 宮地,差し,55.0,500,2,0,0,2,3.1,9,109.8,41.4,8.0,2026-07-04,未勝利,0.0
9171,函館,1700,ダート,良,短い,フラット,11,ブリスフルイヤー,8,牝,3,小林美,美浦 新開,追い込み,52.0,462,8,0,0,7,25.7,10,110.2,40.5,10.0,2026-07-04,未勝利,0.0
9171,函館,1700,ダート,良,短い,フラット,12,ハヤブサブロー,8,牝,3,吉田隼,栗東 高橋忠,追い込み,55.0,432,2,0,0,10,89.1,11,113.3,43.9,11.0,2026-07-04,未勝利,0.0
9171,函館,1700,ダート,良,短い,フラット,7,ティナンヴァランタ,6,牝,3,黛,美浦 森一,追い込み,55.0,450,4,0,0,0,0.0,99,,,,2026-07-04,未勝利,0.0
9172,函館,1200,芝,良,短い,フラット,14,ロードクラシコ,7,牡,3,斎藤,美浦 斎藤誠,逃げ,57.0,488,-8,0,0,6,17.2,1,68.4,34.7,1.0,2026-07-04,未勝利,0.0
9172,函館,1200,芝,良,短い,フラット,2,ルージュフィーリア,1,牝,3,佐々木,美浦 大竹,逃げ,55.0,490,0,0,0,4,7.1,2,68.4,34.4,4.0,2026-07-04,未勝利,0.0
9172,函館,1200,芝,良,短い,フラット,1,ホウオウザロイヤル,1,牡,3,丹内,美浦 堀,先行,57.0,526,0,0,0,5,12.1,3,68.6,34.2,5.0,2026-07-04,未勝利,0.0
9172,函館,1200,芝,良,短い,フラット,15,スッサンエア,8,牝,3,鮫島駿,栗東 河嶋,先行,55.0,442,6,0,0,3,5.8,4,69.0,34.5,7.0,2026-07-04,未勝利,0.0
9172,函館,1200,芝,良,短い,フラット,5,ディサイドオンミー,3,牝,3,大久保,美浦 堀内,先行,52.0,416,2,0,0,7,18.4,5,69.0,34.7,5.0,2026-07-04,未勝利,0.0
9172,函館,1200,芝,良,短い,フラット,9,ゲレイロ,5,牡,3,小沢,栗東 今野,先行,57.0,462,-4,0,0,13,119.9,6,69.2,34.5,8.0,2026-07-04,未勝利,0.0
9172,函館,1200,芝,良,短い,フラット,16,ヤジロベエバランス,8,牝,3,河原田,美浦 岩戸,逃げ,51.0,408,8,0,0,10,72.3,7,69.2,35.4,2.0,2026-07-04,未勝利,0.0
9172,函館,1200,芝,良,短い,フラット,12,オリヒメボシ,6,牝,3,舟山,栗東 庄野,差し,54.0,426,2,0,0,8,24.9,8,69.2,34.2,12.0,2026-07-04,未勝利,0.0
9172,函館,1200,芝,良,短い,フラット,4,ブラックジャック,2,牡,3,小林美,栗東 須貝,追い込み,54.0,490,-6,0,0,2,4.6,9,69.3,33.8,15.0,2026-07-04,未勝利,0.0
9172,函館,1200,芝,良,短い,フラット,10,チェリーブルーム,5,牝,3,遠藤,美浦 蛯名利,逃げ,52.0,454,8,0,0,14,230.6,10,69.3,35.5,2.0,2026-07-04,未勝利,0.0
9172,函館,1200,芝,良,短い,フラット,7,カテドラルクォーツ,4,牡,3,黛,美浦 菊沢,差し,57.0,478,2,0,0,16,347.1,11,69.3,34.6,8.0,2026-07-04,未勝利,0.0
9172,函館,1200,芝,良,短い,フラット,3,グローリアスダンス,2,牝,3,長浜,美浦 粕谷,追い込み,54.0,422,0,0,0,15,283.4,12,69.4,34.5,12.0,2026-07-04,未勝利,0.0
9172,函館,1200,芝,良,短い,フラット,8,ソチミルコ,4,牝,3,横山武,美浦 宮田,追い込み,55.0,452,0,0,0,9,25.8,13,69.5,34.5,12.0,2026-07-04,未勝利,0.0
9172,函館,1200,芝,良,短い,フラット,6,フクノアンタレス,3,牝,3,鷲頭,美浦 堀内,差し,53.0,438,6,0,0,11,102.4,14,69.5,34.8,10.0,2026-07-04,未勝利,0.0
9172,函館,1200,芝,良,短い,フラット,13,スカイプレリュード,7,牡,3,横山琉,美浦 室井,差し,57.0,478,2,0,0,12,103.8,15,69.6,34.8,10.0,2026-07-04,未勝利,0.0
9172,函館,1200,芝,良,短い,フラット,11,フルムーン,6,牡,3,武豊,栗東 藤岡健,追い込み,57.0,478,10,0,0,1,2.5,16,72.4,37.0,16.0,2026-07-04,未勝利,0.0
9171,函館,1700,ダート,良,短い,フラット,5,レッドフロイデ,4,牡,3,河原田,栗東 大久保,逃げ,53.0,446,2,0,0,1,2.1,1,106.1,37.6,2.0,2026-07-04,未勝利,0.0
9171,函館,1700,ダート,良,短い,フラット,11,ストリートクイーン,7,牝,3,丹内,栗東 高橋一,先行,55.0,458,4,0,0,7,20.0,2,106.2,37.5,4.0,2026-07-04,未勝利,0.0
9171,函館,1700,ダート,良,短い,フラット,2,ブレイズランナー,2,牡,3,長浜,美浦 蛯名正,先行,56.0,478,4,0,0,3,7.8,3,106.4,37.6,4.0,2026-07-04,未勝利,0.0
9171,函館,1700,ダート,良,短い,フラット,1,メイショウセンドウ,1,牡,3,吉田隼,栗東 飯田,先行,57.0,466,-8,0,0,5,11.3,4,106.5,37.4,6.0,2026-07-04,未勝利,0.0
9171,函館,1700,ダート,良,短い,フラット,13,チャーチルデュース,8,牡,3,武豊,栗東 松永幹,逃げ,57.0,504,-4,0,0,4,8.1,5,106.9,38.5,1.0,2026-07-04,未勝利,0.0
9171,函館,1700,ダート,良,短い,フラット,14,トルークマクト,8,牝,3,鷲頭,栗東 福永,逃げ,53.0,452,6,0,0,9,29.7,6,107.6,39.1,3.0,2026-07-04,未勝利,0.0
9171,函館,1700,ダート,良,短い,フラット,6,フェンリル,4,牡,3,石川倭,美浦 高木,先行,57.0,500,0,0,0,10,63.7,7,107.7,38.6,7.0,2026-07-04,未勝利,0.0
9171,函館,1700,ダート,良,短い,フラット,8,クラン,5,牝,3,横山武,栗東 昆,追い込み,55.0,438,4,0,0,6,12.1,8,108.5,38.3,12.0,2026-07-04,未勝利,0.0
9171,函館,1700,ダート,良,短い,フラット,9,ライヴマルガリータ,6,牝,3,古川吉,美浦 牧,差し,55.0,468,6,0,0,13,291.2,9,109.0,39.3,8.0,2026-07-04,未勝利,0.0
9171,函館,1700,ダート,良,短い,フラット,7,ブリリアンス,5,牡,3,松本,美浦 大和田,差し,57.0,450,4,0,0,11,175.7,10,109.2,39.5,8.0,2026-07-04,未勝利,0.0
9171,函館,1700,ダート,良,短い,フラット,10,シュヴェスター,6,牝,3,舟山,栗東 高橋亮,差し,54.0,424,0,0,0,8,25.7,11,109.4,40.1,10.0,2026-07-04,未勝利,0.0
9171,函館,1700,ダート,良,短い,フラット,4,ステキサプライズ,3,牡,3,横山琉,美浦 粕谷,追い込み,57.0,432,0,0,0,12,211.5,12,109.9,39.4,13.0,2026-07-04,未勝利,0.0
9171,函館,1700,ダート,良,短い,フラット,12,ララニューディー,7,牡,3,佐々木,美浦 大竹,追い込み,57.0,506,-4,0,0,2,4.7,13,110.1,40.7,10.0,2026-07-04,未勝利,0.0
9171,函館,1700,ダート,良,短い,フラット,3,ディープマウンテン,3,牝,3,小林美,美浦 深山,追い込み,52.0,420,18,0,0,0,0.0,99,,,,2026-07-04,未勝利,0.0
9172,函館,1200,芝,良,短い,フラット,10,ストレイトアスク,8,牝,5,小林美,栗東 藤原,逃げ,53.0,438,2,0,0,4,12.6,1,68.3,34.6,2.0,2026-07-04,未勝利,0.0
9172,函館,1200,芝,良,短い,フラット,3,デルマリシリ,3,牝,3,武豊,栗東 田中克,先行,53.0,474,-4,0,0,1,1.9,2,68.4,34.3,5.0,2026-07-04,未勝利,0.0
9172,函館,1200,芝,良,短い,フラット,5,ライトニングロッド,5,牝,3,横山琉,栗東 高橋忠,逃げ,53.0,468,2,0,0,6,24.6,3,68.5,34.9,1.0,2026-07-04,未勝利,0.0
9172,函館,1200,芝,良,短い,フラット,1,ツルノマイハシ,1,牝,3,佐々木,美浦 杉浦,先行,53.0,466,8,0,0,2,3.7,4,68.5,34.7,2.0,2026-07-04,未勝利,0.0
9172,函館,1200,芝,良,短い,フラット,9,ルージュナリッシュ,8,牝,4,池添,美浦 手塚徳,差し,56.0,460,6,0,0,5,19.3,5,68.6,34.3,7.0,2026-07-04,未勝利,0.0
9172,函館,1200,芝,良,短い,フラット,6,アルバニー,6,牝,5,舟山,栗東 千田,追い込み,55.0,466,6,0,0,7,87.8,6,68.9,34.4,9.0,2026-07-04,未勝利,0.0
9172,函館,1200,芝,良,短い,フラット,4,ココソラーレ,4,牝,3,古川奈,美浦 天間,追い込み,51.0,430,8,0,0,10,230.3,7,69.0,34.2,10.0,2026-07-04,未勝利,0.0
9172,函館,1200,芝,良,短い,フラット,7,メイショウハッケイ,7,牝,3,浜中,栗東 本田,差し,53.0,470,-2,0,0,3,3.8,8,69.0,35.0,5.0,2026-07-04,未勝利,0.0
9172,函館,1200,芝,良,短い,フラット,2,キミノナハオリョウ,2,牝,3,遠藤,栗東 千田,追い込み,50.0,432,4,0,0,8,112.0,9,69.2,35.2,7.0,2026-07-04,未勝利,0.0
9172,函館,1200,芝,良,短い,フラット,8,ジュジュドール,7,牝,3,丹内,栗東 西園翔,先行,53.0,456,-2,0,0,9,200.3,10,69.2,35.4,4.0,2026-07-04,未勝利,0.0
9173,函館,2600,芝,良,短い,フラット,3,ダノンヒストリー,3,牡,3,浜中,美浦 堀,逃げ,55.0,478,-14,0,0,1,1.6,1,157.6,35.7,1.0,2026-07-04,未勝利,0.0
9173,函館,2600,芝,良,短い,フラット,4,アスクファイアモア,4,牡,3,吉田隼,栗東 矢作,差し,55.0,508,10,0,0,5,17.8,2,159.9,37.3,5.0,2026-07-04,未勝利,0.0
9173,函館,2600,芝,良,短い,フラット,2,サイモンイロハニー,2,牝,4,小沢,栗東 谷,追い込み,56.0,426,-2,0,0,6,94.9,3,160.2,37.4,5.0,2026-07-04,未勝利,0.0
9173,函館,2600,芝,良,短い,フラット,1,グランアルト,1,牡,3,斎藤,美浦 斎藤誠,先行,55.0,508,-4,0,0,4,16.2,4,160.2,37.9,3.0,2026-07-04,未勝利,0.0
9173,函館,2600,芝,良,短い,フラット,7,ペリプルス,7,牡,6,横山琉,美浦 佐藤吉,追い込み,58.0,438,2,0,0,3,8.4,5,160.8,38.2,5.0,2026-07-04,未勝利,0.0
9173,函館,2600,芝,良,短い,フラット,5,ニューアライブ,5,牡,3,石川倭,地方 斉藤正,差し,55.0,466,-2,0,0,7,106.4,6,161.0,38.6,4.0,2026-07-04,未勝利,0.0
9173,函館,2600,芝,良,短い,フラット,6,バズアップビート,6,セ,4,武豊,栗東 武幸,先行,58.0,502,0,0,0,2,2.4,7,161.3,39.4,2.0,2026-07-04,未勝利,0.0
9170,函館,1800,芝,良,短い,フラット,6,ウインベラーノ,6,牡,4,丹内,栗東 宮,逃げ,58.0,470,4,0,0,5,6.4,1,108.6,34.9,1.0,2026-07-04,1勝クラス,1.0
9170,函館,1800,芝,良,短い,フラット,7,グレーヌドジョワ,7,牡,3,荻野琢,栗東 今野,逃げ,55.0,446,4,0,0,1,3.6,2,108.7,34.9,2.0,2026-07-04,1勝クラス,1.0
9170,函館,1800,芝,良,短い,フラット,1,グランセゾン,1,牝,4,斎藤,美浦 栗田,先行,56.0,472,4,0,0,3,4.8,3,108.7,34.5,4.0,2026-07-04,1勝クラス,1.0
9170,函館,1800,芝,良,短い,フラット,5,アルディスティーノ,5,牝,4,横山琉,栗東 安田,先行,56.0,472,4,0,0,6,11.4,4,108.8,34.8,3.0,2026-07-04,1勝クラス,1.0
9170,函館,1800,芝,良,短い,フラット,3,ゴーゴータカシ,3,セ,4,吉田隼,美浦 武井,差し,58.0,478,0,0,0,2,4.0,5,108.9,34.6,6.0,2026-07-04,1勝クラス,1.0
9170,函館,1800,芝,良,短い,フラット,2,マイバラード,2,牡,6,長浜,美浦 松永康,追い込み,58.0,472,4,0,0,7,12.9,6,109.1,34.9,6.0,2026-07-04,1勝クラス,1.0
9170,函館,1800,芝,良,短い,フラット,8,キセキノエンジェル,8,牝,7,河原田,美浦 武市,追い込み,56.0,476,4,0,0,8,92.6,7,109.1,34.6,8.0,2026-07-04,1勝クラス,1.0
9170,函館,1800,芝,良,短い,フラット,4,タイキルッジェーロ,4,牡,3,鮫島駿,栗東 高野,追い込み,55.0,512,8,0,0,4,5.2,8,109.2,34.8,8.0,2026-07-04,1勝クラス,1.0
9170,函館,1800,芝,良,短い,フラット,9,スタードメイソン,8,牝,4,舟山,栗東 加藤公,差し,56.0,392,-2,0,0,9,119.0,9,110.0,36.0,4.0,2026-07-04,1勝クラス,1.0
9171,函館,1700,ダート,良,短い,フラット,2,ケイアイアギト,2,牡,3,鮫島駿,美浦 加藤征,逃げ,55.0,518,-2,0,0,1,1.9,1,105.5,38.6,1.0,2026-07-04,2勝クラス,2.0
9171,函館,1700,ダート,良,短い,フラット,1,セボンサデッセ,1,牡,4,武豊,栗東 橋口,先行,58.0,504,18,0,0,4,7.5,2,105.6,38.1,4.0,2026-07-04,2勝クラス,2.0
9171,函館,1700,ダート,良,短い,フラット,6,オセアバトルプラン,4,牡,6,古川吉,美浦 菊川,差し,58.0,486,2,0,0,12,228.9,3,105.7,38.0,8.0,2026-07-04,2勝クラス,2.0
9171,函館,1700,ダート,良,短い,フラット,11,メイショウタイピン,7,牡,4,池添,栗東 飯田,先行,58.0,500,-2,0,0,9,57.9,4,105.9,38.7,4.0,2026-07-04,2勝クラス,2.0
9171,函館,1700,ダート,良,短い,フラット,9,エアニゲラ,6,牝,4,舟山,栗東 池添,逃げ,56.0,468,4,0,0,7,34.6,5,105.9,38.9,2.0,2026-07-04,2勝クラス,2.0
9171,函館,1700,ダート,良,短い,フラット,14,ディアウス,8,牡,4,横山武,栗東 吉岡,逃げ,58.0,456,4,0,0,2,5.2,6,105.9,39.0,2.0,2026-07-04,2勝クラス,2.0
9171,函館,1700,ダート,良,短い,フラット,12,エンプレスフレーム,7,牝,4,原田和,美浦 上原博,差し,56.0,454,-2,0,0,14,289.3,7,106.0,38.5,8.0,2026-07-04,2勝クラス,2.0
9171,函館,1700,ダート,良,短い,フラット,4,マッスルバック,3,牡,5,黛,栗東 秋山,差し,58.0,484,8,0,0,13,235.8,8,106.2,38.4,10.0,2026-07-04,2勝クラス,2.0
9171,函館,1700,ダート,良,短い,フラット,5,ライフゲート,4,セ,4,丹内,美浦 伊藤圭,追い込み,58.0,512,-2,0,0,3,5.8,9,106.2,38.3,10.0,2026-07-04,2勝クラス,2.0
9171,函館,1700,ダート,良,短い,フラット,13,ギマール,8,牡,5,国分恭,栗東 岡田,追い込み,58.0,452,0,0,0,11,84.1,10,106.3,37.9,13.0,2026-07-04,2勝クラス,2.0
9171,函館,1700,ダート,良,短い,フラット,3,レッドライトニング,3,牡,5,長浜,美浦 浅利,追い込み,58.0,492,0,0,0,8,42.0,11,106.4,38.5,10.0,2026-07-04,2勝クラス,2.0
9171,函館,1700,ダート,良,短い,フラット,8,バタール,5,セ,4,浜中,美浦 鹿戸,先行,58.0,548,-2,0,0,5,13.9,12,107.9,40.5,6.0,2026-07-04,2勝クラス,2.0
9171,函館,1700,ダート,良,短い,フラット,7,モレポブラーノ,5,牡,4,小沢,栗東 庄野,先行,58.0,558,14,0,0,10,76.1,13,109.9,42.7,6.0,2026-07-04,2勝クラス,2.0
9171,函館,1700,ダート,良,短い,フラット,10,ストラーダ,6,牝,3,横山和,栗東 安田,追い込み,53.0,478,-2,0,0,6,17.4,14,111.6,44.2,14.0,2026-07-04,2勝クラス,2.0
9172,函館,1200,芝,良,短い,フラット,8,マーブルパレス,4,牝,3,斎藤,栗東 茶木,先行,53.0,424,10,0,0,3,5.7,1,67.8,34.3,5.0,2026-07-04,3勝クラス,3.0
9172,函館,1200,芝,良,短い,フラット,12,メルトユアハート,6,牝,5,横山和,栗東 長谷川,先行,56.0,506,2,0,0,5,11.3,2,67.9,34.2,5.0,2026-07-04,3勝クラス,3.0
9172,函館,1200,芝,良,短い,フラット,14,ルーフ,7,牝,6,佐々木,栗東 清水久,差し,56.0,508,6,0,0,10,25.0,3,68.0,33.7,12.0,2026-07-04,3勝クラス,3.0
9172,函館,1200,芝,良,短い,フラット,6,シカゴスティング,3,牝,5,武豊,栗東 庄野,先行,56.0,454,0,0,0,4,10.3,4,68.0,34.1,7.0,2026-07-04,3勝クラス,3.0
9172,函館,1200,芝,良,短い,フラット,3,サムハンター,2,牡,8,松本,栗東 高橋康,追い込み,58.0,496,0,0,0,13,55.3,5,68.0,33.5,14.0,2026-07-04,3勝クラス,3.0
9172,函館,1200,芝,良,短い,フラット,9,パクスロマーナ,5,牝,6,舟山,栗東 加藤公,逃げ,56.0,438,-4,0,0,6,16.0,6,68.1,35.0,2.0,2026-07-04,3勝クラス,3.0
9172,函館,1200,芝,良,短い,フラット,11,エヴァンスウィート,6,牝,5,吉田隼,栗東 友道,差し,56.0,460,2,0,0,8,17.0,7,68.2,33.9,10.0,2026-07-04,3勝クラス,3.0
9172,函館,1200,芝,良,短い,フラット,7,アンジュプロミス,4,牝,3,古川奈,栗東 矢作,逃げ,53.0,452,4,0,0,2,5.5,8,68.3,34.9,3.0,2026-07-04,3勝クラス,3.0
9172,函館,1200,芝,良,短い,フラット,13,ポエットリー,7,牝,5,鮫島駿,栗東 平田,差し,56.0,484,10,0,0,7,16.5,9,68.3,34.2,10.0,2026-07-04,3勝クラス,3.0
9172,函館,1200,芝,良,短い,フラット,5,サウスバンク,3,牝,4,丹内,栗東 吉岡,逃げ,56.0,490,4,0,0,1,2.8,10,68.3,35.3,1.0,2026-07-04,3勝クラス,3.0
9172,函館,1200,芝,良,短い,フラット,10,ハッピーロンドン,5,牡,6,長浜,美浦 菊沢,先行,58.0,486,12,0,0,14,71.5,11,68.3,34.3,8.0,2026-07-04,3勝クラス,3.0
9172,函館,1200,芝,良,短い,フラット,2,ウィルオレオール,1,牡,4,石川倭,地方 小国博,追い込み,58.0,502,-10,0,0,16,197.6,12,68.3,34.0,12.0,2026-07-04,3勝クラス,3.0
9172,函館,1200,芝,良,短い,フラット,15,ロードマイライフ,8,牡,5,横山琉,栗東 佐藤悠,追い込み,58.0,522,16,0,0,12,43.4,13,68.3,33.5,15.0,2026-07-04,3勝クラス,3.0
9172,函館,1200,芝,良,短い,フラット,4,エコロジーク,2,牡,4,岩田康,栗東 森秀,逃げ,58.0,488,4,0,0,11,35.4,14,68.5,35.1,3.0,2026-07-04,3勝クラス,3.0
9172,函館,1200,芝,良,短い,フラット,16,ゴールドサーベル,8,牡,5,小沢,栗東 大久保,追い込み,58.0,476,-2,0,0,15,122.6,15,68.7,33.6,15.0,2026-07-04,3勝クラス,3.0
9172,函館,1200,芝,良,短い,フラット,1,ドゥアムール,1,牝,4,池添,栗東 中竹,差し,56.0,486,2,0,0,9,21.0,16,68.9,35.1,8.0,2026-07-04,3勝クラス,3.0
9171,函館,1700,ダート,良,短い,フラット,6,シーズザスローン,6,牡,3,武豊,栗東 松永幹,先行,55.0,478,0,0,0,1,1.9,1,105.5,36.5,2.0,2026-07-04,未勝利,0.0
9171,函館,1700,ダート,良,短い,フラット,4,アチーヴァー,4,牡,3,佐々木,栗東 石坂,先行,55.0,458,2,0,0,4,17.2,2,105.7,36.7,2.0,2026-07-04,未勝利,0.0
9171,函館,1700,ダート,良,短い,フラット,3,ゴールドブレイズ,3,牡,3,横山武,美浦 浅利,逃げ,55.0,432,0,0,0,2,2.1,3,106.2,37.3,1.0,2026-07-04,未勝利,0.0
9171,函館,1700,ダート,良,短い,フラット,1,ブレイジングスター,1,牡,4,和田陽,栗東 高橋康,差し,55.0,480,-2,0,0,6,23.0,4,106.7,37.4,5.0,2026-07-04,未勝利,0.0
9171,函館,1700,ダート,良,短い,フラット,2,イサギ,2,牡,3,小沢,栗東 小椋,差し,55.0,480,6,0,0,7,27.3,5,106.8,37.6,4.0,2026-07-04,未勝利,0.0
9171,函館,1700,ダート,良,短い,フラット,7,カーフキック,7,セ,4,舟山,美浦 高橋文,追い込み,57.0,452,12,0,0,3,12.5,6,107.3,37.8,7.0,2026-07-04,未勝利,0.0
9171,函館,1700,ダート,良,短い,フラット,5,シュヴァルノワール,5,牡,4,横山和,美浦 嘉藤,追い込み,58.0,506,12,0,0,5,21.7,7,107.8,38.4,6.0,2026-07-04,未勝利,0.0
9174,福島,1700,ダート,良,短い,フラット,12,ウインビギニング,7,牡,3,松山,美浦 上原博,逃げ,57.0,496,-4,0,0,1,1.5,1,106.0,37.0,2.0,2026-06-28,未勝利,0.0
9174,福島,1700,ダート,良,短い,フラット,7,チェイサー,4,牡,3,佐藤,美浦 相沢,逃げ,54.0,420,0,0,0,5,32.9,2,106.0,37.1,1.0,2026-06-28,未勝利,0.0
9174,福島,1700,ダート,良,短い,フラット,13,カシマライフウ,7,牡,3,松岡,美浦 伊藤伸,先行,57.0,482,4,0,0,3,5.7,3,106.7,37.6,4.0,2026-06-28,未勝利,0.0
9174,福島,1700,ダート,良,短い,フラット,5,イトシサ,3,牡,3,三浦,美浦 田中博,逃げ,57.0,514,2,0,0,2,4.3,4,106.8,38.0,3.0,2026-06-28,未勝利,0.0
9174,福島,1700,ダート,良,短い,フラット,9,ロジキセキ,5,牡,3,田口,美浦 新開,先行,57.0,482,-6,0,0,9,59.4,5,107.3,38.1,4.0,2026-06-28,未勝利,0.0
9174,福島,1700,ダート,良,短い,フラット,6,プロミスライン,4,牝,3,石神道,美浦 森一,先行,52.0,460,18,0,0,4,32.8,6,107.6,38.2,6.0,2026-06-28,未勝利,0.0
9174,福島,1700,ダート,良,短い,フラット,15,テンカラットレター,8,牡,3,木幡初,美浦 本間,差し,57.0,460,-4,0,0,10,63.6,7,107.7,38.1,11.0,2026-06-28,未勝利,0.0
9174,福島,1700,ダート,良,短い,フラット,3,カミノテイオー,2,牡,3,木幡巧,美浦 奥平,差し,57.0,464,-14,0,0,12,198.2,8,108.0,38.6,8.0,2026-06-28,未勝利,0.0
9174,福島,1700,ダート,良,短い,フラット,1,ゴールドフリーダム,1,セ,3,菊沢,美浦 青木,差し,57.0,462,-2,0,0,7,46.0,9,108.1,38.7,8.0,2026-06-28,未勝利,0.0
9174,福島,1700,ダート,良,短い,フラット,2,カラクリスピリッツ,2,牝,3,小林脩,美浦 斎藤誠,先行,55.0,466,4,0,0,8,53.8,10,108.2,39.1,6.0,2026-06-28,未勝利,0.0
9174,福島,1700,ダート,良,短い,フラット,4,オセアフェアモント,3,牡,3,野中,美浦 菊川,追い込み,57.0,470,0,0,0,13,201.1,11,108.8,39.1,11.0,2026-06-28,未勝利,0.0
9174,福島,1700,ダート,良,短い,フラット,14,ロココ,8,牝,3,上里,美浦 加藤和,差し,52.0,448,2,0,0,11,90.7,12,109.4,40.1,10.0,2026-06-28,未勝利,0.0
9174,福島,1700,ダート,良,短い,フラット,8,サイモングリーマン,5,牡,3,木幡育,美浦 的場,追い込み,57.0,486,16,0,0,14,500.9,13,110.0,39.2,13.0,2026-06-28,未勝利,0.0
9174,福島,1700,ダート,良,短い,フラット,10,アシタバスピリッツ,6,牝,3,水沼,美浦 西田,追い込み,52.0,468,0,0,0,6,38.3,99,,,14.0,2026-06-28,未勝利,0.0
9174,福島,1700,ダート,良,短い,フラット,11,ゴーントゥファー,6,セ,3,荻野極,美浦 小島,追い込み,57.0,470,-6,0,0,0,0.0,99,,,,2026-06-28,未勝利,0.0
9175,福島,1150,ダート,良,短い,フラット,6,サトノワーグナー,3,牡,3,戸崎圭,美浦 斎藤誠,逃げ,57.0,484,-2,0,0,2,4.0,1,68.6,37.3,2.0,2026-06-28,未勝利,0.0
9175,福島,1150,ダート,良,短い,フラット,16,オレンジキャンパス,8,牝,3,武藤,美浦 武藤,逃げ,55.0,472,2,0,0,3,5.8,2,68.8,37.7,1.0,2026-06-28,未勝利,0.0
9175,福島,1150,ダート,良,短い,フラット,11,ミラビリオン,6,牡,3,松山,美浦 伊坂,先行,57.0,488,2,0,0,5,7.8,3,69.0,36.9,8.0,2026-06-28,未勝利,0.0
9175,福島,1150,ダート,良,短い,フラット,7,イイクニパッション,4,牡,3,石神道,美浦 深山,逃げ,54.0,498,-12,0,0,1,2.8,4,69.0,37.5,3.0,2026-06-28,未勝利,0.0
9175,福島,1150,ダート,良,短い,フラット,4,スカット,2,牝,3,佐藤,美浦 堀内,先行,52.0,434,-12,0,0,6,11.7,5,69.1,37.5,6.0,2026-06-28,未勝利,0.0
9175,福島,1150,ダート,良,短い,フラット,2,リアアーテシアン,1,牝,3,高杉,美浦 武井,逃げ,55.0,414,-8,0,0,4,5.9,6,69.2,38.0,4.0,2026-06-28,未勝利,0.0
9175,福島,1150,ダート,良,短い,フラット,5,リバージュエル,3,牝,3,石橋脩,美浦 高柳瑞,先行,55.0,430,6,0,0,9,49.4,7,69.6,38.1,4.0,2026-06-28,未勝利,0.0
9175,福島,1150,ダート,良,短い,フラット,1,オレンジリバー,1,牝,3,菊沢,美浦 黒岩,先行,55.0,430,-2,0,0,7,30.1,8,70.3,38.4,7.0,2026-06-28,未勝利,0.0
9175,福島,1150,ダート,良,短い,フラット,12,ロジシーザ,6,牡,3,松岡,美浦 古賀慎,差し,57.0,484,-4,0,0,8,36.1,9,70.6,38.9,8.0,2026-06-28,未勝利,0.0
9175,福島,1150,ダート,良,短い,フラット,10,ハクサンレイホウ,5,牡,3,小林脩,美浦 武藤,差し,57.0,478,-8,0,0,14,358.2,10,70.6,38.1,10.0,2026-06-28,未勝利,0.0
9175,福島,1150,ダート,良,短い,フラット,8,ハクサンスオーノ,4,牡,3,上里,美浦 加藤士,追い込み,54.0,480,-8,0,0,10,127.3,11,71.1,38.5,13.0,2026-06-28,未勝利,0.0
9175,福島,1150,ダート,良,短い,フラット,15,アリアーネ,8,牝,3,菅原隆,美浦 鈴木慎,差し,55.0,458,-2,0,0,16,508.9,12,71.2,38.9,12.0,2026-06-28,未勝利,0.0
9175,福島,1150,ダート,良,短い,フラット,9,モリガン,5,牝,3,水沼,美浦 柄崎,追い込み,52.0,478,0,0,0,11,210.1,13,71.3,38.2,13.0,2026-06-28,未勝利,0.0
9175,福島,1150,ダート,良,短い,フラット,3,ペイシャラム,2,牝,3,石田,美浦 菊川,追い込み,52.0,462,0,0,0,12,217.0,14,71.4,37.4,16.0,2026-06-28,未勝利,0.0
9175,福島,1150,ダート,良,短い,フラット,14,ハミングディスト,7,牝,3,小崎,美浦 嘉藤,差し,55.0,478,0,0,0,13,347.0,15,72.5,40.4,10.0,2026-06-28,未勝利,0.0
9175,福島,1150,ダート,良,短い,フラット,13,カーニバルウェイ,7,牝,3,柴田大,美浦 清水英,追い込み,55.0,430,-8,0,0,15,430.9,16,72.5,39.9,13.0,2026-06-28,未勝利,0.0
